 
****************************************
Report : constraint
        -all_violators
Design : SPI_Wrapper
Version: K-2015.06
Date   : Wed Aug 19 03:47:15 2026
****************************************


   max_transition

                             Required        Actual
   Net                      Transition     Transition        Slack
   -----------------------------------------------------------------
   RAM/n2381 (dont_touch)       1.50           4.33          -2.83  (VIOLATED)
       PIN :   RAM/addr_internal_reg_0_/E
                                1.50           4.33          -2.83  (VIOLATED)
       PIN :   RAM/addr_internal_reg_1_/E
                                1.50           4.33          -2.83  (VIOLATED)
       PIN :   RAM/addr_internal_reg_4_/E
                                1.50           4.33          -2.83  (VIOLATED)
       PIN :   RAM/addr_internal_reg_7_/E
                                1.50           4.33          -2.83  (VIOLATED)
       PIN :   RAM/addr_internal_reg_6_/E
                                1.50           4.33          -2.83  (VIOLATED)
       PIN :   RAM/addr_internal_reg_5_/E
                                1.50           4.33          -2.83  (VIOLATED)
       PIN :   RAM/addr_internal_reg_2_/E
                                1.50           4.33          -2.83  (VIOLATED)
       PIN :   RAM/addr_internal_reg_3_/E
                                1.50           4.33          -2.83  (VIOLATED)
       PIN :   RAM/U4337/Y      1.50           4.33          -2.83  (VIOLATED)
   Func_rst (dont_touch)        1.50           2.60          -1.10  (VIOLATED)
       PIN :   RAM/tx_valid_reg/RN
                                1.50           2.60          -1.10  (VIOLATED)
       PIN :   RAM/dout_reg_7_/RN
                                1.50           2.60          -1.10  (VIOLATED)
       PIN :   RAM/dout_reg_6_/RN
                                1.50           2.60          -1.10  (VIOLATED)
       PIN :   RAM/dout_reg_5_/RN
                                1.50           2.60          -1.10  (VIOLATED)
       PIN :   RAM/dout_reg_4_/RN
                                1.50           2.60          -1.10  (VIOLATED)
       PIN :   RAM/dout_reg_3_/RN
                                1.50           2.60          -1.10  (VIOLATED)
       PIN :   RAM/dout_reg_2_/RN
                                1.50           2.60          -1.10  (VIOLATED)
       PIN :   RAM/dout_reg_1_/RN
                                1.50           2.60          -1.10  (VIOLATED)
       PIN :   RAM/dout_reg_0_/RN
                                1.50           2.60          -1.10  (VIOLATED)
       PIN :   RAM/U6830/A      1.50           2.60          -1.10  (VIOLATED)
       PIN :   RAM/U4426/C      1.50           2.60          -1.10  (VIOLATED)
       PIN :   U1/Y             1.50           2.60          -1.10  (VIOLATED)
       PIN :   SPI_slave/rx_counter_reg_2_/RN
                                1.50           2.60          -1.10  (VIOLATED)
       PIN :   SPI_slave/rx_counter_reg_1_/RN
                                1.50           2.60          -1.10  (VIOLATED)
       PIN :   SPI_slave/rx_counter_reg_0_/RN
                                1.50           2.60          -1.10  (VIOLATED)
       PIN :   SPI_slave/rx_counter_reg_3_/RN
                                1.50           2.60          -1.10  (VIOLATED)
       PIN :   SPI_slave/CS_reg_1_/RN
                                1.50           2.60          -1.10  (VIOLATED)
       PIN :   SPI_slave/CS_reg_0_/RN
                                1.50           2.60          -1.10  (VIOLATED)
   RAM/n2307 (dont_touch)       1.50           2.34          -0.84  (VIOLATED)
       PIN :   RAM/U3886/A      1.50           2.34          -0.84  (VIOLATED)
       PIN :   RAM/U3877/A      1.50           2.34          -0.84  (VIOLATED)
       PIN :   RAM/U3868/A      1.50           2.34          -0.84  (VIOLATED)
       PIN :   RAM/U3859/A      1.50           2.34          -0.84  (VIOLATED)
       PIN :   RAM/U3850/A      1.50           2.34          -0.84  (VIOLATED)
       PIN :   RAM/U3841/A      1.50           2.34          -0.84  (VIOLATED)
       PIN :   RAM/U3832/A      1.50           2.34          -0.84  (VIOLATED)
       PIN :   RAM/U3823/A      1.50           2.34          -0.84  (VIOLATED)
       PIN :   RAM/U3814/A      1.50           2.34          -0.84  (VIOLATED)
       PIN :   RAM/U3805/A      1.50           2.34          -0.84  (VIOLATED)
       PIN :   RAM/U3796/A      1.50           2.34          -0.84  (VIOLATED)
       PIN :   RAM/U3787/A      1.50           2.34          -0.84  (VIOLATED)
       PIN :   RAM/U3778/A      1.50           2.34          -0.84  (VIOLATED)
       PIN :   RAM/U3769/A      1.50           2.34          -0.84  (VIOLATED)
       PIN :   RAM/U3760/A      1.50           2.34          -0.84  (VIOLATED)
       PIN :   RAM/U3751/A      1.50           2.34          -0.84  (VIOLATED)
       PIN :   RAM/U3887/Y      1.50           2.34          -0.84  (VIOLATED)
   RAM/n2325 (dont_touch)       1.50           2.34          -0.84  (VIOLATED)
       PIN :   RAM/U4031/A      1.50           2.34          -0.84  (VIOLATED)
       PIN :   RAM/U4022/A      1.50           2.34          -0.84  (VIOLATED)
       PIN :   RAM/U4013/A      1.50           2.34          -0.84  (VIOLATED)
       PIN :   RAM/U4004/A      1.50           2.34          -0.84  (VIOLATED)
       PIN :   RAM/U3995/A      1.50           2.34          -0.84  (VIOLATED)
       PIN :   RAM/U3986/A      1.50           2.34          -0.84  (VIOLATED)
       PIN :   RAM/U3977/A      1.50           2.34          -0.84  (VIOLATED)
       PIN :   RAM/U3968/A      1.50           2.34          -0.84  (VIOLATED)
       PIN :   RAM/U3959/A      1.50           2.34          -0.84  (VIOLATED)
       PIN :   RAM/U3950/A      1.50           2.34          -0.84  (VIOLATED)
       PIN :   RAM/U3941/A      1.50           2.34          -0.84  (VIOLATED)
       PIN :   RAM/U3932/A      1.50           2.34          -0.84  (VIOLATED)
       PIN :   RAM/U3923/A      1.50           2.34          -0.84  (VIOLATED)
       PIN :   RAM/U3914/A      1.50           2.34          -0.84  (VIOLATED)
       PIN :   RAM/U3905/A      1.50           2.34          -0.84  (VIOLATED)
       PIN :   RAM/U3896/A      1.50           2.34          -0.84  (VIOLATED)
       PIN :   RAM/U4032/Y      1.50           2.34          -0.84  (VIOLATED)
   RAM/n2342 (dont_touch)       1.50           2.34          -0.84  (VIOLATED)
       PIN :   RAM/U4177/A      1.50           2.34          -0.84  (VIOLATED)
       PIN :   RAM/U4168/A      1.50           2.34          -0.84  (VIOLATED)
       PIN :   RAM/U4159/A      1.50           2.34          -0.84  (VIOLATED)
       PIN :   RAM/U4150/A      1.50           2.34          -0.84  (VIOLATED)
       PIN :   RAM/U4141/A      1.50           2.34          -0.84  (VIOLATED)
       PIN :   RAM/U4132/A      1.50           2.34          -0.84  (VIOLATED)
       PIN :   RAM/U4123/A      1.50           2.34          -0.84  (VIOLATED)
       PIN :   RAM/U4114/A      1.50           2.34          -0.84  (VIOLATED)
       PIN :   RAM/U4105/A      1.50           2.34          -0.84  (VIOLATED)
       PIN :   RAM/U4096/A      1.50           2.34          -0.84  (VIOLATED)
       PIN :   RAM/U4087/A      1.50           2.34          -0.84  (VIOLATED)
       PIN :   RAM/U4078/A      1.50           2.34          -0.84  (VIOLATED)
       PIN :   RAM/U4069/A      1.50           2.34          -0.84  (VIOLATED)
       PIN :   RAM/U4060/A      1.50           2.34          -0.84  (VIOLATED)
       PIN :   RAM/U4051/A      1.50           2.34          -0.84  (VIOLATED)
       PIN :   RAM/U4042/A      1.50           2.34          -0.84  (VIOLATED)
       PIN :   RAM/U4178/Y      1.50           2.34          -0.84  (VIOLATED)
   RAM/n2359 (dont_touch)       1.50           2.34          -0.84  (VIOLATED)
       PIN :   RAM/U4331/A      1.50           2.34          -0.84  (VIOLATED)
       PIN :   RAM/U4321/A      1.50           2.34          -0.84  (VIOLATED)
       PIN :   RAM/U4311/A      1.50           2.34          -0.84  (VIOLATED)
       PIN :   RAM/U4301/A      1.50           2.34          -0.84  (VIOLATED)
       PIN :   RAM/U4290/A      1.50           2.34          -0.84  (VIOLATED)
       PIN :   RAM/U4280/A      1.50           2.34          -0.84  (VIOLATED)
       PIN :   RAM/U4270/A      1.50           2.34          -0.84  (VIOLATED)
       PIN :   RAM/U4260/A      1.50           2.34          -0.84  (VIOLATED)
       PIN :   RAM/U4251/A      1.50           2.34          -0.84  (VIOLATED)
       PIN :   RAM/U4242/A      1.50           2.34          -0.84  (VIOLATED)
       PIN :   RAM/U4233/A      1.50           2.34          -0.84  (VIOLATED)
       PIN :   RAM/U4224/A      1.50           2.34          -0.84  (VIOLATED)
       PIN :   RAM/U4215/A      1.50           2.34          -0.84  (VIOLATED)
       PIN :   RAM/U4206/A      1.50           2.34          -0.84  (VIOLATED)
       PIN :   RAM/U4197/A      1.50           2.34          -0.84  (VIOLATED)
       PIN :   RAM/U4188/A      1.50           2.34          -0.84  (VIOLATED)
       PIN :   RAM/U4334/Y      1.50           2.34          -0.84  (VIOLATED)
   RAM/n2150 (dont_touch)       1.50           2.34          -0.84  (VIOLATED)
       PIN :   RAM/U2579/A      1.50           2.34          -0.84  (VIOLATED)
       PIN :   RAM/U2570/A      1.50           2.34          -0.84  (VIOLATED)
       PIN :   RAM/U2561/A      1.50           2.34          -0.84  (VIOLATED)
       PIN :   RAM/U2552/A      1.50           2.34          -0.84  (VIOLATED)
       PIN :   RAM/U2543/A      1.50           2.34          -0.84  (VIOLATED)
       PIN :   RAM/U2534/A      1.50           2.34          -0.84  (VIOLATED)
       PIN :   RAM/U2525/A      1.50           2.34          -0.84  (VIOLATED)
       PIN :   RAM/U2516/A      1.50           2.34          -0.84  (VIOLATED)
       PIN :   RAM/U2507/A      1.50           2.34          -0.84  (VIOLATED)
       PIN :   RAM/U2498/A      1.50           2.34          -0.84  (VIOLATED)
       PIN :   RAM/U2489/A      1.50           2.34          -0.84  (VIOLATED)
       PIN :   RAM/U2480/A      1.50           2.34          -0.84  (VIOLATED)
       PIN :   RAM/U2471/A      1.50           2.34          -0.84  (VIOLATED)
       PIN :   RAM/U2462/A      1.50           2.34          -0.84  (VIOLATED)
       PIN :   RAM/U2453/A      1.50           2.34          -0.84  (VIOLATED)
       PIN :   RAM/U2444/A      1.50           2.34          -0.84  (VIOLATED)
       PIN :   RAM/U2580/Y      1.50           2.34          -0.84  (VIOLATED)
   RAM/n2132 (dont_touch)       1.50           2.34          -0.84  (VIOLATED)
       PIN :   RAM/U2434/A      1.50           2.34          -0.84  (VIOLATED)
       PIN :   RAM/U2425/A      1.50           2.34          -0.84  (VIOLATED)
       PIN :   RAM/U2416/A      1.50           2.34          -0.84  (VIOLATED)
       PIN :   RAM/U2407/A      1.50           2.34          -0.84  (VIOLATED)
       PIN :   RAM/U2398/A      1.50           2.34          -0.84  (VIOLATED)
       PIN :   RAM/U2389/A      1.50           2.34          -0.84  (VIOLATED)
       PIN :   RAM/U2380/A      1.50           2.34          -0.84  (VIOLATED)
       PIN :   RAM/U2371/A      1.50           2.34          -0.84  (VIOLATED)
       PIN :   RAM/U2362/A      1.50           2.34          -0.84  (VIOLATED)
       PIN :   RAM/U2353/A      1.50           2.34          -0.84  (VIOLATED)
       PIN :   RAM/U2344/A      1.50           2.34          -0.84  (VIOLATED)
       PIN :   RAM/U2335/A      1.50           2.34          -0.84  (VIOLATED)
       PIN :   RAM/U2326/A      1.50           2.34          -0.84  (VIOLATED)
       PIN :   RAM/U2317/A      1.50           2.34          -0.84  (VIOLATED)
       PIN :   RAM/U2308/A      1.50           2.34          -0.84  (VIOLATED)
       PIN :   RAM/U2299/A      1.50           2.34          -0.84  (VIOLATED)
       PIN :   RAM/U2435/Y      1.50           2.34          -0.84  (VIOLATED)
   RAM/n2238 (dont_touch)       1.50           2.34          -0.84  (VIOLATED)
       PIN :   RAM/U3305/A      1.50           2.34          -0.84  (VIOLATED)
       PIN :   RAM/U3296/A      1.50           2.34          -0.84  (VIOLATED)
       PIN :   RAM/U3287/A      1.50           2.34          -0.84  (VIOLATED)
       PIN :   RAM/U3278/A      1.50           2.34          -0.84  (VIOLATED)
       PIN :   RAM/U3269/A      1.50           2.34          -0.84  (VIOLATED)
       PIN :   RAM/U3260/A      1.50           2.34          -0.84  (VIOLATED)
       PIN :   RAM/U3251/A      1.50           2.34          -0.84  (VIOLATED)
       PIN :   RAM/U3242/A      1.50           2.34          -0.84  (VIOLATED)
       PIN :   RAM/U3233/A      1.50           2.34          -0.84  (VIOLATED)
       PIN :   RAM/U3224/A      1.50           2.34          -0.84  (VIOLATED)
       PIN :   RAM/U3215/A      1.50           2.34          -0.84  (VIOLATED)
       PIN :   RAM/U3206/A      1.50           2.34          -0.84  (VIOLATED)
       PIN :   RAM/U3197/A      1.50           2.34          -0.84  (VIOLATED)
       PIN :   RAM/U3188/A      1.50           2.34          -0.84  (VIOLATED)
       PIN :   RAM/U3179/A      1.50           2.34          -0.84  (VIOLATED)
       PIN :   RAM/U3170/A      1.50           2.34          -0.84  (VIOLATED)
       PIN :   RAM/U3306/Y      1.50           2.34          -0.84  (VIOLATED)
   RAM/n2256 (dont_touch)       1.50           2.34          -0.84  (VIOLATED)
       PIN :   RAM/U3450/A      1.50           2.34          -0.84  (VIOLATED)
       PIN :   RAM/U3441/A      1.50           2.34          -0.84  (VIOLATED)
       PIN :   RAM/U3432/A      1.50           2.34          -0.84  (VIOLATED)
       PIN :   RAM/U3423/A      1.50           2.34          -0.84  (VIOLATED)
       PIN :   RAM/U3414/A      1.50           2.34          -0.84  (VIOLATED)
       PIN :   RAM/U3405/A      1.50           2.34          -0.84  (VIOLATED)
       PIN :   RAM/U3396/A      1.50           2.34          -0.84  (VIOLATED)
       PIN :   RAM/U3387/A      1.50           2.34          -0.84  (VIOLATED)
       PIN :   RAM/U3378/A      1.50           2.34          -0.84  (VIOLATED)
       PIN :   RAM/U3369/A      1.50           2.34          -0.84  (VIOLATED)
       PIN :   RAM/U3360/A      1.50           2.34          -0.84  (VIOLATED)
       PIN :   RAM/U3351/A      1.50           2.34          -0.84  (VIOLATED)
       PIN :   RAM/U3342/A      1.50           2.34          -0.84  (VIOLATED)
       PIN :   RAM/U3333/A      1.50           2.34          -0.84  (VIOLATED)
       PIN :   RAM/U3324/A      1.50           2.34          -0.84  (VIOLATED)
       PIN :   RAM/U3315/A      1.50           2.34          -0.84  (VIOLATED)
       PIN :   RAM/U3451/Y      1.50           2.34          -0.84  (VIOLATED)
   RAM/n2273 (dont_touch)       1.50           2.34          -0.84  (VIOLATED)
       PIN :   RAM/U3595/A      1.50           2.34          -0.84  (VIOLATED)
       PIN :   RAM/U3586/A      1.50           2.34          -0.84  (VIOLATED)
       PIN :   RAM/U3577/A      1.50           2.34          -0.84  (VIOLATED)
       PIN :   RAM/U3568/A      1.50           2.34          -0.84  (VIOLATED)
       PIN :   RAM/U3559/A      1.50           2.34          -0.84  (VIOLATED)
       PIN :   RAM/U3550/A      1.50           2.34          -0.84  (VIOLATED)
       PIN :   RAM/U3541/A      1.50           2.34          -0.84  (VIOLATED)
       PIN :   RAM/U3532/A      1.50           2.34          -0.84  (VIOLATED)
       PIN :   RAM/U3523/A      1.50           2.34          -0.84  (VIOLATED)
       PIN :   RAM/U3514/A      1.50           2.34          -0.84  (VIOLATED)
       PIN :   RAM/U3505/A      1.50           2.34          -0.84  (VIOLATED)
       PIN :   RAM/U3496/A      1.50           2.34          -0.84  (VIOLATED)
       PIN :   RAM/U3487/A      1.50           2.34          -0.84  (VIOLATED)
       PIN :   RAM/U3478/A      1.50           2.34          -0.84  (VIOLATED)
       PIN :   RAM/U3469/A      1.50           2.34          -0.84  (VIOLATED)
       PIN :   RAM/U3460/A      1.50           2.34          -0.84  (VIOLATED)
       PIN :   RAM/U3596/Y      1.50           2.34          -0.84  (VIOLATED)
   RAM/n2290 (dont_touch)       1.50           2.34          -0.84  (VIOLATED)
       PIN :   RAM/U3740/A      1.50           2.34          -0.84  (VIOLATED)
       PIN :   RAM/U3731/A      1.50           2.34          -0.84  (VIOLATED)
       PIN :   RAM/U3722/A      1.50           2.34          -0.84  (VIOLATED)
       PIN :   RAM/U3713/A      1.50           2.34          -0.84  (VIOLATED)
       PIN :   RAM/U3704/A      1.50           2.34          -0.84  (VIOLATED)
       PIN :   RAM/U3695/A      1.50           2.34          -0.84  (VIOLATED)
       PIN :   RAM/U3686/A      1.50           2.34          -0.84  (VIOLATED)
       PIN :   RAM/U3677/A      1.50           2.34          -0.84  (VIOLATED)
       PIN :   RAM/U3668/A      1.50           2.34          -0.84  (VIOLATED)
       PIN :   RAM/U3659/A      1.50           2.34          -0.84  (VIOLATED)
       PIN :   RAM/U3650/A      1.50           2.34          -0.84  (VIOLATED)
       PIN :   RAM/U3641/A      1.50           2.34          -0.84  (VIOLATED)
       PIN :   RAM/U3632/A      1.50           2.34          -0.84  (VIOLATED)
       PIN :   RAM/U3623/A      1.50           2.34          -0.84  (VIOLATED)
       PIN :   RAM/U3614/A      1.50           2.34          -0.84  (VIOLATED)
       PIN :   RAM/U3605/A      1.50           2.34          -0.84  (VIOLATED)
       PIN :   RAM/U3741/Y      1.50           2.34          -0.84  (VIOLATED)
   RAM/n2168 (dont_touch)       1.50           2.34          -0.84  (VIOLATED)
       PIN :   RAM/U2724/A      1.50           2.34          -0.84  (VIOLATED)
       PIN :   RAM/U2715/A      1.50           2.34          -0.84  (VIOLATED)
       PIN :   RAM/U2706/A      1.50           2.34          -0.84  (VIOLATED)
       PIN :   RAM/U2697/A      1.50           2.34          -0.84  (VIOLATED)
       PIN :   RAM/U2688/A      1.50           2.34          -0.84  (VIOLATED)
       PIN :   RAM/U2679/A      1.50           2.34          -0.84  (VIOLATED)
       PIN :   RAM/U2670/A      1.50           2.34          -0.84  (VIOLATED)
       PIN :   RAM/U2661/A      1.50           2.34          -0.84  (VIOLATED)
       PIN :   RAM/U2652/A      1.50           2.34          -0.84  (VIOLATED)
       PIN :   RAM/U2643/A      1.50           2.34          -0.84  (VIOLATED)
       PIN :   RAM/U2634/A      1.50           2.34          -0.84  (VIOLATED)
       PIN :   RAM/U2625/A      1.50           2.34          -0.84  (VIOLATED)
       PIN :   RAM/U2616/A      1.50           2.34          -0.84  (VIOLATED)
       PIN :   RAM/U2607/A      1.50           2.34          -0.84  (VIOLATED)
       PIN :   RAM/U2598/A      1.50           2.34          -0.84  (VIOLATED)
       PIN :   RAM/U2589/A      1.50           2.34          -0.84  (VIOLATED)
       PIN :   RAM/U2725/Y      1.50           2.34          -0.84  (VIOLATED)
   RAM/n2187 (dont_touch)       1.50           2.34          -0.84  (VIOLATED)
       PIN :   RAM/U2869/A      1.50           2.34          -0.84  (VIOLATED)
       PIN :   RAM/U2860/A      1.50           2.34          -0.84  (VIOLATED)
       PIN :   RAM/U2851/A      1.50           2.34          -0.84  (VIOLATED)
       PIN :   RAM/U2842/A      1.50           2.34          -0.84  (VIOLATED)
       PIN :   RAM/U2833/A      1.50           2.34          -0.84  (VIOLATED)
       PIN :   RAM/U2824/A      1.50           2.34          -0.84  (VIOLATED)
       PIN :   RAM/U2815/A      1.50           2.34          -0.84  (VIOLATED)
       PIN :   RAM/U2806/A      1.50           2.34          -0.84  (VIOLATED)
       PIN :   RAM/U2797/A      1.50           2.34          -0.84  (VIOLATED)
       PIN :   RAM/U2788/A      1.50           2.34          -0.84  (VIOLATED)
       PIN :   RAM/U2779/A      1.50           2.34          -0.84  (VIOLATED)
       PIN :   RAM/U2770/A      1.50           2.34          -0.84  (VIOLATED)
       PIN :   RAM/U2761/A      1.50           2.34          -0.84  (VIOLATED)
       PIN :   RAM/U2752/A      1.50           2.34          -0.84  (VIOLATED)
       PIN :   RAM/U2743/A      1.50           2.34          -0.84  (VIOLATED)
       PIN :   RAM/U2734/A      1.50           2.34          -0.84  (VIOLATED)
       PIN :   RAM/U2870/Y      1.50           2.34          -0.84  (VIOLATED)
   RAM/n2204 (dont_touch)       1.50           2.34          -0.84  (VIOLATED)
       PIN :   RAM/U3014/A      1.50           2.34          -0.84  (VIOLATED)
       PIN :   RAM/U3005/A      1.50           2.34          -0.84  (VIOLATED)
       PIN :   RAM/U2996/A      1.50           2.34          -0.84  (VIOLATED)
       PIN :   RAM/U2987/A      1.50           2.34          -0.84  (VIOLATED)
       PIN :   RAM/U2978/A      1.50           2.34          -0.84  (VIOLATED)
       PIN :   RAM/U2969/A      1.50           2.34          -0.84  (VIOLATED)
       PIN :   RAM/U2960/A      1.50           2.34          -0.84  (VIOLATED)
       PIN :   RAM/U2951/A      1.50           2.34          -0.84  (VIOLATED)
       PIN :   RAM/U2942/A      1.50           2.34          -0.84  (VIOLATED)
       PIN :   RAM/U2933/A      1.50           2.34          -0.84  (VIOLATED)
       PIN :   RAM/U2924/A      1.50           2.34          -0.84  (VIOLATED)
       PIN :   RAM/U2915/A      1.50           2.34          -0.84  (VIOLATED)
       PIN :   RAM/U2906/A      1.50           2.34          -0.84  (VIOLATED)
       PIN :   RAM/U2897/A      1.50           2.34          -0.84  (VIOLATED)
       PIN :   RAM/U2888/A      1.50           2.34          -0.84  (VIOLATED)
       PIN :   RAM/U2879/A      1.50           2.34          -0.84  (VIOLATED)
       PIN :   RAM/U3015/Y      1.50           2.34          -0.84  (VIOLATED)
   RAM/n2221 (dont_touch)       1.50           2.34          -0.84  (VIOLATED)
       PIN :   RAM/U3159/A      1.50           2.34          -0.84  (VIOLATED)
       PIN :   RAM/U3150/A      1.50           2.34          -0.84  (VIOLATED)
       PIN :   RAM/U3141/A      1.50           2.34          -0.84  (VIOLATED)
       PIN :   RAM/U3132/A      1.50           2.34          -0.84  (VIOLATED)
       PIN :   RAM/U3123/A      1.50           2.34          -0.84  (VIOLATED)
       PIN :   RAM/U3114/A      1.50           2.34          -0.84  (VIOLATED)
       PIN :   RAM/U3105/A      1.50           2.34          -0.84  (VIOLATED)
       PIN :   RAM/U3096/A      1.50           2.34          -0.84  (VIOLATED)
       PIN :   RAM/U3087/A      1.50           2.34          -0.84  (VIOLATED)
       PIN :   RAM/U3078/A      1.50           2.34          -0.84  (VIOLATED)
       PIN :   RAM/U3069/A      1.50           2.34          -0.84  (VIOLATED)
       PIN :   RAM/U3060/A      1.50           2.34          -0.84  (VIOLATED)
       PIN :   RAM/U3051/A      1.50           2.34          -0.84  (VIOLATED)
       PIN :   RAM/U3042/A      1.50           2.34          -0.84  (VIOLATED)
       PIN :   RAM/U3033/A      1.50           2.34          -0.84  (VIOLATED)
       PIN :   RAM/U3024/A      1.50           2.34          -0.84  (VIOLATED)
       PIN :   RAM/U3160/Y      1.50           2.34          -0.84  (VIOLATED)
   RAM/n2105 (dont_touch)       1.50           2.34          -0.84  (VIOLATED)
       PIN :   RAM/U2289/A      1.50           2.34          -0.84  (VIOLATED)
       PIN :   RAM/U2280/A      1.50           2.34          -0.84  (VIOLATED)
       PIN :   RAM/U2271/A      1.50           2.34          -0.84  (VIOLATED)
       PIN :   RAM/U2262/A      1.50           2.34          -0.84  (VIOLATED)
       PIN :   RAM/U2253/A      1.50           2.34          -0.84  (VIOLATED)
       PIN :   RAM/U2244/A      1.50           2.34          -0.84  (VIOLATED)
       PIN :   RAM/U2235/A      1.50           2.34          -0.84  (VIOLATED)
       PIN :   RAM/U2226/A      1.50           2.34          -0.84  (VIOLATED)
       PIN :   RAM/U2217/A      1.50           2.34          -0.84  (VIOLATED)
       PIN :   RAM/U2208/B      1.50           2.34          -0.84  (VIOLATED)
       PIN :   RAM/U2199/B      1.50           2.34          -0.84  (VIOLATED)
       PIN :   RAM/U2190/B      1.50           2.34          -0.84  (VIOLATED)
       PIN :   RAM/U2181/B      1.50           2.34          -0.84  (VIOLATED)
       PIN :   RAM/U2172/B      1.50           2.34          -0.84  (VIOLATED)
       PIN :   RAM/U2163/B      1.50           2.34          -0.84  (VIOLATED)
       PIN :   RAM/U2154/B      1.50           2.34          -0.84  (VIOLATED)
       PIN :   RAM/U2290/Y      1.50           2.34          -0.84  (VIOLATED)
   RAM/n2088 (dont_touch)       1.50           2.33          -0.83  (VIOLATED)
       PIN :   RAM/U4424/B      1.50           2.33          -0.83  (VIOLATED)
       PIN :   RAM/U4419/B      1.50           2.33          -0.83  (VIOLATED)
       PIN :   RAM/U4408/B      1.50           2.33          -0.83  (VIOLATED)
       PIN :   RAM/U4397/B      1.50           2.33          -0.83  (VIOLATED)
       PIN :   RAM/U4386/B      1.50           2.33          -0.83  (VIOLATED)
       PIN :   RAM/U4376/B      1.50           2.33          -0.83  (VIOLATED)
       PIN :   RAM/U4366/B      1.50           2.33          -0.83  (VIOLATED)
       PIN :   RAM/U4356/B      1.50           2.33          -0.83  (VIOLATED)
       PIN :   RAM/U2145/B      1.50           2.33          -0.83  (VIOLATED)
       PIN :   RAM/U2136/B      1.50           2.33          -0.83  (VIOLATED)
       PIN :   RAM/U2127/B      1.50           2.33          -0.83  (VIOLATED)
       PIN :   RAM/U2118/B      1.50           2.33          -0.83  (VIOLATED)
       PIN :   RAM/U2109/B      1.50           2.33          -0.83  (VIOLATED)
       PIN :   RAM/U2100/B      1.50           2.33          -0.83  (VIOLATED)
       PIN :   RAM/U2091/B      1.50           2.33          -0.83  (VIOLATED)
       PIN :   RAM/U2082/B      1.50           2.33          -0.83  (VIOLATED)
       PIN :   RAM/U4425/Y      1.50           2.33          -0.83  (VIOLATED)

   -----------------------------------------------------------------
   Total                      18                -17.32  

   max_capacitance

                             Required        Actual
   Net                      Capacitance    Capacitance       Slack
   -----------------------------------------------------------------
   MISO                         3.69          75.03         -71.34  (VIOLATED)
   Func_rst (dont_touch)        0.37           0.54          -0.17  (VIOLATED)
   RAM/n2132 (dont_touch)       0.55           0.70          -0.15  (VIOLATED)
   RAM/n2150 (dont_touch)       0.55           0.70          -0.15  (VIOLATED)
   RAM/n2168 (dont_touch)       0.55           0.70          -0.15  (VIOLATED)
   RAM/n2187 (dont_touch)       0.55           0.70          -0.15  (VIOLATED)
   RAM/n2204 (dont_touch)       0.55           0.70          -0.15  (VIOLATED)
   RAM/n2221 (dont_touch)       0.55           0.70          -0.15  (VIOLATED)
   RAM/n2238 (dont_touch)       0.55           0.70          -0.15  (VIOLATED)
   RAM/n2256 (dont_touch)       0.55           0.70          -0.15  (VIOLATED)
   RAM/n2273 (dont_touch)       0.55           0.70          -0.15  (VIOLATED)
   RAM/n2290 (dont_touch)       0.55           0.70          -0.15  (VIOLATED)
   RAM/n2307 (dont_touch)       0.55           0.70          -0.15  (VIOLATED)
   RAM/n2325 (dont_touch)       0.55           0.70          -0.15  (VIOLATED)
   RAM/n2342 (dont_touch)       0.55           0.70          -0.15  (VIOLATED)
   RAM/n2359 (dont_touch)       0.55           0.70          -0.15  (VIOLATED)
   RAM/n2105 (dont_touch)       0.55           0.70          -0.15  (VIOLATED)
   RAM/n2088 (dont_touch)       0.55           0.70          -0.15  (VIOLATED)
   SPI_slave/CS[1]              0.09           0.10          -0.01  (VIOLATED)
   SPI_slave/rx_counter[3]      0.09           0.10          -0.01  (VIOLATED)
   SPI_slave/n26                0.09           0.10           0.00  (VIOLATED: increase significant digits)
   SPI_slave/n27                0.09           0.10           0.00  (VIOLATED: increase significant digits)
   RAM/mem_255__7_              0.09           0.09           0.00  (VIOLATED: increase significant digits)
   RAM/mem_3__0_                0.09           0.09           0.00  (VIOLATED: increase significant digits)
   RAM/mem_3__1_                0.09           0.09           0.00  (VIOLATED: increase significant digits)
   RAM/mem_3__2_                0.09           0.09           0.00  (VIOLATED: increase significant digits)
   RAM/mem_3__3_                0.09           0.09           0.00  (VIOLATED: increase significant digits)
   RAM/mem_3__4_                0.09           0.09           0.00  (VIOLATED: increase significant digits)
   RAM/mem_3__5_                0.09           0.09           0.00  (VIOLATED: increase significant digits)
   RAM/mem_3__6_                0.09           0.09           0.00  (VIOLATED: increase significant digits)
   RAM/mem_3__7_                0.09           0.09           0.00  (VIOLATED: increase significant digits)
   RAM/mem_7__0_                0.09           0.09           0.00  (VIOLATED: increase significant digits)
   RAM/mem_7__1_                0.09           0.09           0.00  (VIOLATED: increase significant digits)
   RAM/mem_7__2_                0.09           0.09           0.00  (VIOLATED: increase significant digits)
   RAM/mem_7__3_                0.09           0.09           0.00  (VIOLATED: increase significant digits)
   RAM/mem_7__4_                0.09           0.09           0.00  (VIOLATED: increase significant digits)
   RAM/mem_7__5_                0.09           0.09           0.00  (VIOLATED: increase significant digits)
   RAM/mem_7__6_                0.09           0.09           0.00  (VIOLATED: increase significant digits)
   RAM/mem_7__7_                0.09           0.09           0.00  (VIOLATED: increase significant digits)
   RAM/mem_11__0_               0.09           0.09           0.00  (VIOLATED: increase significant digits)
   RAM/mem_11__1_               0.09           0.09           0.00  (VIOLATED: increase significant digits)
   RAM/mem_11__2_               0.09           0.09           0.00  (VIOLATED: increase significant digits)
   RAM/mem_11__3_               0.09           0.09           0.00  (VIOLATED: increase significant digits)
   RAM/mem_11__4_               0.09           0.09           0.00  (VIOLATED: increase significant digits)
   RAM/mem_11__5_               0.09           0.09           0.00  (VIOLATED: increase significant digits)
   RAM/mem_11__6_               0.09           0.09           0.00  (VIOLATED: increase significant digits)
   RAM/mem_11__7_               0.09           0.09           0.00  (VIOLATED: increase significant digits)
   RAM/mem_15__0_               0.09           0.09           0.00  (VIOLATED: increase significant digits)
   RAM/mem_15__1_               0.09           0.09           0.00  (VIOLATED: increase significant digits)
   RAM/mem_15__2_               0.09           0.09           0.00  (VIOLATED: increase significant digits)
   RAM/mem_15__3_               0.09           0.09           0.00  (VIOLATED: increase significant digits)
   RAM/mem_15__4_               0.09           0.09           0.00  (VIOLATED: increase significant digits)
   RAM/mem_15__5_               0.09           0.09           0.00  (VIOLATED: increase significant digits)
   RAM/mem_15__6_               0.09           0.09           0.00  (VIOLATED: increase significant digits)
   RAM/mem_15__7_               0.09           0.09           0.00  (VIOLATED: increase significant digits)
   RAM/mem_19__0_               0.09           0.09           0.00  (VIOLATED: increase significant digits)
   RAM/mem_19__1_               0.09           0.09           0.00  (VIOLATED: increase significant digits)
   RAM/mem_19__2_               0.09           0.09           0.00  (VIOLATED: increase significant digits)
   RAM/mem_19__3_               0.09           0.09           0.00  (VIOLATED: increase significant digits)
   RAM/mem_19__4_               0.09           0.09           0.00  (VIOLATED: increase significant digits)
   RAM/mem_19__5_               0.09           0.09           0.00  (VIOLATED: increase significant digits)
   RAM/mem_19__6_               0.09           0.09           0.00  (VIOLATED: increase significant digits)
   RAM/mem_19__7_               0.09           0.09           0.00  (VIOLATED: increase significant digits)
   RAM/mem_23__0_               0.09           0.09           0.00  (VIOLATED: increase significant digits)
   RAM/mem_23__1_               0.09           0.09           0.00  (VIOLATED: increase significant digits)
   RAM/mem_23__2_               0.09           0.09           0.00  (VIOLATED: increase significant digits)
   RAM/mem_23__3_               0.09           0.09           0.00  (VIOLATED: increase significant digits)
   RAM/mem_23__4_               0.09           0.09           0.00  (VIOLATED: increase significant digits)
   RAM/mem_23__5_               0.09           0.09           0.00  (VIOLATED: increase significant digits)
   RAM/mem_23__6_               0.09           0.09           0.00  (VIOLATED: increase significant digits)
   RAM/mem_23__7_               0.09           0.09           0.00  (VIOLATED: increase significant digits)
   RAM/mem_27__0_               0.09           0.09           0.00  (VIOLATED: increase significant digits)
   RAM/mem_27__1_               0.09           0.09           0.00  (VIOLATED: increase significant digits)
   RAM/mem_27__2_               0.09           0.09           0.00  (VIOLATED: increase significant digits)
   RAM/mem_27__3_               0.09           0.09           0.00  (VIOLATED: increase significant digits)
   RAM/mem_27__4_               0.09           0.09           0.00  (VIOLATED: increase significant digits)
   RAM/mem_27__5_               0.09           0.09           0.00  (VIOLATED: increase significant digits)
   RAM/mem_27__6_               0.09           0.09           0.00  (VIOLATED: increase significant digits)
   RAM/mem_27__7_               0.09           0.09           0.00  (VIOLATED: increase significant digits)
   RAM/mem_31__0_               0.09           0.09           0.00  (VIOLATED: increase significant digits)
   RAM/mem_31__1_               0.09           0.09           0.00  (VIOLATED: increase significant digits)
   RAM/mem_31__2_               0.09           0.09           0.00  (VIOLATED: increase significant digits)
   RAM/mem_31__3_               0.09           0.09           0.00  (VIOLATED: increase significant digits)
   RAM/mem_31__4_               0.09           0.09           0.00  (VIOLATED: increase significant digits)
   RAM/mem_31__5_               0.09           0.09           0.00  (VIOLATED: increase significant digits)
   RAM/mem_31__6_               0.09           0.09           0.00  (VIOLATED: increase significant digits)
   RAM/mem_31__7_               0.09           0.09           0.00  (VIOLATED: increase significant digits)
   RAM/mem_35__1_               0.09           0.09           0.00  (VIOLATED: increase significant digits)
   RAM/mem_35__2_               0.09           0.09           0.00  (VIOLATED: increase significant digits)
   RAM/mem_35__3_               0.09           0.09           0.00  (VIOLATED: increase significant digits)
   RAM/mem_35__4_               0.09           0.09           0.00  (VIOLATED: increase significant digits)
   RAM/mem_35__5_               0.09           0.09           0.00  (VIOLATED: increase significant digits)
   RAM/mem_35__6_               0.09           0.09           0.00  (VIOLATED: increase significant digits)
   RAM/mem_35__7_               0.09           0.09           0.00  (VIOLATED: increase significant digits)
   RAM/mem_39__0_               0.09           0.09           0.00  (VIOLATED: increase significant digits)
   RAM/mem_39__1_               0.09           0.09           0.00  (VIOLATED: increase significant digits)
   RAM/mem_39__2_               0.09           0.09           0.00  (VIOLATED: increase significant digits)
   RAM/mem_39__3_               0.09           0.09           0.00  (VIOLATED: increase significant digits)
   RAM/mem_39__4_               0.09           0.09           0.00  (VIOLATED: increase significant digits)
   RAM/mem_39__5_               0.09           0.09           0.00  (VIOLATED: increase significant digits)
   RAM/mem_39__6_               0.09           0.09           0.00  (VIOLATED: increase significant digits)
   RAM/mem_39__7_               0.09           0.09           0.00  (VIOLATED: increase significant digits)
   RAM/mem_43__0_               0.09           0.09           0.00  (VIOLATED: increase significant digits)
   RAM/mem_43__1_               0.09           0.09           0.00  (VIOLATED: increase significant digits)
   RAM/mem_43__2_               0.09           0.09           0.00  (VIOLATED: increase significant digits)
   RAM/mem_43__3_               0.09           0.09           0.00  (VIOLATED: increase significant digits)
   RAM/mem_43__4_               0.09           0.09           0.00  (VIOLATED: increase significant digits)
   RAM/mem_43__5_               0.09           0.09           0.00  (VIOLATED: increase significant digits)
   RAM/mem_43__6_               0.09           0.09           0.00  (VIOLATED: increase significant digits)
   RAM/mem_43__7_               0.09           0.09           0.00  (VIOLATED: increase significant digits)
   RAM/mem_47__0_               0.09           0.09           0.00  (VIOLATED: increase significant digits)
   RAM/mem_47__1_               0.09           0.09           0.00  (VIOLATED: increase significant digits)
   RAM/mem_47__2_               0.09           0.09           0.00  (VIOLATED: increase significant digits)
   RAM/mem_47__4_               0.09           0.09           0.00  (VIOLATED: increase significant digits)
   RAM/mem_47__5_               0.09           0.09           0.00  (VIOLATED: increase significant digits)
   RAM/mem_47__6_               0.09           0.09           0.00  (VIOLATED: increase significant digits)
   RAM/mem_47__7_               0.09           0.09           0.00  (VIOLATED: increase significant digits)
   RAM/mem_51__0_               0.09           0.09           0.00  (VIOLATED: increase significant digits)
   RAM/mem_51__1_               0.09           0.09           0.00  (VIOLATED: increase significant digits)
   RAM/mem_51__2_               0.09           0.09           0.00  (VIOLATED: increase significant digits)
   RAM/mem_51__3_               0.09           0.09           0.00  (VIOLATED: increase significant digits)
   RAM/mem_51__4_               0.09           0.09           0.00  (VIOLATED: increase significant digits)
   RAM/mem_51__5_               0.09           0.09           0.00  (VIOLATED: increase significant digits)
   RAM/mem_51__6_               0.09           0.09           0.00  (VIOLATED: increase significant digits)
   RAM/mem_51__7_               0.09           0.09           0.00  (VIOLATED: increase significant digits)
   RAM/mem_55__0_               0.09           0.09           0.00  (VIOLATED: increase significant digits)
   RAM/mem_55__1_               0.09           0.09           0.00  (VIOLATED: increase significant digits)
   RAM/mem_55__2_               0.09           0.09           0.00  (VIOLATED: increase significant digits)
   RAM/mem_55__3_               0.09           0.09           0.00  (VIOLATED: increase significant digits)
   RAM/mem_55__4_               0.09           0.09           0.00  (VIOLATED: increase significant digits)
   RAM/mem_55__5_               0.09           0.09           0.00  (VIOLATED: increase significant digits)
   RAM/mem_55__6_               0.09           0.09           0.00  (VIOLATED: increase significant digits)
   RAM/mem_55__7_               0.09           0.09           0.00  (VIOLATED: increase significant digits)
   RAM/mem_59__0_               0.09           0.09           0.00  (VIOLATED: increase significant digits)
   RAM/mem_59__1_               0.09           0.09           0.00  (VIOLATED: increase significant digits)
   RAM/mem_59__2_               0.09           0.09           0.00  (VIOLATED: increase significant digits)
   RAM/mem_59__3_               0.09           0.09           0.00  (VIOLATED: increase significant digits)
   RAM/mem_59__4_               0.09           0.09           0.00  (VIOLATED: increase significant digits)
   RAM/mem_59__5_               0.09           0.09           0.00  (VIOLATED: increase significant digits)
   RAM/mem_59__7_               0.09           0.09           0.00  (VIOLATED: increase significant digits)
   RAM/mem_63__0_               0.09           0.09           0.00  (VIOLATED: increase significant digits)
   RAM/mem_63__1_               0.09           0.09           0.00  (VIOLATED: increase significant digits)
   RAM/mem_63__2_               0.09           0.09           0.00  (VIOLATED: increase significant digits)
   RAM/mem_63__3_               0.09           0.09           0.00  (VIOLATED: increase significant digits)
   RAM/mem_63__4_               0.09           0.09           0.00  (VIOLATED: increase significant digits)
   RAM/mem_63__5_               0.09           0.09           0.00  (VIOLATED: increase significant digits)
   RAM/mem_63__6_               0.09           0.09           0.00  (VIOLATED: increase significant digits)
   RAM/mem_63__7_               0.09           0.09           0.00  (VIOLATED: increase significant digits)
   RAM/mem_67__0_               0.09           0.09           0.00  (VIOLATED: increase significant digits)
   RAM/mem_67__1_               0.09           0.09           0.00  (VIOLATED: increase significant digits)
   RAM/mem_67__2_               0.09           0.09           0.00  (VIOLATED: increase significant digits)
   RAM/mem_67__3_               0.09           0.09           0.00  (VIOLATED: increase significant digits)
   RAM/mem_67__4_               0.09           0.09           0.00  (VIOLATED: increase significant digits)
   RAM/mem_67__5_               0.09           0.09           0.00  (VIOLATED: increase significant digits)
   RAM/mem_67__6_               0.09           0.09           0.00  (VIOLATED: increase significant digits)
   RAM/mem_67__7_               0.09           0.09           0.00  (VIOLATED: increase significant digits)
   RAM/mem_71__0_               0.09           0.09           0.00  (VIOLATED: increase significant digits)
   RAM/mem_71__1_               0.09           0.09           0.00  (VIOLATED: increase significant digits)
   RAM/mem_71__2_               0.09           0.09           0.00  (VIOLATED: increase significant digits)
   RAM/mem_71__3_               0.09           0.09           0.00  (VIOLATED: increase significant digits)
   RAM/mem_71__4_               0.09           0.09           0.00  (VIOLATED: increase significant digits)
   RAM/mem_71__5_               0.09           0.09           0.00  (VIOLATED: increase significant digits)
   RAM/mem_71__6_               0.09           0.09           0.00  (VIOLATED: increase significant digits)
   RAM/mem_71__7_               0.09           0.09           0.00  (VIOLATED: increase significant digits)
   RAM/mem_75__0_               0.09           0.09           0.00  (VIOLATED: increase significant digits)
   RAM/mem_75__1_               0.09           0.09           0.00  (VIOLATED: increase significant digits)
   RAM/mem_75__2_               0.09           0.09           0.00  (VIOLATED: increase significant digits)
   RAM/mem_75__3_               0.09           0.09           0.00  (VIOLATED: increase significant digits)
   RAM/mem_75__4_               0.09           0.09           0.00  (VIOLATED: increase significant digits)
   RAM/mem_75__5_               0.09           0.09           0.00  (VIOLATED: increase significant digits)
   RAM/mem_75__6_               0.09           0.09           0.00  (VIOLATED: increase significant digits)
   RAM/mem_75__7_               0.09           0.09           0.00  (VIOLATED: increase significant digits)
   RAM/mem_79__0_               0.09           0.09           0.00  (VIOLATED: increase significant digits)
   RAM/mem_79__1_               0.09           0.09           0.00  (VIOLATED: increase significant digits)
   RAM/mem_79__2_               0.09           0.09           0.00  (VIOLATED: increase significant digits)
   RAM/mem_79__3_               0.09           0.09           0.00  (VIOLATED: increase significant digits)
   RAM/mem_79__4_               0.09           0.09           0.00  (VIOLATED: increase significant digits)
   RAM/mem_79__5_               0.09           0.09           0.00  (VIOLATED: increase significant digits)
   RAM/mem_79__6_               0.09           0.09           0.00  (VIOLATED: increase significant digits)
   RAM/mem_79__7_               0.09           0.09           0.00  (VIOLATED: increase significant digits)
   RAM/mem_83__0_               0.09           0.09           0.00  (VIOLATED: increase significant digits)
   RAM/mem_83__1_               0.09           0.09           0.00  (VIOLATED: increase significant digits)
   RAM/mem_83__2_               0.09           0.09           0.00  (VIOLATED: increase significant digits)
   RAM/mem_83__3_               0.09           0.09           0.00  (VIOLATED: increase significant digits)
   RAM/mem_83__4_               0.09           0.09           0.00  (VIOLATED: increase significant digits)
   RAM/mem_83__5_               0.09           0.09           0.00  (VIOLATED: increase significant digits)
   RAM/mem_83__6_               0.09           0.09           0.00  (VIOLATED: increase significant digits)
   RAM/mem_83__7_               0.09           0.09           0.00  (VIOLATED: increase significant digits)
   RAM/mem_87__0_               0.09           0.09           0.00  (VIOLATED: increase significant digits)
   RAM/mem_87__1_               0.09           0.09           0.00  (VIOLATED: increase significant digits)
   RAM/mem_87__2_               0.09           0.09           0.00  (VIOLATED: increase significant digits)
   RAM/mem_87__3_               0.09           0.09           0.00  (VIOLATED: increase significant digits)
   RAM/mem_87__4_               0.09           0.09           0.00  (VIOLATED: increase significant digits)
   RAM/mem_87__5_               0.09           0.09           0.00  (VIOLATED: increase significant digits)
   RAM/mem_87__6_               0.09           0.09           0.00  (VIOLATED: increase significant digits)
   RAM/mem_87__7_               0.09           0.09           0.00  (VIOLATED: increase significant digits)
   RAM/mem_91__0_               0.09           0.09           0.00  (VIOLATED: increase significant digits)
   RAM/mem_91__1_               0.09           0.09           0.00  (VIOLATED: increase significant digits)
   RAM/mem_91__2_               0.09           0.09           0.00  (VIOLATED: increase significant digits)
   RAM/mem_91__3_               0.09           0.09           0.00  (VIOLATED: increase significant digits)
   RAM/mem_91__4_               0.09           0.09           0.00  (VIOLATED: increase significant digits)
   RAM/mem_91__5_               0.09           0.09           0.00  (VIOLATED: increase significant digits)
   RAM/mem_91__6_               0.09           0.09           0.00  (VIOLATED: increase significant digits)
   RAM/mem_91__7_               0.09           0.09           0.00  (VIOLATED: increase significant digits)
   RAM/mem_95__0_               0.09           0.09           0.00  (VIOLATED: increase significant digits)
   RAM/mem_95__1_               0.09           0.09           0.00  (VIOLATED: increase significant digits)
   RAM/mem_95__2_               0.09           0.09           0.00  (VIOLATED: increase significant digits)
   RAM/mem_95__3_               0.09           0.09           0.00  (VIOLATED: increase significant digits)
   RAM/mem_95__4_               0.09           0.09           0.00  (VIOLATED: increase significant digits)
   RAM/mem_95__5_               0.09           0.09           0.00  (VIOLATED: increase significant digits)
   RAM/mem_95__6_               0.09           0.09           0.00  (VIOLATED: increase significant digits)
   RAM/mem_95__7_               0.09           0.09           0.00  (VIOLATED: increase significant digits)
   RAM/mem_99__0_               0.09           0.09           0.00  (VIOLATED: increase significant digits)
   RAM/mem_99__1_               0.09           0.09           0.00  (VIOLATED: increase significant digits)
   RAM/mem_99__2_               0.09           0.09           0.00  (VIOLATED: increase significant digits)
   RAM/mem_99__3_               0.09           0.09           0.00  (VIOLATED: increase significant digits)
   RAM/mem_99__4_               0.09           0.09           0.00  (VIOLATED: increase significant digits)
   RAM/mem_99__5_               0.09           0.09           0.00  (VIOLATED: increase significant digits)
   RAM/mem_99__6_               0.09           0.09           0.00  (VIOLATED: increase significant digits)
   RAM/mem_99__7_               0.09           0.09           0.00  (VIOLATED: increase significant digits)
   RAM/mem_103__0_              0.09           0.09           0.00  (VIOLATED: increase significant digits)
   RAM/mem_103__1_              0.09           0.09           0.00  (VIOLATED: increase significant digits)
   RAM/mem_103__2_              0.09           0.09           0.00  (VIOLATED: increase significant digits)
   RAM/mem_103__3_              0.09           0.09           0.00  (VIOLATED: increase significant digits)
   RAM/mem_103__4_              0.09           0.09           0.00  (VIOLATED: increase significant digits)
   RAM/mem_103__5_              0.09           0.09           0.00  (VIOLATED: increase significant digits)
   RAM/mem_103__6_              0.09           0.09           0.00  (VIOLATED: increase significant digits)
   RAM/mem_103__7_              0.09           0.09           0.00  (VIOLATED: increase significant digits)
   RAM/mem_107__0_              0.09           0.09           0.00  (VIOLATED: increase significant digits)
   RAM/mem_107__1_              0.09           0.09           0.00  (VIOLATED: increase significant digits)
   RAM/mem_107__2_              0.09           0.09           0.00  (VIOLATED: increase significant digits)
   RAM/mem_107__3_              0.09           0.09           0.00  (VIOLATED: increase significant digits)
   RAM/mem_107__4_              0.09           0.09           0.00  (VIOLATED: increase significant digits)
   RAM/mem_107__5_              0.09           0.09           0.00  (VIOLATED: increase significant digits)
   RAM/mem_107__6_              0.09           0.09           0.00  (VIOLATED: increase significant digits)
   RAM/mem_107__7_              0.09           0.09           0.00  (VIOLATED: increase significant digits)
   RAM/mem_111__0_              0.09           0.09           0.00  (VIOLATED: increase significant digits)
   RAM/mem_111__1_              0.09           0.09           0.00  (VIOLATED: increase significant digits)
   RAM/mem_111__2_              0.09           0.09           0.00  (VIOLATED: increase significant digits)
   RAM/mem_111__3_              0.09           0.09           0.00  (VIOLATED: increase significant digits)
   RAM/mem_111__4_              0.09           0.09           0.00  (VIOLATED: increase significant digits)
   RAM/mem_111__5_              0.09           0.09           0.00  (VIOLATED: increase significant digits)
   RAM/mem_111__6_              0.09           0.09           0.00  (VIOLATED: increase significant digits)
   RAM/mem_111__7_              0.09           0.09           0.00  (VIOLATED: increase significant digits)
   RAM/mem_115__0_              0.09           0.09           0.00  (VIOLATED: increase significant digits)
   RAM/mem_115__1_              0.09           0.09           0.00  (VIOLATED: increase significant digits)
   RAM/mem_115__2_              0.09           0.09           0.00  (VIOLATED: increase significant digits)
   RAM/mem_115__3_              0.09           0.09           0.00  (VIOLATED: increase significant digits)
   RAM/mem_115__4_              0.09           0.09           0.00  (VIOLATED: increase significant digits)
   RAM/mem_115__5_              0.09           0.09           0.00  (VIOLATED: increase significant digits)
   RAM/mem_115__6_              0.09           0.09           0.00  (VIOLATED: increase significant digits)
   RAM/mem_115__7_              0.09           0.09           0.00  (VIOLATED: increase significant digits)
   RAM/mem_119__0_              0.09           0.09           0.00  (VIOLATED: increase significant digits)
   RAM/mem_119__1_              0.09           0.09           0.00  (VIOLATED: increase significant digits)
   RAM/mem_119__2_              0.09           0.09           0.00  (VIOLATED: increase significant digits)
   RAM/mem_119__3_              0.09           0.09           0.00  (VIOLATED: increase significant digits)
   RAM/mem_119__4_              0.09           0.09           0.00  (VIOLATED: increase significant digits)
   RAM/mem_119__5_              0.09           0.09           0.00  (VIOLATED: increase significant digits)
   RAM/mem_119__6_              0.09           0.09           0.00  (VIOLATED: increase significant digits)
   RAM/mem_119__7_              0.09           0.09           0.00  (VIOLATED: increase significant digits)
   RAM/mem_123__0_              0.09           0.09           0.00  (VIOLATED: increase significant digits)
   RAM/mem_123__1_              0.09           0.09           0.00  (VIOLATED: increase significant digits)
   RAM/mem_123__2_              0.09           0.09           0.00  (VIOLATED: increase significant digits)
   RAM/mem_123__3_              0.09           0.09           0.00  (VIOLATED: increase significant digits)
   RAM/mem_123__4_              0.09           0.09           0.00  (VIOLATED: increase significant digits)
   RAM/mem_123__5_              0.09           0.09           0.00  (VIOLATED: increase significant digits)
   RAM/mem_123__6_              0.09           0.09           0.00  (VIOLATED: increase significant digits)
   RAM/mem_123__7_              0.09           0.09           0.00  (VIOLATED: increase significant digits)
   RAM/mem_127__0_              0.09           0.09           0.00  (VIOLATED: increase significant digits)
   RAM/mem_127__1_              0.09           0.09           0.00  (VIOLATED: increase significant digits)
   RAM/mem_127__2_              0.09           0.09           0.00  (VIOLATED: increase significant digits)
   RAM/mem_127__3_              0.09           0.09           0.00  (VIOLATED: increase significant digits)
   RAM/mem_127__4_              0.09           0.09           0.00  (VIOLATED: increase significant digits)
   RAM/mem_127__5_              0.09           0.09           0.00  (VIOLATED: increase significant digits)
   RAM/mem_127__6_              0.09           0.09           0.00  (VIOLATED: increase significant digits)
   RAM/mem_127__7_              0.09           0.09           0.00  (VIOLATED: increase significant digits)
   RAM/mem_131__0_              0.09           0.09           0.00  (VIOLATED: increase significant digits)
   RAM/mem_131__1_              0.09           0.09           0.00  (VIOLATED: increase significant digits)
   RAM/mem_131__2_              0.09           0.09           0.00  (VIOLATED: increase significant digits)
   RAM/mem_131__3_              0.09           0.09           0.00  (VIOLATED: increase significant digits)
   RAM/mem_131__4_              0.09           0.09           0.00  (VIOLATED: increase significant digits)
   RAM/mem_131__5_              0.09           0.09           0.00  (VIOLATED: increase significant digits)
   RAM/mem_131__6_              0.09           0.09           0.00  (VIOLATED: increase significant digits)
   RAM/mem_131__7_              0.09           0.09           0.00  (VIOLATED: increase significant digits)
   RAM/mem_135__0_              0.09           0.09           0.00  (VIOLATED: increase significant digits)
   RAM/mem_135__1_              0.09           0.09           0.00  (VIOLATED: increase significant digits)
   RAM/mem_135__2_              0.09           0.09           0.00  (VIOLATED: increase significant digits)
   RAM/mem_135__3_              0.09           0.09           0.00  (VIOLATED: increase significant digits)
   RAM/mem_135__4_              0.09           0.09           0.00  (VIOLATED: increase significant digits)
   RAM/mem_135__5_              0.09           0.09           0.00  (VIOLATED: increase significant digits)
   RAM/mem_135__6_              0.09           0.09           0.00  (VIOLATED: increase significant digits)
   RAM/mem_135__7_              0.09           0.09           0.00  (VIOLATED: increase significant digits)
   RAM/mem_139__0_              0.09           0.09           0.00  (VIOLATED: increase significant digits)
   RAM/mem_139__1_              0.09           0.09           0.00  (VIOLATED: increase significant digits)
   RAM/mem_139__2_              0.09           0.09           0.00  (VIOLATED: increase significant digits)
   RAM/mem_139__3_              0.09           0.09           0.00  (VIOLATED: increase significant digits)
   RAM/mem_139__4_              0.09           0.09           0.00  (VIOLATED: increase significant digits)
   RAM/mem_139__5_              0.09           0.09           0.00  (VIOLATED: increase significant digits)
   RAM/mem_139__6_              0.09           0.09           0.00  (VIOLATED: increase significant digits)
   RAM/mem_139__7_              0.09           0.09           0.00  (VIOLATED: increase significant digits)
   RAM/mem_143__0_              0.09           0.09           0.00  (VIOLATED: increase significant digits)
   RAM/mem_143__1_              0.09           0.09           0.00  (VIOLATED: increase significant digits)
   RAM/mem_143__2_              0.09           0.09           0.00  (VIOLATED: increase significant digits)
   RAM/mem_143__3_              0.09           0.09           0.00  (VIOLATED: increase significant digits)
   RAM/mem_143__4_              0.09           0.09           0.00  (VIOLATED: increase significant digits)
   RAM/mem_143__5_              0.09           0.09           0.00  (VIOLATED: increase significant digits)
   RAM/mem_143__6_              0.09           0.09           0.00  (VIOLATED: increase significant digits)
   RAM/mem_143__7_              0.09           0.09           0.00  (VIOLATED: increase significant digits)
   RAM/mem_147__0_              0.09           0.09           0.00  (VIOLATED: increase significant digits)
   RAM/mem_147__1_              0.09           0.09           0.00  (VIOLATED: increase significant digits)
   RAM/mem_147__2_              0.09           0.09           0.00  (VIOLATED: increase significant digits)
   RAM/mem_147__3_              0.09           0.09           0.00  (VIOLATED: increase significant digits)
   RAM/mem_147__4_              0.09           0.09           0.00  (VIOLATED: increase significant digits)
   RAM/mem_147__5_              0.09           0.09           0.00  (VIOLATED: increase significant digits)
   RAM/mem_147__6_              0.09           0.09           0.00  (VIOLATED: increase significant digits)
   RAM/mem_147__7_              0.09           0.09           0.00  (VIOLATED: increase significant digits)
   RAM/mem_151__0_              0.09           0.09           0.00  (VIOLATED: increase significant digits)
   RAM/mem_151__1_              0.09           0.09           0.00  (VIOLATED: increase significant digits)
   RAM/mem_151__2_              0.09           0.09           0.00  (VIOLATED: increase significant digits)
   RAM/mem_151__3_              0.09           0.09           0.00  (VIOLATED: increase significant digits)
   RAM/mem_151__4_              0.09           0.09           0.00  (VIOLATED: increase significant digits)
   RAM/mem_151__5_              0.09           0.09           0.00  (VIOLATED: increase significant digits)
   RAM/mem_151__6_              0.09           0.09           0.00  (VIOLATED: increase significant digits)
   RAM/mem_151__7_              0.09           0.09           0.00  (VIOLATED: increase significant digits)
   RAM/mem_155__0_              0.09           0.09           0.00  (VIOLATED: increase significant digits)
   RAM/mem_155__1_              0.09           0.09           0.00  (VIOLATED: increase significant digits)
   RAM/mem_155__2_              0.09           0.09           0.00  (VIOLATED: increase significant digits)
   RAM/mem_155__3_              0.09           0.09           0.00  (VIOLATED: increase significant digits)
   RAM/mem_155__4_              0.09           0.09           0.00  (VIOLATED: increase significant digits)
   RAM/mem_155__5_              0.09           0.09           0.00  (VIOLATED: increase significant digits)
   RAM/mem_155__6_              0.09           0.09           0.00  (VIOLATED: increase significant digits)
   RAM/mem_155__7_              0.09           0.09           0.00  (VIOLATED: increase significant digits)
   RAM/mem_159__0_              0.09           0.09           0.00  (VIOLATED: increase significant digits)
   RAM/mem_159__1_              0.09           0.09           0.00  (VIOLATED: increase significant digits)
   RAM/mem_159__2_              0.09           0.09           0.00  (VIOLATED: increase significant digits)
   RAM/mem_159__3_              0.09           0.09           0.00  (VIOLATED: increase significant digits)
   RAM/mem_159__4_              0.09           0.09           0.00  (VIOLATED: increase significant digits)
   RAM/mem_159__5_              0.09           0.09           0.00  (VIOLATED: increase significant digits)
   RAM/mem_159__6_              0.09           0.09           0.00  (VIOLATED: increase significant digits)
   RAM/mem_159__7_              0.09           0.09           0.00  (VIOLATED: increase significant digits)
   RAM/mem_163__0_              0.09           0.09           0.00  (VIOLATED: increase significant digits)
   RAM/mem_163__1_              0.09           0.09           0.00  (VIOLATED: increase significant digits)
   RAM/mem_163__2_              0.09           0.09           0.00  (VIOLATED: increase significant digits)
   RAM/mem_163__3_              0.09           0.09           0.00  (VIOLATED: increase significant digits)
   RAM/mem_163__4_              0.09           0.09           0.00  (VIOLATED: increase significant digits)
   RAM/mem_163__5_              0.09           0.09           0.00  (VIOLATED: increase significant digits)
   RAM/mem_163__6_              0.09           0.09           0.00  (VIOLATED: increase significant digits)
   RAM/mem_163__7_              0.09           0.09           0.00  (VIOLATED: increase significant digits)
   RAM/mem_167__0_              0.09           0.09           0.00  (VIOLATED: increase significant digits)
   RAM/mem_167__1_              0.09           0.09           0.00  (VIOLATED: increase significant digits)
   RAM/mem_167__2_              0.09           0.09           0.00  (VIOLATED: increase significant digits)
   RAM/mem_167__3_              0.09           0.09           0.00  (VIOLATED: increase significant digits)
   RAM/mem_167__4_              0.09           0.09           0.00  (VIOLATED: increase significant digits)
   RAM/mem_167__5_              0.09           0.09           0.00  (VIOLATED: increase significant digits)
   RAM/mem_167__6_              0.09           0.09           0.00  (VIOLATED: increase significant digits)
   RAM/mem_167__7_              0.09           0.09           0.00  (VIOLATED: increase significant digits)
   RAM/mem_171__1_              0.09           0.09           0.00  (VIOLATED: increase significant digits)
   RAM/mem_171__2_              0.09           0.09           0.00  (VIOLATED: increase significant digits)
   RAM/mem_171__3_              0.09           0.09           0.00  (VIOLATED: increase significant digits)
   RAM/mem_171__4_              0.09           0.09           0.00  (VIOLATED: increase significant digits)
   RAM/mem_171__5_              0.09           0.09           0.00  (VIOLATED: increase significant digits)
   RAM/mem_171__6_              0.09           0.09           0.00  (VIOLATED: increase significant digits)
   RAM/mem_171__7_              0.09           0.09           0.00  (VIOLATED: increase significant digits)
   RAM/mem_175__0_              0.09           0.09           0.00  (VIOLATED: increase significant digits)
   RAM/mem_175__1_              0.09           0.09           0.00  (VIOLATED: increase significant digits)
   RAM/mem_175__2_              0.09           0.09           0.00  (VIOLATED: increase significant digits)
   RAM/mem_175__3_              0.09           0.09           0.00  (VIOLATED: increase significant digits)
   RAM/mem_175__4_              0.09           0.09           0.00  (VIOLATED: increase significant digits)
   RAM/mem_175__5_              0.09           0.09           0.00  (VIOLATED: increase significant digits)
   RAM/mem_175__6_              0.09           0.09           0.00  (VIOLATED: increase significant digits)
   RAM/mem_175__7_              0.09           0.09           0.00  (VIOLATED: increase significant digits)
   RAM/mem_179__0_              0.09           0.09           0.00  (VIOLATED: increase significant digits)
   RAM/mem_179__1_              0.09           0.09           0.00  (VIOLATED: increase significant digits)
   RAM/mem_179__2_              0.09           0.09           0.00  (VIOLATED: increase significant digits)
   RAM/mem_179__3_              0.09           0.09           0.00  (VIOLATED: increase significant digits)
   RAM/mem_179__4_              0.09           0.09           0.00  (VIOLATED: increase significant digits)
   RAM/mem_179__5_              0.09           0.09           0.00  (VIOLATED: increase significant digits)
   RAM/mem_179__6_              0.09           0.09           0.00  (VIOLATED: increase significant digits)
   RAM/mem_179__7_              0.09           0.09           0.00  (VIOLATED: increase significant digits)
   RAM/mem_183__0_              0.09           0.09           0.00  (VIOLATED: increase significant digits)
   RAM/mem_183__1_              0.09           0.09           0.00  (VIOLATED: increase significant digits)
   RAM/mem_183__3_              0.09           0.09           0.00  (VIOLATED: increase significant digits)
   RAM/mem_183__4_              0.09           0.09           0.00  (VIOLATED: increase significant digits)
   RAM/mem_183__5_              0.09           0.09           0.00  (VIOLATED: increase significant digits)
   RAM/mem_183__6_              0.09           0.09           0.00  (VIOLATED: increase significant digits)
   RAM/mem_183__7_              0.09           0.09           0.00  (VIOLATED: increase significant digits)
   RAM/mem_187__0_              0.09           0.09           0.00  (VIOLATED: increase significant digits)
   RAM/mem_187__1_              0.09           0.09           0.00  (VIOLATED: increase significant digits)
   RAM/mem_187__2_              0.09           0.09           0.00  (VIOLATED: increase significant digits)
   RAM/mem_187__3_              0.09           0.09           0.00  (VIOLATED: increase significant digits)
   RAM/mem_187__4_              0.09           0.09           0.00  (VIOLATED: increase significant digits)
   RAM/mem_187__5_              0.09           0.09           0.00  (VIOLATED: increase significant digits)
   RAM/mem_187__6_              0.09           0.09           0.00  (VIOLATED: increase significant digits)
   RAM/mem_187__7_              0.09           0.09           0.00  (VIOLATED: increase significant digits)
   RAM/mem_191__0_              0.09           0.09           0.00  (VIOLATED: increase significant digits)
   RAM/mem_191__1_              0.09           0.09           0.00  (VIOLATED: increase significant digits)
   RAM/mem_191__2_              0.09           0.09           0.00  (VIOLATED: increase significant digits)
   RAM/mem_191__3_              0.09           0.09           0.00  (VIOLATED: increase significant digits)
   RAM/mem_191__4_              0.09           0.09           0.00  (VIOLATED: increase significant digits)
   RAM/mem_191__5_              0.09           0.09           0.00  (VIOLATED: increase significant digits)
   RAM/mem_191__6_              0.09           0.09           0.00  (VIOLATED: increase significant digits)
   RAM/mem_191__7_              0.09           0.09           0.00  (VIOLATED: increase significant digits)
   RAM/mem_195__0_              0.09           0.09           0.00  (VIOLATED: increase significant digits)
   RAM/mem_195__1_              0.09           0.09           0.00  (VIOLATED: increase significant digits)
   RAM/mem_195__2_              0.09           0.09           0.00  (VIOLATED: increase significant digits)
   RAM/mem_195__3_              0.09           0.09           0.00  (VIOLATED: increase significant digits)
   RAM/mem_195__5_              0.09           0.09           0.00  (VIOLATED: increase significant digits)
   RAM/mem_195__6_              0.09           0.09           0.00  (VIOLATED: increase significant digits)
   RAM/mem_195__7_              0.09           0.09           0.00  (VIOLATED: increase significant digits)
   RAM/mem_199__0_              0.09           0.09           0.00  (VIOLATED: increase significant digits)
   RAM/mem_199__1_              0.09           0.09           0.00  (VIOLATED: increase significant digits)
   RAM/mem_199__2_              0.09           0.09           0.00  (VIOLATED: increase significant digits)
   RAM/mem_199__3_              0.09           0.09           0.00  (VIOLATED: increase significant digits)
   RAM/mem_199__4_              0.09           0.09           0.00  (VIOLATED: increase significant digits)
   RAM/mem_199__5_              0.09           0.09           0.00  (VIOLATED: increase significant digits)
   RAM/mem_199__6_              0.09           0.09           0.00  (VIOLATED: increase significant digits)
   RAM/mem_199__7_              0.09           0.09           0.00  (VIOLATED: increase significant digits)
   RAM/mem_203__0_              0.09           0.09           0.00  (VIOLATED: increase significant digits)
   RAM/mem_203__1_              0.09           0.09           0.00  (VIOLATED: increase significant digits)
   RAM/mem_203__2_              0.09           0.09           0.00  (VIOLATED: increase significant digits)
   RAM/mem_203__3_              0.09           0.09           0.00  (VIOLATED: increase significant digits)
   RAM/mem_203__4_              0.09           0.09           0.00  (VIOLATED: increase significant digits)
   RAM/mem_203__5_              0.09           0.09           0.00  (VIOLATED: increase significant digits)
   RAM/mem_203__6_              0.09           0.09           0.00  (VIOLATED: increase significant digits)
   RAM/mem_203__7_              0.09           0.09           0.00  (VIOLATED: increase significant digits)
   RAM/mem_207__0_              0.09           0.09           0.00  (VIOLATED: increase significant digits)
   RAM/mem_207__1_              0.09           0.09           0.00  (VIOLATED: increase significant digits)
   RAM/mem_207__2_              0.09           0.09           0.00  (VIOLATED: increase significant digits)
   RAM/mem_207__3_              0.09           0.09           0.00  (VIOLATED: increase significant digits)
   RAM/mem_207__4_              0.09           0.09           0.00  (VIOLATED: increase significant digits)
   RAM/mem_207__5_              0.09           0.09           0.00  (VIOLATED: increase significant digits)
   RAM/mem_207__7_              0.09           0.09           0.00  (VIOLATED: increase significant digits)
   RAM/mem_211__0_              0.09           0.09           0.00  (VIOLATED: increase significant digits)
   RAM/mem_211__1_              0.09           0.09           0.00  (VIOLATED: increase significant digits)
   RAM/mem_211__2_              0.09           0.09           0.00  (VIOLATED: increase significant digits)
   RAM/mem_211__3_              0.09           0.09           0.00  (VIOLATED: increase significant digits)
   RAM/mem_211__4_              0.09           0.09           0.00  (VIOLATED: increase significant digits)
   RAM/mem_211__5_              0.09           0.09           0.00  (VIOLATED: increase significant digits)
   RAM/mem_211__6_              0.09           0.09           0.00  (VIOLATED: increase significant digits)
   RAM/mem_211__7_              0.09           0.09           0.00  (VIOLATED: increase significant digits)
   RAM/mem_215__0_              0.09           0.09           0.00  (VIOLATED: increase significant digits)
   RAM/mem_215__1_              0.09           0.09           0.00  (VIOLATED: increase significant digits)
   RAM/mem_215__2_              0.09           0.09           0.00  (VIOLATED: increase significant digits)
   RAM/mem_215__3_              0.09           0.09           0.00  (VIOLATED: increase significant digits)
   RAM/mem_215__4_              0.09           0.09           0.00  (VIOLATED: increase significant digits)
   RAM/mem_215__5_              0.09           0.09           0.00  (VIOLATED: increase significant digits)
   RAM/mem_215__6_              0.09           0.09           0.00  (VIOLATED: increase significant digits)
   RAM/mem_215__7_              0.09           0.09           0.00  (VIOLATED: increase significant digits)
   RAM/mem_219__0_              0.09           0.09           0.00  (VIOLATED: increase significant digits)
   RAM/mem_219__1_              0.09           0.09           0.00  (VIOLATED: increase significant digits)
   RAM/mem_219__2_              0.09           0.09           0.00  (VIOLATED: increase significant digits)
   RAM/mem_219__3_              0.09           0.09           0.00  (VIOLATED: increase significant digits)
   RAM/mem_219__4_              0.09           0.09           0.00  (VIOLATED: increase significant digits)
   RAM/mem_219__5_              0.09           0.09           0.00  (VIOLATED: increase significant digits)
   RAM/mem_219__6_              0.09           0.09           0.00  (VIOLATED: increase significant digits)
   RAM/mem_219__7_              0.09           0.09           0.00  (VIOLATED: increase significant digits)
   RAM/mem_223__0_              0.09           0.09           0.00  (VIOLATED: increase significant digits)
   RAM/mem_223__1_              0.09           0.09           0.00  (VIOLATED: increase significant digits)
   RAM/mem_223__2_              0.09           0.09           0.00  (VIOLATED: increase significant digits)
   RAM/mem_223__3_              0.09           0.09           0.00  (VIOLATED: increase significant digits)
   RAM/mem_223__4_              0.09           0.09           0.00  (VIOLATED: increase significant digits)
   RAM/mem_223__5_              0.09           0.09           0.00  (VIOLATED: increase significant digits)
   RAM/mem_223__6_              0.09           0.09           0.00  (VIOLATED: increase significant digits)
   RAM/mem_223__7_              0.09           0.09           0.00  (VIOLATED: increase significant digits)
   RAM/mem_227__0_              0.09           0.09           0.00  (VIOLATED: increase significant digits)
   RAM/mem_227__1_              0.09           0.09           0.00  (VIOLATED: increase significant digits)
   RAM/mem_227__2_              0.09           0.09           0.00  (VIOLATED: increase significant digits)
   RAM/mem_227__3_              0.09           0.09           0.00  (VIOLATED: increase significant digits)
   RAM/mem_227__4_              0.09           0.09           0.00  (VIOLATED: increase significant digits)
   RAM/mem_227__5_              0.09           0.09           0.00  (VIOLATED: increase significant digits)
   RAM/mem_227__6_              0.09           0.09           0.00  (VIOLATED: increase significant digits)
   RAM/mem_227__7_              0.09           0.09           0.00  (VIOLATED: increase significant digits)
   RAM/mem_231__0_              0.09           0.09           0.00  (VIOLATED: increase significant digits)
   RAM/mem_231__1_              0.09           0.09           0.00  (VIOLATED: increase significant digits)
   RAM/mem_231__2_              0.09           0.09           0.00  (VIOLATED: increase significant digits)
   RAM/mem_231__3_              0.09           0.09           0.00  (VIOLATED: increase significant digits)
   RAM/mem_231__4_              0.09           0.09           0.00  (VIOLATED: increase significant digits)
   RAM/mem_231__5_              0.09           0.09           0.00  (VIOLATED: increase significant digits)
   RAM/mem_231__6_              0.09           0.09           0.00  (VIOLATED: increase significant digits)
   RAM/mem_231__7_              0.09           0.09           0.00  (VIOLATED: increase significant digits)
   RAM/mem_235__0_              0.09           0.09           0.00  (VIOLATED: increase significant digits)
   RAM/mem_235__1_              0.09           0.09           0.00  (VIOLATED: increase significant digits)
   RAM/mem_235__2_              0.09           0.09           0.00  (VIOLATED: increase significant digits)
   RAM/mem_235__3_              0.09           0.09           0.00  (VIOLATED: increase significant digits)
   RAM/mem_235__4_              0.09           0.09           0.00  (VIOLATED: increase significant digits)
   RAM/mem_235__5_              0.09           0.09           0.00  (VIOLATED: increase significant digits)
   RAM/mem_235__6_              0.09           0.09           0.00  (VIOLATED: increase significant digits)
   RAM/mem_235__7_              0.09           0.09           0.00  (VIOLATED: increase significant digits)
   RAM/mem_239__0_              0.09           0.09           0.00  (VIOLATED: increase significant digits)
   RAM/mem_239__1_              0.09           0.09           0.00  (VIOLATED: increase significant digits)
   RAM/mem_239__2_              0.09           0.09           0.00  (VIOLATED: increase significant digits)
   RAM/mem_239__3_              0.09           0.09           0.00  (VIOLATED: increase significant digits)
   RAM/mem_239__4_              0.09           0.09           0.00  (VIOLATED: increase significant digits)
   RAM/mem_239__5_              0.09           0.09           0.00  (VIOLATED: increase significant digits)
   RAM/mem_239__6_              0.09           0.09           0.00  (VIOLATED: increase significant digits)
   RAM/mem_239__7_              0.09           0.09           0.00  (VIOLATED: increase significant digits)
   RAM/mem_243__0_              0.09           0.09           0.00  (VIOLATED: increase significant digits)
   RAM/mem_243__1_              0.09           0.09           0.00  (VIOLATED: increase significant digits)
   RAM/mem_243__2_              0.09           0.09           0.00  (VIOLATED: increase significant digits)
   RAM/mem_243__3_              0.09           0.09           0.00  (VIOLATED: increase significant digits)
   RAM/mem_243__4_              0.09           0.09           0.00  (VIOLATED: increase significant digits)
   RAM/mem_243__5_              0.09           0.09           0.00  (VIOLATED: increase significant digits)
   RAM/mem_243__6_              0.09           0.09           0.00  (VIOLATED: increase significant digits)
   RAM/mem_243__7_              0.09           0.09           0.00  (VIOLATED: increase significant digits)
   RAM/mem_247__0_              0.09           0.09           0.00  (VIOLATED: increase significant digits)
   RAM/mem_247__1_              0.09           0.09           0.00  (VIOLATED: increase significant digits)
   RAM/mem_247__2_              0.09           0.09           0.00  (VIOLATED: increase significant digits)
   RAM/mem_247__3_              0.09           0.09           0.00  (VIOLATED: increase significant digits)
   RAM/mem_247__4_              0.09           0.09           0.00  (VIOLATED: increase significant digits)
   RAM/mem_247__5_              0.09           0.09           0.00  (VIOLATED: increase significant digits)
   RAM/mem_247__6_              0.09           0.09           0.00  (VIOLATED: increase significant digits)
   RAM/mem_247__7_              0.09           0.09           0.00  (VIOLATED: increase significant digits)
   RAM/mem_251__0_              0.09           0.09           0.00  (VIOLATED: increase significant digits)
   RAM/mem_251__1_              0.09           0.09           0.00  (VIOLATED: increase significant digits)
   RAM/mem_251__2_              0.09           0.09           0.00  (VIOLATED: increase significant digits)
   RAM/mem_251__3_              0.09           0.09           0.00  (VIOLATED: increase significant digits)
   RAM/mem_251__4_              0.09           0.09           0.00  (VIOLATED: increase significant digits)
   RAM/mem_251__5_              0.09           0.09           0.00  (VIOLATED: increase significant digits)
   RAM/mem_251__6_              0.09           0.09           0.00  (VIOLATED: increase significant digits)
   RAM/mem_251__7_              0.09           0.09           0.00  (VIOLATED: increase significant digits)
   RAM/mem_255__0_              0.09           0.09           0.00  (VIOLATED: increase significant digits)
   RAM/mem_255__1_              0.09           0.09           0.00  (VIOLATED: increase significant digits)
   RAM/mem_255__2_              0.09           0.09           0.00  (VIOLATED: increase significant digits)
   RAM/mem_255__3_              0.09           0.09           0.00  (VIOLATED: increase significant digits)
   RAM/mem_255__4_              0.09           0.09           0.00  (VIOLATED: increase significant digits)
   RAM/mem_255__5_              0.09           0.09           0.00  (VIOLATED: increase significant digits)
   RAM/mem_255__6_              0.09           0.09           0.00  (VIOLATED: increase significant digits)
   RAM/mem_0__0_                0.09           0.09           0.00  (VIOLATED: increase significant digits)
   RAM/mem_0__1_                0.09           0.09           0.00  (VIOLATED: increase significant digits)
   RAM/mem_0__2_                0.09           0.09           0.00  (VIOLATED: increase significant digits)
   RAM/mem_0__3_                0.09           0.09           0.00  (VIOLATED: increase significant digits)
   RAM/mem_0__4_                0.09           0.09           0.00  (VIOLATED: increase significant digits)
   RAM/mem_0__5_                0.09           0.09           0.00  (VIOLATED: increase significant digits)
   RAM/mem_0__6_                0.09           0.09           0.00  (VIOLATED: increase significant digits)
   RAM/mem_0__7_                0.09           0.09           0.00  (VIOLATED: increase significant digits)
   RAM/mem_4__0_                0.09           0.09           0.00  (VIOLATED: increase significant digits)
   RAM/mem_4__1_                0.09           0.09           0.00  (VIOLATED: increase significant digits)
   RAM/mem_4__2_                0.09           0.09           0.00  (VIOLATED: increase significant digits)
   RAM/mem_4__3_                0.09           0.09           0.00  (VIOLATED: increase significant digits)
   RAM/mem_4__4_                0.09           0.09           0.00  (VIOLATED: increase significant digits)
   RAM/mem_4__5_                0.09           0.09           0.00  (VIOLATED: increase significant digits)
   RAM/mem_4__6_                0.09           0.09           0.00  (VIOLATED: increase significant digits)
   RAM/mem_4__7_                0.09           0.09           0.00  (VIOLATED: increase significant digits)
   RAM/mem_8__0_                0.09           0.09           0.00  (VIOLATED: increase significant digits)
   RAM/mem_8__1_                0.09           0.09           0.00  (VIOLATED: increase significant digits)
   RAM/mem_8__2_                0.09           0.09           0.00  (VIOLATED: increase significant digits)
   RAM/mem_8__3_                0.09           0.09           0.00  (VIOLATED: increase significant digits)
   RAM/mem_8__4_                0.09           0.09           0.00  (VIOLATED: increase significant digits)
   RAM/mem_8__5_                0.09           0.09           0.00  (VIOLATED: increase significant digits)
   RAM/mem_8__6_                0.09           0.09           0.00  (VIOLATED: increase significant digits)
   RAM/mem_8__7_                0.09           0.09           0.00  (VIOLATED: increase significant digits)
   RAM/mem_12__0_               0.09           0.09           0.00  (VIOLATED: increase significant digits)
   RAM/mem_12__1_               0.09           0.09           0.00  (VIOLATED: increase significant digits)
   RAM/mem_12__2_               0.09           0.09           0.00  (VIOLATED: increase significant digits)
   RAM/mem_12__3_               0.09           0.09           0.00  (VIOLATED: increase significant digits)
   RAM/mem_12__4_               0.09           0.09           0.00  (VIOLATED: increase significant digits)
   RAM/mem_12__5_               0.09           0.09           0.00  (VIOLATED: increase significant digits)
   RAM/mem_12__6_               0.09           0.09           0.00  (VIOLATED: increase significant digits)
   RAM/mem_12__7_               0.09           0.09           0.00  (VIOLATED: increase significant digits)
   RAM/mem_16__0_               0.09           0.09           0.00  (VIOLATED: increase significant digits)
   RAM/mem_16__1_               0.09           0.09           0.00  (VIOLATED: increase significant digits)
   RAM/mem_16__2_               0.09           0.09           0.00  (VIOLATED: increase significant digits)
   RAM/mem_16__3_               0.09           0.09           0.00  (VIOLATED: increase significant digits)
   RAM/mem_16__4_               0.09           0.09           0.00  (VIOLATED: increase significant digits)
   RAM/mem_16__5_               0.09           0.09           0.00  (VIOLATED: increase significant digits)
   RAM/mem_16__6_               0.09           0.09           0.00  (VIOLATED: increase significant digits)
   RAM/mem_16__7_               0.09           0.09           0.00  (VIOLATED: increase significant digits)
   RAM/mem_20__0_               0.09           0.09           0.00  (VIOLATED: increase significant digits)
   RAM/mem_20__1_               0.09           0.09           0.00  (VIOLATED: increase significant digits)
   RAM/mem_20__2_               0.09           0.09           0.00  (VIOLATED: increase significant digits)
   RAM/mem_20__3_               0.09           0.09           0.00  (VIOLATED: increase significant digits)
   RAM/mem_20__4_               0.09           0.09           0.00  (VIOLATED: increase significant digits)
   RAM/mem_20__5_               0.09           0.09           0.00  (VIOLATED: increase significant digits)
   RAM/mem_20__6_               0.09           0.09           0.00  (VIOLATED: increase significant digits)
   RAM/mem_20__7_               0.09           0.09           0.00  (VIOLATED: increase significant digits)
   RAM/mem_24__0_               0.09           0.09           0.00  (VIOLATED: increase significant digits)
   RAM/mem_24__1_               0.09           0.09           0.00  (VIOLATED: increase significant digits)
   RAM/mem_24__2_               0.09           0.09           0.00  (VIOLATED: increase significant digits)
   RAM/mem_24__3_               0.09           0.09           0.00  (VIOLATED: increase significant digits)
   RAM/mem_24__4_               0.09           0.09           0.00  (VIOLATED: increase significant digits)
   RAM/mem_24__5_               0.09           0.09           0.00  (VIOLATED: increase significant digits)
   RAM/mem_24__6_               0.09           0.09           0.00  (VIOLATED: increase significant digits)
   RAM/mem_24__7_               0.09           0.09           0.00  (VIOLATED: increase significant digits)
   RAM/mem_28__0_               0.09           0.09           0.00  (VIOLATED: increase significant digits)
   RAM/mem_28__1_               0.09           0.09           0.00  (VIOLATED: increase significant digits)
   RAM/mem_28__2_               0.09           0.09           0.00  (VIOLATED: increase significant digits)
   RAM/mem_28__3_               0.09           0.09           0.00  (VIOLATED: increase significant digits)
   RAM/mem_28__4_               0.09           0.09           0.00  (VIOLATED: increase significant digits)
   RAM/mem_28__5_               0.09           0.09           0.00  (VIOLATED: increase significant digits)
   RAM/mem_28__6_               0.09           0.09           0.00  (VIOLATED: increase significant digits)
   RAM/mem_28__7_               0.09           0.09           0.00  (VIOLATED: increase significant digits)
   RAM/mem_32__0_               0.09           0.09           0.00  (VIOLATED: increase significant digits)
   RAM/mem_32__1_               0.09           0.09           0.00  (VIOLATED: increase significant digits)
   RAM/mem_32__2_               0.09           0.09           0.00  (VIOLATED: increase significant digits)
   RAM/mem_32__3_               0.09           0.09           0.00  (VIOLATED: increase significant digits)
   RAM/mem_32__4_               0.09           0.09           0.00  (VIOLATED: increase significant digits)
   RAM/mem_32__5_               0.09           0.09           0.00  (VIOLATED: increase significant digits)
   RAM/mem_32__6_               0.09           0.09           0.00  (VIOLATED: increase significant digits)
   RAM/mem_32__7_               0.09           0.09           0.00  (VIOLATED: increase significant digits)
   RAM/mem_36__0_               0.09           0.09           0.00  (VIOLATED: increase significant digits)
   RAM/mem_36__1_               0.09           0.09           0.00  (VIOLATED: increase significant digits)
   RAM/mem_36__2_               0.09           0.09           0.00  (VIOLATED: increase significant digits)
   RAM/mem_36__3_               0.09           0.09           0.00  (VIOLATED: increase significant digits)
   RAM/mem_36__4_               0.09           0.09           0.00  (VIOLATED: increase significant digits)
   RAM/mem_36__5_               0.09           0.09           0.00  (VIOLATED: increase significant digits)
   RAM/mem_36__6_               0.09           0.09           0.00  (VIOLATED: increase significant digits)
   RAM/mem_36__7_               0.09           0.09           0.00  (VIOLATED: increase significant digits)
   RAM/mem_40__0_               0.09           0.09           0.00  (VIOLATED: increase significant digits)
   RAM/mem_40__1_               0.09           0.09           0.00  (VIOLATED: increase significant digits)
   RAM/mem_40__2_               0.09           0.09           0.00  (VIOLATED: increase significant digits)
   RAM/mem_40__3_               0.09           0.09           0.00  (VIOLATED: increase significant digits)
   RAM/mem_40__4_               0.09           0.09           0.00  (VIOLATED: increase significant digits)
   RAM/mem_40__5_               0.09           0.09           0.00  (VIOLATED: increase significant digits)
   RAM/mem_40__6_               0.09           0.09           0.00  (VIOLATED: increase significant digits)
   RAM/mem_40__7_               0.09           0.09           0.00  (VIOLATED: increase significant digits)
   RAM/mem_44__0_               0.09           0.09           0.00  (VIOLATED: increase significant digits)
   RAM/mem_44__1_               0.09           0.09           0.00  (VIOLATED: increase significant digits)
   RAM/mem_44__2_               0.09           0.09           0.00  (VIOLATED: increase significant digits)
   RAM/mem_44__3_               0.09           0.09           0.00  (VIOLATED: increase significant digits)
   RAM/mem_44__4_               0.09           0.09           0.00  (VIOLATED: increase significant digits)
   RAM/mem_44__5_               0.09           0.09           0.00  (VIOLATED: increase significant digits)
   RAM/mem_44__6_               0.09           0.09           0.00  (VIOLATED: increase significant digits)
   RAM/mem_44__7_               0.09           0.09           0.00  (VIOLATED: increase significant digits)
   RAM/mem_48__0_               0.09           0.09           0.00  (VIOLATED: increase significant digits)
   RAM/mem_48__1_               0.09           0.09           0.00  (VIOLATED: increase significant digits)
   RAM/mem_48__2_               0.09           0.09           0.00  (VIOLATED: increase significant digits)
   RAM/mem_48__3_               0.09           0.09           0.00  (VIOLATED: increase significant digits)
   RAM/mem_48__4_               0.09           0.09           0.00  (VIOLATED: increase significant digits)
   RAM/mem_48__5_               0.09           0.09           0.00  (VIOLATED: increase significant digits)
   RAM/mem_48__6_               0.09           0.09           0.00  (VIOLATED: increase significant digits)
   RAM/mem_48__7_               0.09           0.09           0.00  (VIOLATED: increase significant digits)
   RAM/mem_52__0_               0.09           0.09           0.00  (VIOLATED: increase significant digits)
   RAM/mem_52__1_               0.09           0.09           0.00  (VIOLATED: increase significant digits)
   RAM/mem_52__2_               0.09           0.09           0.00  (VIOLATED: increase significant digits)
   RAM/mem_52__3_               0.09           0.09           0.00  (VIOLATED: increase significant digits)
   RAM/mem_52__4_               0.09           0.09           0.00  (VIOLATED: increase significant digits)
   RAM/mem_52__5_               0.09           0.09           0.00  (VIOLATED: increase significant digits)
   RAM/mem_52__6_               0.09           0.09           0.00  (VIOLATED: increase significant digits)
   RAM/mem_52__7_               0.09           0.09           0.00  (VIOLATED: increase significant digits)
   RAM/mem_56__0_               0.09           0.09           0.00  (VIOLATED: increase significant digits)
   RAM/mem_56__1_               0.09           0.09           0.00  (VIOLATED: increase significant digits)
   RAM/mem_56__2_               0.09           0.09           0.00  (VIOLATED: increase significant digits)
   RAM/mem_56__3_               0.09           0.09           0.00  (VIOLATED: increase significant digits)
   RAM/mem_56__4_               0.09           0.09           0.00  (VIOLATED: increase significant digits)
   RAM/mem_56__5_               0.09           0.09           0.00  (VIOLATED: increase significant digits)
   RAM/mem_56__6_               0.09           0.09           0.00  (VIOLATED: increase significant digits)
   RAM/mem_56__7_               0.09           0.09           0.00  (VIOLATED: increase significant digits)
   RAM/mem_60__0_               0.09           0.09           0.00  (VIOLATED: increase significant digits)
   RAM/mem_60__1_               0.09           0.09           0.00  (VIOLATED: increase significant digits)
   RAM/mem_60__2_               0.09           0.09           0.00  (VIOLATED: increase significant digits)
   RAM/mem_60__3_               0.09           0.09           0.00  (VIOLATED: increase significant digits)
   RAM/mem_60__4_               0.09           0.09           0.00  (VIOLATED: increase significant digits)
   RAM/mem_60__5_               0.09           0.09           0.00  (VIOLATED: increase significant digits)
   RAM/mem_60__6_               0.09           0.09           0.00  (VIOLATED: increase significant digits)
   RAM/mem_60__7_               0.09           0.09           0.00  (VIOLATED: increase significant digits)
   RAM/mem_64__0_               0.09           0.09           0.00  (VIOLATED: increase significant digits)
   RAM/mem_64__1_               0.09           0.09           0.00  (VIOLATED: increase significant digits)
   RAM/mem_64__2_               0.09           0.09           0.00  (VIOLATED: increase significant digits)
   RAM/mem_64__3_               0.09           0.09           0.00  (VIOLATED: increase significant digits)
   RAM/mem_64__4_               0.09           0.09           0.00  (VIOLATED: increase significant digits)
   RAM/mem_64__5_               0.09           0.09           0.00  (VIOLATED: increase significant digits)
   RAM/mem_64__6_               0.09           0.09           0.00  (VIOLATED: increase significant digits)
   RAM/mem_64__7_               0.09           0.09           0.00  (VIOLATED: increase significant digits)
   RAM/mem_68__0_               0.09           0.09           0.00  (VIOLATED: increase significant digits)
   RAM/mem_68__1_               0.09           0.09           0.00  (VIOLATED: increase significant digits)
   RAM/mem_68__2_               0.09           0.09           0.00  (VIOLATED: increase significant digits)
   RAM/mem_68__3_               0.09           0.09           0.00  (VIOLATED: increase significant digits)
   RAM/mem_68__4_               0.09           0.09           0.00  (VIOLATED: increase significant digits)
   RAM/mem_68__5_               0.09           0.09           0.00  (VIOLATED: increase significant digits)
   RAM/mem_68__6_               0.09           0.09           0.00  (VIOLATED: increase significant digits)
   RAM/mem_68__7_               0.09           0.09           0.00  (VIOLATED: increase significant digits)
   RAM/mem_72__0_               0.09           0.09           0.00  (VIOLATED: increase significant digits)
   RAM/mem_72__2_               0.09           0.09           0.00  (VIOLATED: increase significant digits)
   RAM/mem_72__3_               0.09           0.09           0.00  (VIOLATED: increase significant digits)
   RAM/mem_72__4_               0.09           0.09           0.00  (VIOLATED: increase significant digits)
   RAM/mem_72__5_               0.09           0.09           0.00  (VIOLATED: increase significant digits)
   RAM/mem_72__6_               0.09           0.09           0.00  (VIOLATED: increase significant digits)
   RAM/mem_72__7_               0.09           0.09           0.00  (VIOLATED: increase significant digits)
   RAM/mem_76__0_               0.09           0.09           0.00  (VIOLATED: increase significant digits)
   RAM/mem_76__1_               0.09           0.09           0.00  (VIOLATED: increase significant digits)
   RAM/mem_76__2_               0.09           0.09           0.00  (VIOLATED: increase significant digits)
   RAM/mem_76__3_               0.09           0.09           0.00  (VIOLATED: increase significant digits)
   RAM/mem_76__4_               0.09           0.09           0.00  (VIOLATED: increase significant digits)
   RAM/mem_76__5_               0.09           0.09           0.00  (VIOLATED: increase significant digits)
   RAM/mem_76__6_               0.09           0.09           0.00  (VIOLATED: increase significant digits)
   RAM/mem_76__7_               0.09           0.09           0.00  (VIOLATED: increase significant digits)
   RAM/mem_80__0_               0.09           0.09           0.00  (VIOLATED: increase significant digits)
   RAM/mem_80__1_               0.09           0.09           0.00  (VIOLATED: increase significant digits)
   RAM/mem_80__2_               0.09           0.09           0.00  (VIOLATED: increase significant digits)
   RAM/mem_80__3_               0.09           0.09           0.00  (VIOLATED: increase significant digits)
   RAM/mem_80__4_               0.09           0.09           0.00  (VIOLATED: increase significant digits)
   RAM/mem_80__5_               0.09           0.09           0.00  (VIOLATED: increase significant digits)
   RAM/mem_80__6_               0.09           0.09           0.00  (VIOLATED: increase significant digits)
   RAM/mem_80__7_               0.09           0.09           0.00  (VIOLATED: increase significant digits)
   RAM/mem_84__0_               0.09           0.09           0.00  (VIOLATED: increase significant digits)
   RAM/mem_84__1_               0.09           0.09           0.00  (VIOLATED: increase significant digits)
   RAM/mem_84__2_               0.09           0.09           0.00  (VIOLATED: increase significant digits)
   RAM/mem_84__3_               0.09           0.09           0.00  (VIOLATED: increase significant digits)
   RAM/mem_84__5_               0.09           0.09           0.00  (VIOLATED: increase significant digits)
   RAM/mem_84__6_               0.09           0.09           0.00  (VIOLATED: increase significant digits)
   RAM/mem_84__7_               0.09           0.09           0.00  (VIOLATED: increase significant digits)
   RAM/mem_88__0_               0.09           0.09           0.00  (VIOLATED: increase significant digits)
   RAM/mem_88__1_               0.09           0.09           0.00  (VIOLATED: increase significant digits)
   RAM/mem_88__2_               0.09           0.09           0.00  (VIOLATED: increase significant digits)
   RAM/mem_88__3_               0.09           0.09           0.00  (VIOLATED: increase significant digits)
   RAM/mem_88__4_               0.09           0.09           0.00  (VIOLATED: increase significant digits)
   RAM/mem_88__5_               0.09           0.09           0.00  (VIOLATED: increase significant digits)
   RAM/mem_88__6_               0.09           0.09           0.00  (VIOLATED: increase significant digits)
   RAM/mem_88__7_               0.09           0.09           0.00  (VIOLATED: increase significant digits)
   RAM/mem_92__0_               0.09           0.09           0.00  (VIOLATED: increase significant digits)
   RAM/mem_92__1_               0.09           0.09           0.00  (VIOLATED: increase significant digits)
   RAM/mem_92__2_               0.09           0.09           0.00  (VIOLATED: increase significant digits)
   RAM/mem_92__3_               0.09           0.09           0.00  (VIOLATED: increase significant digits)
   RAM/mem_92__4_               0.09           0.09           0.00  (VIOLATED: increase significant digits)
   RAM/mem_92__5_               0.09           0.09           0.00  (VIOLATED: increase significant digits)
   RAM/mem_92__6_               0.09           0.09           0.00  (VIOLATED: increase significant digits)
   RAM/mem_92__7_               0.09           0.09           0.00  (VIOLATED: increase significant digits)
   RAM/mem_96__0_               0.09           0.09           0.00  (VIOLATED: increase significant digits)
   RAM/mem_96__1_               0.09           0.09           0.00  (VIOLATED: increase significant digits)
   RAM/mem_96__2_               0.09           0.09           0.00  (VIOLATED: increase significant digits)
   RAM/mem_96__3_               0.09           0.09           0.00  (VIOLATED: increase significant digits)
   RAM/mem_96__4_               0.09           0.09           0.00  (VIOLATED: increase significant digits)
   RAM/mem_96__5_               0.09           0.09           0.00  (VIOLATED: increase significant digits)
   RAM/mem_96__6_               0.09           0.09           0.00  (VIOLATED: increase significant digits)
   RAM/mem_100__0_              0.09           0.09           0.00  (VIOLATED: increase significant digits)
   RAM/mem_100__1_              0.09           0.09           0.00  (VIOLATED: increase significant digits)
   RAM/mem_100__2_              0.09           0.09           0.00  (VIOLATED: increase significant digits)
   RAM/mem_100__3_              0.09           0.09           0.00  (VIOLATED: increase significant digits)
   RAM/mem_100__4_              0.09           0.09           0.00  (VIOLATED: increase significant digits)
   RAM/mem_100__5_              0.09           0.09           0.00  (VIOLATED: increase significant digits)
   RAM/mem_100__6_              0.09           0.09           0.00  (VIOLATED: increase significant digits)
   RAM/mem_100__7_              0.09           0.09           0.00  (VIOLATED: increase significant digits)
   RAM/mem_104__0_              0.09           0.09           0.00  (VIOLATED: increase significant digits)
   RAM/mem_104__1_              0.09           0.09           0.00  (VIOLATED: increase significant digits)
   RAM/mem_104__2_              0.09           0.09           0.00  (VIOLATED: increase significant digits)
   RAM/mem_104__3_              0.09           0.09           0.00  (VIOLATED: increase significant digits)
   RAM/mem_104__4_              0.09           0.09           0.00  (VIOLATED: increase significant digits)
   RAM/mem_104__5_              0.09           0.09           0.00  (VIOLATED: increase significant digits)
   RAM/mem_104__6_              0.09           0.09           0.00  (VIOLATED: increase significant digits)
   RAM/mem_104__7_              0.09           0.09           0.00  (VIOLATED: increase significant digits)
   RAM/mem_108__0_              0.09           0.09           0.00  (VIOLATED: increase significant digits)
   RAM/mem_108__1_              0.09           0.09           0.00  (VIOLATED: increase significant digits)
   RAM/mem_108__2_              0.09           0.09           0.00  (VIOLATED: increase significant digits)
   RAM/mem_108__3_              0.09           0.09           0.00  (VIOLATED: increase significant digits)
   RAM/mem_108__4_              0.09           0.09           0.00  (VIOLATED: increase significant digits)
   RAM/mem_108__5_              0.09           0.09           0.00  (VIOLATED: increase significant digits)
   RAM/mem_108__6_              0.09           0.09           0.00  (VIOLATED: increase significant digits)
   RAM/mem_108__7_              0.09           0.09           0.00  (VIOLATED: increase significant digits)
   RAM/mem_112__0_              0.09           0.09           0.00  (VIOLATED: increase significant digits)
   RAM/mem_112__1_              0.09           0.09           0.00  (VIOLATED: increase significant digits)
   RAM/mem_112__2_              0.09           0.09           0.00  (VIOLATED: increase significant digits)
   RAM/mem_112__3_              0.09           0.09           0.00  (VIOLATED: increase significant digits)
   RAM/mem_112__4_              0.09           0.09           0.00  (VIOLATED: increase significant digits)
   RAM/mem_112__5_              0.09           0.09           0.00  (VIOLATED: increase significant digits)
   RAM/mem_112__6_              0.09           0.09           0.00  (VIOLATED: increase significant digits)
   RAM/mem_112__7_              0.09           0.09           0.00  (VIOLATED: increase significant digits)
   RAM/mem_116__0_              0.09           0.09           0.00  (VIOLATED: increase significant digits)
   RAM/mem_116__1_              0.09           0.09           0.00  (VIOLATED: increase significant digits)
   RAM/mem_116__2_              0.09           0.09           0.00  (VIOLATED: increase significant digits)
   RAM/mem_116__3_              0.09           0.09           0.00  (VIOLATED: increase significant digits)
   RAM/mem_116__4_              0.09           0.09           0.00  (VIOLATED: increase significant digits)
   RAM/mem_116__5_              0.09           0.09           0.00  (VIOLATED: increase significant digits)
   RAM/mem_116__6_              0.09           0.09           0.00  (VIOLATED: increase significant digits)
   RAM/mem_116__7_              0.09           0.09           0.00  (VIOLATED: increase significant digits)
   RAM/mem_120__0_              0.09           0.09           0.00  (VIOLATED: increase significant digits)
   RAM/mem_120__1_              0.09           0.09           0.00  (VIOLATED: increase significant digits)
   RAM/mem_120__2_              0.09           0.09           0.00  (VIOLATED: increase significant digits)
   RAM/mem_120__3_              0.09           0.09           0.00  (VIOLATED: increase significant digits)
   RAM/mem_120__4_              0.09           0.09           0.00  (VIOLATED: increase significant digits)
   RAM/mem_120__5_              0.09           0.09           0.00  (VIOLATED: increase significant digits)
   RAM/mem_120__6_              0.09           0.09           0.00  (VIOLATED: increase significant digits)
   RAM/mem_120__7_              0.09           0.09           0.00  (VIOLATED: increase significant digits)
   RAM/mem_124__0_              0.09           0.09           0.00  (VIOLATED: increase significant digits)
   RAM/mem_124__1_              0.09           0.09           0.00  (VIOLATED: increase significant digits)
   RAM/mem_124__2_              0.09           0.09           0.00  (VIOLATED: increase significant digits)
   RAM/mem_124__3_              0.09           0.09           0.00  (VIOLATED: increase significant digits)
   RAM/mem_124__4_              0.09           0.09           0.00  (VIOLATED: increase significant digits)
   RAM/mem_124__5_              0.09           0.09           0.00  (VIOLATED: increase significant digits)
   RAM/mem_124__6_              0.09           0.09           0.00  (VIOLATED: increase significant digits)
   RAM/mem_124__7_              0.09           0.09           0.00  (VIOLATED: increase significant digits)
   RAM/mem_128__0_              0.09           0.09           0.00  (VIOLATED: increase significant digits)
   RAM/mem_128__1_              0.09           0.09           0.00  (VIOLATED: increase significant digits)
   RAM/mem_128__2_              0.09           0.09           0.00  (VIOLATED: increase significant digits)
   RAM/mem_128__3_              0.09           0.09           0.00  (VIOLATED: increase significant digits)
   RAM/mem_128__4_              0.09           0.09           0.00  (VIOLATED: increase significant digits)
   RAM/mem_128__5_              0.09           0.09           0.00  (VIOLATED: increase significant digits)
   RAM/mem_128__6_              0.09           0.09           0.00  (VIOLATED: increase significant digits)
   RAM/mem_128__7_              0.09           0.09           0.00  (VIOLATED: increase significant digits)
   RAM/mem_132__0_              0.09           0.09           0.00  (VIOLATED: increase significant digits)
   RAM/mem_132__1_              0.09           0.09           0.00  (VIOLATED: increase significant digits)
   RAM/mem_132__2_              0.09           0.09           0.00  (VIOLATED: increase significant digits)
   RAM/mem_132__3_              0.09           0.09           0.00  (VIOLATED: increase significant digits)
   RAM/mem_132__4_              0.09           0.09           0.00  (VIOLATED: increase significant digits)
   RAM/mem_132__5_              0.09           0.09           0.00  (VIOLATED: increase significant digits)
   RAM/mem_132__6_              0.09           0.09           0.00  (VIOLATED: increase significant digits)
   RAM/mem_132__7_              0.09           0.09           0.00  (VIOLATED: increase significant digits)
   RAM/mem_136__0_              0.09           0.09           0.00  (VIOLATED: increase significant digits)
   RAM/mem_136__1_              0.09           0.09           0.00  (VIOLATED: increase significant digits)
   RAM/mem_136__2_              0.09           0.09           0.00  (VIOLATED: increase significant digits)
   RAM/mem_136__3_              0.09           0.09           0.00  (VIOLATED: increase significant digits)
   RAM/mem_136__4_              0.09           0.09           0.00  (VIOLATED: increase significant digits)
   RAM/mem_136__5_              0.09           0.09           0.00  (VIOLATED: increase significant digits)
   RAM/mem_136__6_              0.09           0.09           0.00  (VIOLATED: increase significant digits)
   RAM/mem_136__7_              0.09           0.09           0.00  (VIOLATED: increase significant digits)
   RAM/mem_140__0_              0.09           0.09           0.00  (VIOLATED: increase significant digits)
   RAM/mem_140__1_              0.09           0.09           0.00  (VIOLATED: increase significant digits)
   RAM/mem_140__2_              0.09           0.09           0.00  (VIOLATED: increase significant digits)
   RAM/mem_140__3_              0.09           0.09           0.00  (VIOLATED: increase significant digits)
   RAM/mem_140__4_              0.09           0.09           0.00  (VIOLATED: increase significant digits)
   RAM/mem_140__5_              0.09           0.09           0.00  (VIOLATED: increase significant digits)
   RAM/mem_140__6_              0.09           0.09           0.00  (VIOLATED: increase significant digits)
   RAM/mem_140__7_              0.09           0.09           0.00  (VIOLATED: increase significant digits)
   RAM/mem_144__0_              0.09           0.09           0.00  (VIOLATED: increase significant digits)
   RAM/mem_144__1_              0.09           0.09           0.00  (VIOLATED: increase significant digits)
   RAM/mem_144__2_              0.09           0.09           0.00  (VIOLATED: increase significant digits)
   RAM/mem_144__3_              0.09           0.09           0.00  (VIOLATED: increase significant digits)
   RAM/mem_144__4_              0.09           0.09           0.00  (VIOLATED: increase significant digits)
   RAM/mem_144__5_              0.09           0.09           0.00  (VIOLATED: increase significant digits)
   RAM/mem_144__6_              0.09           0.09           0.00  (VIOLATED: increase significant digits)
   RAM/mem_144__7_              0.09           0.09           0.00  (VIOLATED: increase significant digits)
   RAM/mem_148__0_              0.09           0.09           0.00  (VIOLATED: increase significant digits)
   RAM/mem_148__1_              0.09           0.09           0.00  (VIOLATED: increase significant digits)
   RAM/mem_148__2_              0.09           0.09           0.00  (VIOLATED: increase significant digits)
   RAM/mem_148__3_              0.09           0.09           0.00  (VIOLATED: increase significant digits)
   RAM/mem_148__4_              0.09           0.09           0.00  (VIOLATED: increase significant digits)
   RAM/mem_148__5_              0.09           0.09           0.00  (VIOLATED: increase significant digits)
   RAM/mem_148__6_              0.09           0.09           0.00  (VIOLATED: increase significant digits)
   RAM/mem_148__7_              0.09           0.09           0.00  (VIOLATED: increase significant digits)
   RAM/mem_152__0_              0.09           0.09           0.00  (VIOLATED: increase significant digits)
   RAM/mem_152__1_              0.09           0.09           0.00  (VIOLATED: increase significant digits)
   RAM/mem_152__2_              0.09           0.09           0.00  (VIOLATED: increase significant digits)
   RAM/mem_152__3_              0.09           0.09           0.00  (VIOLATED: increase significant digits)
   RAM/mem_152__4_              0.09           0.09           0.00  (VIOLATED: increase significant digits)
   RAM/mem_152__5_              0.09           0.09           0.00  (VIOLATED: increase significant digits)
   RAM/mem_152__6_              0.09           0.09           0.00  (VIOLATED: increase significant digits)
   RAM/mem_152__7_              0.09           0.09           0.00  (VIOLATED: increase significant digits)
   RAM/mem_156__0_              0.09           0.09           0.00  (VIOLATED: increase significant digits)
   RAM/mem_156__1_              0.09           0.09           0.00  (VIOLATED: increase significant digits)
   RAM/mem_156__2_              0.09           0.09           0.00  (VIOLATED: increase significant digits)
   RAM/mem_156__3_              0.09           0.09           0.00  (VIOLATED: increase significant digits)
   RAM/mem_156__4_              0.09           0.09           0.00  (VIOLATED: increase significant digits)
   RAM/mem_156__5_              0.09           0.09           0.00  (VIOLATED: increase significant digits)
   RAM/mem_156__6_              0.09           0.09           0.00  (VIOLATED: increase significant digits)
   RAM/mem_156__7_              0.09           0.09           0.00  (VIOLATED: increase significant digits)
   RAM/mem_160__0_              0.09           0.09           0.00  (VIOLATED: increase significant digits)
   RAM/mem_160__1_              0.09           0.09           0.00  (VIOLATED: increase significant digits)
   RAM/mem_160__2_              0.09           0.09           0.00  (VIOLATED: increase significant digits)
   RAM/mem_160__3_              0.09           0.09           0.00  (VIOLATED: increase significant digits)
   RAM/mem_160__4_              0.09           0.09           0.00  (VIOLATED: increase significant digits)
   RAM/mem_160__5_              0.09           0.09           0.00  (VIOLATED: increase significant digits)
   RAM/mem_160__6_              0.09           0.09           0.00  (VIOLATED: increase significant digits)
   RAM/mem_160__7_              0.09           0.09           0.00  (VIOLATED: increase significant digits)
   RAM/mem_164__0_              0.09           0.09           0.00  (VIOLATED: increase significant digits)
   RAM/mem_164__1_              0.09           0.09           0.00  (VIOLATED: increase significant digits)
   RAM/mem_164__2_              0.09           0.09           0.00  (VIOLATED: increase significant digits)
   RAM/mem_164__3_              0.09           0.09           0.00  (VIOLATED: increase significant digits)
   RAM/mem_164__4_              0.09           0.09           0.00  (VIOLATED: increase significant digits)
   RAM/mem_164__5_              0.09           0.09           0.00  (VIOLATED: increase significant digits)
   RAM/mem_164__6_              0.09           0.09           0.00  (VIOLATED: increase significant digits)
   RAM/mem_164__7_              0.09           0.09           0.00  (VIOLATED: increase significant digits)
   RAM/mem_168__0_              0.09           0.09           0.00  (VIOLATED: increase significant digits)
   RAM/mem_168__1_              0.09           0.09           0.00  (VIOLATED: increase significant digits)
   RAM/mem_168__2_              0.09           0.09           0.00  (VIOLATED: increase significant digits)
   RAM/mem_168__3_              0.09           0.09           0.00  (VIOLATED: increase significant digits)
   RAM/mem_168__4_              0.09           0.09           0.00  (VIOLATED: increase significant digits)
   RAM/mem_168__5_              0.09           0.09           0.00  (VIOLATED: increase significant digits)
   RAM/mem_168__6_              0.09           0.09           0.00  (VIOLATED: increase significant digits)
   RAM/mem_168__7_              0.09           0.09           0.00  (VIOLATED: increase significant digits)
   RAM/mem_172__0_              0.09           0.09           0.00  (VIOLATED: increase significant digits)
   RAM/mem_172__1_              0.09           0.09           0.00  (VIOLATED: increase significant digits)
   RAM/mem_172__2_              0.09           0.09           0.00  (VIOLATED: increase significant digits)
   RAM/mem_172__3_              0.09           0.09           0.00  (VIOLATED: increase significant digits)
   RAM/mem_172__4_              0.09           0.09           0.00  (VIOLATED: increase significant digits)
   RAM/mem_172__5_              0.09           0.09           0.00  (VIOLATED: increase significant digits)
   RAM/mem_172__6_              0.09           0.09           0.00  (VIOLATED: increase significant digits)
   RAM/mem_172__7_              0.09           0.09           0.00  (VIOLATED: increase significant digits)
   RAM/mem_176__0_              0.09           0.09           0.00  (VIOLATED: increase significant digits)
   RAM/mem_176__1_              0.09           0.09           0.00  (VIOLATED: increase significant digits)
   RAM/mem_176__2_              0.09           0.09           0.00  (VIOLATED: increase significant digits)
   RAM/mem_176__3_              0.09           0.09           0.00  (VIOLATED: increase significant digits)
   RAM/mem_176__4_              0.09           0.09           0.00  (VIOLATED: increase significant digits)
   RAM/mem_176__5_              0.09           0.09           0.00  (VIOLATED: increase significant digits)
   RAM/mem_176__6_              0.09           0.09           0.00  (VIOLATED: increase significant digits)
   RAM/mem_176__7_              0.09           0.09           0.00  (VIOLATED: increase significant digits)
   RAM/mem_180__0_              0.09           0.09           0.00  (VIOLATED: increase significant digits)
   RAM/mem_180__1_              0.09           0.09           0.00  (VIOLATED: increase significant digits)
   RAM/mem_180__2_              0.09           0.09           0.00  (VIOLATED: increase significant digits)
   RAM/mem_180__3_              0.09           0.09           0.00  (VIOLATED: increase significant digits)
   RAM/mem_180__4_              0.09           0.09           0.00  (VIOLATED: increase significant digits)
   RAM/mem_180__5_              0.09           0.09           0.00  (VIOLATED: increase significant digits)
   RAM/mem_180__6_              0.09           0.09           0.00  (VIOLATED: increase significant digits)
   RAM/mem_180__7_              0.09           0.09           0.00  (VIOLATED: increase significant digits)
   RAM/mem_184__0_              0.09           0.09           0.00  (VIOLATED: increase significant digits)
   RAM/mem_184__1_              0.09           0.09           0.00  (VIOLATED: increase significant digits)
   RAM/mem_184__2_              0.09           0.09           0.00  (VIOLATED: increase significant digits)
   RAM/mem_184__3_              0.09           0.09           0.00  (VIOLATED: increase significant digits)
   RAM/mem_184__4_              0.09           0.09           0.00  (VIOLATED: increase significant digits)
   RAM/mem_184__5_              0.09           0.09           0.00  (VIOLATED: increase significant digits)
   RAM/mem_184__6_              0.09           0.09           0.00  (VIOLATED: increase significant digits)
   RAM/mem_184__7_              0.09           0.09           0.00  (VIOLATED: increase significant digits)
   RAM/mem_188__0_              0.09           0.09           0.00  (VIOLATED: increase significant digits)
   RAM/mem_188__1_              0.09           0.09           0.00  (VIOLATED: increase significant digits)
   RAM/mem_188__2_              0.09           0.09           0.00  (VIOLATED: increase significant digits)
   RAM/mem_188__3_              0.09           0.09           0.00  (VIOLATED: increase significant digits)
   RAM/mem_188__4_              0.09           0.09           0.00  (VIOLATED: increase significant digits)
   RAM/mem_188__5_              0.09           0.09           0.00  (VIOLATED: increase significant digits)
   RAM/mem_188__6_              0.09           0.09           0.00  (VIOLATED: increase significant digits)
   RAM/mem_188__7_              0.09           0.09           0.00  (VIOLATED: increase significant digits)
   RAM/mem_192__0_              0.09           0.09           0.00  (VIOLATED: increase significant digits)
   RAM/mem_192__1_              0.09           0.09           0.00  (VIOLATED: increase significant digits)
   RAM/mem_192__2_              0.09           0.09           0.00  (VIOLATED: increase significant digits)
   RAM/mem_192__3_              0.09           0.09           0.00  (VIOLATED: increase significant digits)
   RAM/mem_192__4_              0.09           0.09           0.00  (VIOLATED: increase significant digits)
   RAM/mem_192__5_              0.09           0.09           0.00  (VIOLATED: increase significant digits)
   RAM/mem_192__6_              0.09           0.09           0.00  (VIOLATED: increase significant digits)
   RAM/mem_192__7_              0.09           0.09           0.00  (VIOLATED: increase significant digits)
   RAM/mem_196__0_              0.09           0.09           0.00  (VIOLATED: increase significant digits)
   RAM/mem_196__1_              0.09           0.09           0.00  (VIOLATED: increase significant digits)
   RAM/mem_196__2_              0.09           0.09           0.00  (VIOLATED: increase significant digits)
   RAM/mem_196__3_              0.09           0.09           0.00  (VIOLATED: increase significant digits)
   RAM/mem_196__4_              0.09           0.09           0.00  (VIOLATED: increase significant digits)
   RAM/mem_196__5_              0.09           0.09           0.00  (VIOLATED: increase significant digits)
   RAM/mem_196__6_              0.09           0.09           0.00  (VIOLATED: increase significant digits)
   RAM/mem_196__7_              0.09           0.09           0.00  (VIOLATED: increase significant digits)
   RAM/mem_200__0_              0.09           0.09           0.00  (VIOLATED: increase significant digits)
   RAM/mem_200__1_              0.09           0.09           0.00  (VIOLATED: increase significant digits)
   RAM/mem_200__2_              0.09           0.09           0.00  (VIOLATED: increase significant digits)
   RAM/mem_200__3_              0.09           0.09           0.00  (VIOLATED: increase significant digits)
   RAM/mem_200__4_              0.09           0.09           0.00  (VIOLATED: increase significant digits)
   RAM/mem_200__5_              0.09           0.09           0.00  (VIOLATED: increase significant digits)
   RAM/mem_200__6_              0.09           0.09           0.00  (VIOLATED: increase significant digits)
   RAM/mem_200__7_              0.09           0.09           0.00  (VIOLATED: increase significant digits)
   RAM/mem_204__0_              0.09           0.09           0.00  (VIOLATED: increase significant digits)
   RAM/mem_204__1_              0.09           0.09           0.00  (VIOLATED: increase significant digits)
   RAM/mem_204__2_              0.09           0.09           0.00  (VIOLATED: increase significant digits)
   RAM/mem_204__3_              0.09           0.09           0.00  (VIOLATED: increase significant digits)
   RAM/mem_204__4_              0.09           0.09           0.00  (VIOLATED: increase significant digits)
   RAM/mem_204__5_              0.09           0.09           0.00  (VIOLATED: increase significant digits)
   RAM/mem_204__6_              0.09           0.09           0.00  (VIOLATED: increase significant digits)
   RAM/mem_204__7_              0.09           0.09           0.00  (VIOLATED: increase significant digits)
   RAM/mem_208__0_              0.09           0.09           0.00  (VIOLATED: increase significant digits)
   RAM/mem_208__1_              0.09           0.09           0.00  (VIOLATED: increase significant digits)
   RAM/mem_208__2_              0.09           0.09           0.00  (VIOLATED: increase significant digits)
   RAM/mem_208__3_              0.09           0.09           0.00  (VIOLATED: increase significant digits)
   RAM/mem_208__4_              0.09           0.09           0.00  (VIOLATED: increase significant digits)
   RAM/mem_208__5_              0.09           0.09           0.00  (VIOLATED: increase significant digits)
   RAM/mem_208__6_              0.09           0.09           0.00  (VIOLATED: increase significant digits)
   RAM/mem_208__7_              0.09           0.09           0.00  (VIOLATED: increase significant digits)
   RAM/mem_212__0_              0.09           0.09           0.00  (VIOLATED: increase significant digits)
   RAM/mem_212__1_              0.09           0.09           0.00  (VIOLATED: increase significant digits)
   RAM/mem_212__2_              0.09           0.09           0.00  (VIOLATED: increase significant digits)
   RAM/mem_212__3_              0.09           0.09           0.00  (VIOLATED: increase significant digits)
   RAM/mem_212__4_              0.09           0.09           0.00  (VIOLATED: increase significant digits)
   RAM/mem_212__5_              0.09           0.09           0.00  (VIOLATED: increase significant digits)
   RAM/mem_212__6_              0.09           0.09           0.00  (VIOLATED: increase significant digits)
   RAM/mem_212__7_              0.09           0.09           0.00  (VIOLATED: increase significant digits)
   RAM/mem_216__0_              0.09           0.09           0.00  (VIOLATED: increase significant digits)
   RAM/mem_216__1_              0.09           0.09           0.00  (VIOLATED: increase significant digits)
   RAM/mem_216__2_              0.09           0.09           0.00  (VIOLATED: increase significant digits)
   RAM/mem_216__3_              0.09           0.09           0.00  (VIOLATED: increase significant digits)
   RAM/mem_216__4_              0.09           0.09           0.00  (VIOLATED: increase significant digits)
   RAM/mem_216__5_              0.09           0.09           0.00  (VIOLATED: increase significant digits)
   RAM/mem_216__6_              0.09           0.09           0.00  (VIOLATED: increase significant digits)
   RAM/mem_216__7_              0.09           0.09           0.00  (VIOLATED: increase significant digits)
   RAM/mem_220__1_              0.09           0.09           0.00  (VIOLATED: increase significant digits)
   RAM/mem_220__2_              0.09           0.09           0.00  (VIOLATED: increase significant digits)
   RAM/mem_220__3_              0.09           0.09           0.00  (VIOLATED: increase significant digits)
   RAM/mem_220__4_              0.09           0.09           0.00  (VIOLATED: increase significant digits)
   RAM/mem_220__5_              0.09           0.09           0.00  (VIOLATED: increase significant digits)
   RAM/mem_220__6_              0.09           0.09           0.00  (VIOLATED: increase significant digits)
   RAM/mem_220__7_              0.09           0.09           0.00  (VIOLATED: increase significant digits)
   RAM/mem_224__0_              0.09           0.09           0.00  (VIOLATED: increase significant digits)
   RAM/mem_224__1_              0.09           0.09           0.00  (VIOLATED: increase significant digits)
   RAM/mem_224__2_              0.09           0.09           0.00  (VIOLATED: increase significant digits)
   RAM/mem_224__3_              0.09           0.09           0.00  (VIOLATED: increase significant digits)
   RAM/mem_224__4_              0.09           0.09           0.00  (VIOLATED: increase significant digits)
   RAM/mem_224__5_              0.09           0.09           0.00  (VIOLATED: increase significant digits)
   RAM/mem_224__6_              0.09           0.09           0.00  (VIOLATED: increase significant digits)
   RAM/mem_224__7_              0.09           0.09           0.00  (VIOLATED: increase significant digits)
   RAM/mem_228__0_              0.09           0.09           0.00  (VIOLATED: increase significant digits)
   RAM/mem_228__1_              0.09           0.09           0.00  (VIOLATED: increase significant digits)
   RAM/mem_228__2_              0.09           0.09           0.00  (VIOLATED: increase significant digits)
   RAM/mem_228__3_              0.09           0.09           0.00  (VIOLATED: increase significant digits)
   RAM/mem_228__4_              0.09           0.09           0.00  (VIOLATED: increase significant digits)
   RAM/mem_228__5_              0.09           0.09           0.00  (VIOLATED: increase significant digits)
   RAM/mem_228__6_              0.09           0.09           0.00  (VIOLATED: increase significant digits)
   RAM/mem_228__7_              0.09           0.09           0.00  (VIOLATED: increase significant digits)
   RAM/mem_232__0_              0.09           0.09           0.00  (VIOLATED: increase significant digits)
   RAM/mem_232__1_              0.09           0.09           0.00  (VIOLATED: increase significant digits)
   RAM/mem_232__3_              0.09           0.09           0.00  (VIOLATED: increase significant digits)
   RAM/mem_232__4_              0.09           0.09           0.00  (VIOLATED: increase significant digits)
   RAM/mem_232__5_              0.09           0.09           0.00  (VIOLATED: increase significant digits)
   RAM/mem_232__6_              0.09           0.09           0.00  (VIOLATED: increase significant digits)
   RAM/mem_232__7_              0.09           0.09           0.00  (VIOLATED: increase significant digits)
   RAM/mem_236__0_              0.09           0.09           0.00  (VIOLATED: increase significant digits)
   RAM/mem_236__1_              0.09           0.09           0.00  (VIOLATED: increase significant digits)
   RAM/mem_236__2_              0.09           0.09           0.00  (VIOLATED: increase significant digits)
   RAM/mem_236__3_              0.09           0.09           0.00  (VIOLATED: increase significant digits)
   RAM/mem_236__4_              0.09           0.09           0.00  (VIOLATED: increase significant digits)
   RAM/mem_236__5_              0.09           0.09           0.00  (VIOLATED: increase significant digits)
   RAM/mem_236__6_              0.09           0.09           0.00  (VIOLATED: increase significant digits)
   RAM/mem_236__7_              0.09           0.09           0.00  (VIOLATED: increase significant digits)
   RAM/mem_240__0_              0.09           0.09           0.00  (VIOLATED: increase significant digits)
   RAM/mem_240__1_              0.09           0.09           0.00  (VIOLATED: increase significant digits)
   RAM/mem_240__2_              0.09           0.09           0.00  (VIOLATED: increase significant digits)
   RAM/mem_240__3_              0.09           0.09           0.00  (VIOLATED: increase significant digits)
   RAM/mem_240__4_              0.09           0.09           0.00  (VIOLATED: increase significant digits)
   RAM/mem_240__5_              0.09           0.09           0.00  (VIOLATED: increase significant digits)
   RAM/mem_240__6_              0.09           0.09           0.00  (VIOLATED: increase significant digits)
   RAM/mem_240__7_              0.09           0.09           0.00  (VIOLATED: increase significant digits)
   RAM/mem_244__0_              0.09           0.09           0.00  (VIOLATED: increase significant digits)
   RAM/mem_244__1_              0.09           0.09           0.00  (VIOLATED: increase significant digits)
   RAM/mem_244__2_              0.09           0.09           0.00  (VIOLATED: increase significant digits)
   RAM/mem_244__3_              0.09           0.09           0.00  (VIOLATED: increase significant digits)
   RAM/mem_244__5_              0.09           0.09           0.00  (VIOLATED: increase significant digits)
   RAM/mem_244__6_              0.09           0.09           0.00  (VIOLATED: increase significant digits)
   RAM/mem_244__7_              0.09           0.09           0.00  (VIOLATED: increase significant digits)
   RAM/mem_248__0_              0.09           0.09           0.00  (VIOLATED: increase significant digits)
   RAM/mem_248__1_              0.09           0.09           0.00  (VIOLATED: increase significant digits)
   RAM/mem_248__2_              0.09           0.09           0.00  (VIOLATED: increase significant digits)
   RAM/mem_248__3_              0.09           0.09           0.00  (VIOLATED: increase significant digits)
   RAM/mem_248__4_              0.09           0.09           0.00  (VIOLATED: increase significant digits)
   RAM/mem_248__5_              0.09           0.09           0.00  (VIOLATED: increase significant digits)
   RAM/mem_248__6_              0.09           0.09           0.00  (VIOLATED: increase significant digits)
   RAM/mem_248__7_              0.09           0.09           0.00  (VIOLATED: increase significant digits)
   RAM/mem_252__0_              0.09           0.09           0.00  (VIOLATED: increase significant digits)
   RAM/mem_252__1_              0.09           0.09           0.00  (VIOLATED: increase significant digits)
   RAM/mem_252__2_              0.09           0.09           0.00  (VIOLATED: increase significant digits)
   RAM/mem_252__3_              0.09           0.09           0.00  (VIOLATED: increase significant digits)
   RAM/mem_252__4_              0.09           0.09           0.00  (VIOLATED: increase significant digits)
   RAM/mem_252__5_              0.09           0.09           0.00  (VIOLATED: increase significant digits)
   RAM/mem_252__6_              0.09           0.09           0.00  (VIOLATED: increase significant digits)
   RAM/mem_252__7_              0.09           0.09           0.00  (VIOLATED: increase significant digits)
   RAM/mem_2__0_                0.09           0.09           0.00  (VIOLATED: increase significant digits)
   RAM/mem_2__1_                0.09           0.09           0.00  (VIOLATED: increase significant digits)
   RAM/mem_2__2_                0.09           0.09           0.00  (VIOLATED: increase significant digits)
   RAM/mem_2__3_                0.09           0.09           0.00  (VIOLATED: increase significant digits)
   RAM/mem_2__4_                0.09           0.09           0.00  (VIOLATED: increase significant digits)
   RAM/mem_2__5_                0.09           0.09           0.00  (VIOLATED: increase significant digits)
   RAM/mem_2__6_                0.09           0.09           0.00  (VIOLATED: increase significant digits)
   RAM/mem_2__7_                0.09           0.09           0.00  (VIOLATED: increase significant digits)
   RAM/mem_6__0_                0.09           0.09           0.00  (VIOLATED: increase significant digits)
   RAM/mem_6__1_                0.09           0.09           0.00  (VIOLATED: increase significant digits)
   RAM/mem_6__2_                0.09           0.09           0.00  (VIOLATED: increase significant digits)
   RAM/mem_6__3_                0.09           0.09           0.00  (VIOLATED: increase significant digits)
   RAM/mem_6__4_                0.09           0.09           0.00  (VIOLATED: increase significant digits)
   RAM/mem_6__5_                0.09           0.09           0.00  (VIOLATED: increase significant digits)
   RAM/mem_6__6_                0.09           0.09           0.00  (VIOLATED: increase significant digits)
   RAM/mem_6__7_                0.09           0.09           0.00  (VIOLATED: increase significant digits)
   RAM/mem_10__0_               0.09           0.09           0.00  (VIOLATED: increase significant digits)
   RAM/mem_10__1_               0.09           0.09           0.00  (VIOLATED: increase significant digits)
   RAM/mem_10__3_               0.09           0.09           0.00  (VIOLATED: increase significant digits)
   RAM/mem_10__4_               0.09           0.09           0.00  (VIOLATED: increase significant digits)
   RAM/mem_10__5_               0.09           0.09           0.00  (VIOLATED: increase significant digits)
   RAM/mem_10__6_               0.09           0.09           0.00  (VIOLATED: increase significant digits)
   RAM/mem_10__7_               0.09           0.09           0.00  (VIOLATED: increase significant digits)
   RAM/mem_14__0_               0.09           0.09           0.00  (VIOLATED: increase significant digits)
   RAM/mem_14__1_               0.09           0.09           0.00  (VIOLATED: increase significant digits)
   RAM/mem_14__2_               0.09           0.09           0.00  (VIOLATED: increase significant digits)
   RAM/mem_14__3_               0.09           0.09           0.00  (VIOLATED: increase significant digits)
   RAM/mem_14__4_               0.09           0.09           0.00  (VIOLATED: increase significant digits)
   RAM/mem_14__5_               0.09           0.09           0.00  (VIOLATED: increase significant digits)
   RAM/mem_14__6_               0.09           0.09           0.00  (VIOLATED: increase significant digits)
   RAM/mem_14__7_               0.09           0.09           0.00  (VIOLATED: increase significant digits)
   RAM/mem_18__0_               0.09           0.09           0.00  (VIOLATED: increase significant digits)
   RAM/mem_18__1_               0.09           0.09           0.00  (VIOLATED: increase significant digits)
   RAM/mem_18__2_               0.09           0.09           0.00  (VIOLATED: increase significant digits)
   RAM/mem_18__3_               0.09           0.09           0.00  (VIOLATED: increase significant digits)
   RAM/mem_18__4_               0.09           0.09           0.00  (VIOLATED: increase significant digits)
   RAM/mem_18__5_               0.09           0.09           0.00  (VIOLATED: increase significant digits)
   RAM/mem_18__6_               0.09           0.09           0.00  (VIOLATED: increase significant digits)
   RAM/mem_18__7_               0.09           0.09           0.00  (VIOLATED: increase significant digits)
   RAM/mem_22__0_               0.09           0.09           0.00  (VIOLATED: increase significant digits)
   RAM/mem_22__1_               0.09           0.09           0.00  (VIOLATED: increase significant digits)
   RAM/mem_22__2_               0.09           0.09           0.00  (VIOLATED: increase significant digits)
   RAM/mem_22__3_               0.09           0.09           0.00  (VIOLATED: increase significant digits)
   RAM/mem_22__4_               0.09           0.09           0.00  (VIOLATED: increase significant digits)
   RAM/mem_22__6_               0.09           0.09           0.00  (VIOLATED: increase significant digits)
   RAM/mem_22__7_               0.09           0.09           0.00  (VIOLATED: increase significant digits)
   RAM/mem_26__0_               0.09           0.09           0.00  (VIOLATED: increase significant digits)
   RAM/mem_26__1_               0.09           0.09           0.00  (VIOLATED: increase significant digits)
   RAM/mem_26__2_               0.09           0.09           0.00  (VIOLATED: increase significant digits)
   RAM/mem_26__3_               0.09           0.09           0.00  (VIOLATED: increase significant digits)
   RAM/mem_26__4_               0.09           0.09           0.00  (VIOLATED: increase significant digits)
   RAM/mem_26__5_               0.09           0.09           0.00  (VIOLATED: increase significant digits)
   RAM/mem_26__6_               0.09           0.09           0.00  (VIOLATED: increase significant digits)
   RAM/mem_26__7_               0.09           0.09           0.00  (VIOLATED: increase significant digits)
   RAM/mem_30__0_               0.09           0.09           0.00  (VIOLATED: increase significant digits)
   RAM/mem_30__1_               0.09           0.09           0.00  (VIOLATED: increase significant digits)
   RAM/mem_30__2_               0.09           0.09           0.00  (VIOLATED: increase significant digits)
   RAM/mem_30__3_               0.09           0.09           0.00  (VIOLATED: increase significant digits)
   RAM/mem_30__4_               0.09           0.09           0.00  (VIOLATED: increase significant digits)
   RAM/mem_30__5_               0.09           0.09           0.00  (VIOLATED: increase significant digits)
   RAM/mem_30__6_               0.09           0.09           0.00  (VIOLATED: increase significant digits)
   RAM/mem_30__7_               0.09           0.09           0.00  (VIOLATED: increase significant digits)
   RAM/mem_34__0_               0.09           0.09           0.00  (VIOLATED: increase significant digits)
   RAM/mem_34__1_               0.09           0.09           0.00  (VIOLATED: increase significant digits)
   RAM/mem_34__2_               0.09           0.09           0.00  (VIOLATED: increase significant digits)
   RAM/mem_34__3_               0.09           0.09           0.00  (VIOLATED: increase significant digits)
   RAM/mem_34__4_               0.09           0.09           0.00  (VIOLATED: increase significant digits)
   RAM/mem_34__5_               0.09           0.09           0.00  (VIOLATED: increase significant digits)
   RAM/mem_34__6_               0.09           0.09           0.00  (VIOLATED: increase significant digits)
   RAM/mem_34__7_               0.09           0.09           0.00  (VIOLATED: increase significant digits)
   RAM/mem_38__0_               0.09           0.09           0.00  (VIOLATED: increase significant digits)
   RAM/mem_38__1_               0.09           0.09           0.00  (VIOLATED: increase significant digits)
   RAM/mem_38__2_               0.09           0.09           0.00  (VIOLATED: increase significant digits)
   RAM/mem_38__3_               0.09           0.09           0.00  (VIOLATED: increase significant digits)
   RAM/mem_38__4_               0.09           0.09           0.00  (VIOLATED: increase significant digits)
   RAM/mem_38__5_               0.09           0.09           0.00  (VIOLATED: increase significant digits)
   RAM/mem_38__6_               0.09           0.09           0.00  (VIOLATED: increase significant digits)
   RAM/mem_38__7_               0.09           0.09           0.00  (VIOLATED: increase significant digits)
   RAM/mem_42__0_               0.09           0.09           0.00  (VIOLATED: increase significant digits)
   RAM/mem_42__1_               0.09           0.09           0.00  (VIOLATED: increase significant digits)
   RAM/mem_42__2_               0.09           0.09           0.00  (VIOLATED: increase significant digits)
   RAM/mem_42__3_               0.09           0.09           0.00  (VIOLATED: increase significant digits)
   RAM/mem_42__4_               0.09           0.09           0.00  (VIOLATED: increase significant digits)
   RAM/mem_42__5_               0.09           0.09           0.00  (VIOLATED: increase significant digits)
   RAM/mem_42__6_               0.09           0.09           0.00  (VIOLATED: increase significant digits)
   RAM/mem_42__7_               0.09           0.09           0.00  (VIOLATED: increase significant digits)
   RAM/mem_46__0_               0.09           0.09           0.00  (VIOLATED: increase significant digits)
   RAM/mem_46__1_               0.09           0.09           0.00  (VIOLATED: increase significant digits)
   RAM/mem_46__2_               0.09           0.09           0.00  (VIOLATED: increase significant digits)
   RAM/mem_46__3_               0.09           0.09           0.00  (VIOLATED: increase significant digits)
   RAM/mem_46__4_               0.09           0.09           0.00  (VIOLATED: increase significant digits)
   RAM/mem_46__5_               0.09           0.09           0.00  (VIOLATED: increase significant digits)
   RAM/mem_46__6_               0.09           0.09           0.00  (VIOLATED: increase significant digits)
   RAM/mem_46__7_               0.09           0.09           0.00  (VIOLATED: increase significant digits)
   RAM/mem_50__0_               0.09           0.09           0.00  (VIOLATED: increase significant digits)
   RAM/mem_50__1_               0.09           0.09           0.00  (VIOLATED: increase significant digits)
   RAM/mem_50__2_               0.09           0.09           0.00  (VIOLATED: increase significant digits)
   RAM/mem_50__3_               0.09           0.09           0.00  (VIOLATED: increase significant digits)
   RAM/mem_50__4_               0.09           0.09           0.00  (VIOLATED: increase significant digits)
   RAM/mem_50__5_               0.09           0.09           0.00  (VIOLATED: increase significant digits)
   RAM/mem_50__6_               0.09           0.09           0.00  (VIOLATED: increase significant digits)
   RAM/mem_50__7_               0.09           0.09           0.00  (VIOLATED: increase significant digits)
   RAM/mem_54__0_               0.09           0.09           0.00  (VIOLATED: increase significant digits)
   RAM/mem_54__1_               0.09           0.09           0.00  (VIOLATED: increase significant digits)
   RAM/mem_54__2_               0.09           0.09           0.00  (VIOLATED: increase significant digits)
   RAM/mem_54__3_               0.09           0.09           0.00  (VIOLATED: increase significant digits)
   RAM/mem_54__4_               0.09           0.09           0.00  (VIOLATED: increase significant digits)
   RAM/mem_54__5_               0.09           0.09           0.00  (VIOLATED: increase significant digits)
   RAM/mem_54__6_               0.09           0.09           0.00  (VIOLATED: increase significant digits)
   RAM/mem_54__7_               0.09           0.09           0.00  (VIOLATED: increase significant digits)
   RAM/mem_58__0_               0.09           0.09           0.00  (VIOLATED: increase significant digits)
   RAM/mem_58__1_               0.09           0.09           0.00  (VIOLATED: increase significant digits)
   RAM/mem_58__2_               0.09           0.09           0.00  (VIOLATED: increase significant digits)
   RAM/mem_58__3_               0.09           0.09           0.00  (VIOLATED: increase significant digits)
   RAM/mem_58__4_               0.09           0.09           0.00  (VIOLATED: increase significant digits)
   RAM/mem_58__5_               0.09           0.09           0.00  (VIOLATED: increase significant digits)
   RAM/mem_58__6_               0.09           0.09           0.00  (VIOLATED: increase significant digits)
   RAM/mem_58__7_               0.09           0.09           0.00  (VIOLATED: increase significant digits)
   RAM/mem_62__0_               0.09           0.09           0.00  (VIOLATED: increase significant digits)
   RAM/mem_62__1_               0.09           0.09           0.00  (VIOLATED: increase significant digits)
   RAM/mem_62__2_               0.09           0.09           0.00  (VIOLATED: increase significant digits)
   RAM/mem_62__3_               0.09           0.09           0.00  (VIOLATED: increase significant digits)
   RAM/mem_62__4_               0.09           0.09           0.00  (VIOLATED: increase significant digits)
   RAM/mem_62__5_               0.09           0.09           0.00  (VIOLATED: increase significant digits)
   RAM/mem_62__6_               0.09           0.09           0.00  (VIOLATED: increase significant digits)
   RAM/mem_62__7_               0.09           0.09           0.00  (VIOLATED: increase significant digits)
   RAM/mem_66__0_               0.09           0.09           0.00  (VIOLATED: increase significant digits)
   RAM/mem_66__1_               0.09           0.09           0.00  (VIOLATED: increase significant digits)
   RAM/mem_66__2_               0.09           0.09           0.00  (VIOLATED: increase significant digits)
   RAM/mem_66__3_               0.09           0.09           0.00  (VIOLATED: increase significant digits)
   RAM/mem_66__4_               0.09           0.09           0.00  (VIOLATED: increase significant digits)
   RAM/mem_66__5_               0.09           0.09           0.00  (VIOLATED: increase significant digits)
   RAM/mem_66__6_               0.09           0.09           0.00  (VIOLATED: increase significant digits)
   RAM/mem_66__7_               0.09           0.09           0.00  (VIOLATED: increase significant digits)
   RAM/mem_70__0_               0.09           0.09           0.00  (VIOLATED: increase significant digits)
   RAM/mem_70__1_               0.09           0.09           0.00  (VIOLATED: increase significant digits)
   RAM/mem_70__2_               0.09           0.09           0.00  (VIOLATED: increase significant digits)
   RAM/mem_70__3_               0.09           0.09           0.00  (VIOLATED: increase significant digits)
   RAM/mem_70__4_               0.09           0.09           0.00  (VIOLATED: increase significant digits)
   RAM/mem_70__5_               0.09           0.09           0.00  (VIOLATED: increase significant digits)
   RAM/mem_70__6_               0.09           0.09           0.00  (VIOLATED: increase significant digits)
   RAM/mem_70__7_               0.09           0.09           0.00  (VIOLATED: increase significant digits)
   RAM/mem_74__0_               0.09           0.09           0.00  (VIOLATED: increase significant digits)
   RAM/mem_74__1_               0.09           0.09           0.00  (VIOLATED: increase significant digits)
   RAM/mem_74__2_               0.09           0.09           0.00  (VIOLATED: increase significant digits)
   RAM/mem_74__3_               0.09           0.09           0.00  (VIOLATED: increase significant digits)
   RAM/mem_74__4_               0.09           0.09           0.00  (VIOLATED: increase significant digits)
   RAM/mem_74__5_               0.09           0.09           0.00  (VIOLATED: increase significant digits)
   RAM/mem_74__6_               0.09           0.09           0.00  (VIOLATED: increase significant digits)
   RAM/mem_74__7_               0.09           0.09           0.00  (VIOLATED: increase significant digits)
   RAM/mem_78__0_               0.09           0.09           0.00  (VIOLATED: increase significant digits)
   RAM/mem_78__1_               0.09           0.09           0.00  (VIOLATED: increase significant digits)
   RAM/mem_78__2_               0.09           0.09           0.00  (VIOLATED: increase significant digits)
   RAM/mem_78__3_               0.09           0.09           0.00  (VIOLATED: increase significant digits)
   RAM/mem_78__4_               0.09           0.09           0.00  (VIOLATED: increase significant digits)
   RAM/mem_78__5_               0.09           0.09           0.00  (VIOLATED: increase significant digits)
   RAM/mem_78__6_               0.09           0.09           0.00  (VIOLATED: increase significant digits)
   RAM/mem_78__7_               0.09           0.09           0.00  (VIOLATED: increase significant digits)
   RAM/mem_82__0_               0.09           0.09           0.00  (VIOLATED: increase significant digits)
   RAM/mem_82__1_               0.09           0.09           0.00  (VIOLATED: increase significant digits)
   RAM/mem_82__2_               0.09           0.09           0.00  (VIOLATED: increase significant digits)
   RAM/mem_82__3_               0.09           0.09           0.00  (VIOLATED: increase significant digits)
   RAM/mem_82__4_               0.09           0.09           0.00  (VIOLATED: increase significant digits)
   RAM/mem_82__5_               0.09           0.09           0.00  (VIOLATED: increase significant digits)
   RAM/mem_82__6_               0.09           0.09           0.00  (VIOLATED: increase significant digits)
   RAM/mem_82__7_               0.09           0.09           0.00  (VIOLATED: increase significant digits)
   RAM/mem_86__0_               0.09           0.09           0.00  (VIOLATED: increase significant digits)
   RAM/mem_86__1_               0.09           0.09           0.00  (VIOLATED: increase significant digits)
   RAM/mem_86__2_               0.09           0.09           0.00  (VIOLATED: increase significant digits)
   RAM/mem_86__3_               0.09           0.09           0.00  (VIOLATED: increase significant digits)
   RAM/mem_86__4_               0.09           0.09           0.00  (VIOLATED: increase significant digits)
   RAM/mem_86__5_               0.09           0.09           0.00  (VIOLATED: increase significant digits)
   RAM/mem_86__6_               0.09           0.09           0.00  (VIOLATED: increase significant digits)
   RAM/mem_86__7_               0.09           0.09           0.00  (VIOLATED: increase significant digits)
   RAM/mem_90__0_               0.09           0.09           0.00  (VIOLATED: increase significant digits)
   RAM/mem_90__1_               0.09           0.09           0.00  (VIOLATED: increase significant digits)
   RAM/mem_90__2_               0.09           0.09           0.00  (VIOLATED: increase significant digits)
   RAM/mem_90__3_               0.09           0.09           0.00  (VIOLATED: increase significant digits)
   RAM/mem_90__4_               0.09           0.09           0.00  (VIOLATED: increase significant digits)
   RAM/mem_90__5_               0.09           0.09           0.00  (VIOLATED: increase significant digits)
   RAM/mem_90__6_               0.09           0.09           0.00  (VIOLATED: increase significant digits)
   RAM/mem_90__7_               0.09           0.09           0.00  (VIOLATED: increase significant digits)
   RAM/mem_94__0_               0.09           0.09           0.00  (VIOLATED: increase significant digits)
   RAM/mem_94__1_               0.09           0.09           0.00  (VIOLATED: increase significant digits)
   RAM/mem_94__2_               0.09           0.09           0.00  (VIOLATED: increase significant digits)
   RAM/mem_94__3_               0.09           0.09           0.00  (VIOLATED: increase significant digits)
   RAM/mem_94__4_               0.09           0.09           0.00  (VIOLATED: increase significant digits)
   RAM/mem_94__5_               0.09           0.09           0.00  (VIOLATED: increase significant digits)
   RAM/mem_94__6_               0.09           0.09           0.00  (VIOLATED: increase significant digits)
   RAM/mem_94__7_               0.09           0.09           0.00  (VIOLATED: increase significant digits)
   RAM/mem_98__0_               0.09           0.09           0.00  (VIOLATED: increase significant digits)
   RAM/mem_98__1_               0.09           0.09           0.00  (VIOLATED: increase significant digits)
   RAM/mem_98__2_               0.09           0.09           0.00  (VIOLATED: increase significant digits)
   RAM/mem_98__3_               0.09           0.09           0.00  (VIOLATED: increase significant digits)
   RAM/mem_98__4_               0.09           0.09           0.00  (VIOLATED: increase significant digits)
   RAM/mem_98__5_               0.09           0.09           0.00  (VIOLATED: increase significant digits)
   RAM/mem_98__6_               0.09           0.09           0.00  (VIOLATED: increase significant digits)
   RAM/mem_98__7_               0.09           0.09           0.00  (VIOLATED: increase significant digits)
   RAM/mem_102__0_              0.09           0.09           0.00  (VIOLATED: increase significant digits)
   RAM/mem_102__1_              0.09           0.09           0.00  (VIOLATED: increase significant digits)
   RAM/mem_102__2_              0.09           0.09           0.00  (VIOLATED: increase significant digits)
   RAM/mem_102__3_              0.09           0.09           0.00  (VIOLATED: increase significant digits)
   RAM/mem_102__4_              0.09           0.09           0.00  (VIOLATED: increase significant digits)
   RAM/mem_102__5_              0.09           0.09           0.00  (VIOLATED: increase significant digits)
   RAM/mem_102__6_              0.09           0.09           0.00  (VIOLATED: increase significant digits)
   RAM/mem_102__7_              0.09           0.09           0.00  (VIOLATED: increase significant digits)
   RAM/mem_106__0_              0.09           0.09           0.00  (VIOLATED: increase significant digits)
   RAM/mem_106__1_              0.09           0.09           0.00  (VIOLATED: increase significant digits)
   RAM/mem_106__2_              0.09           0.09           0.00  (VIOLATED: increase significant digits)
   RAM/mem_106__3_              0.09           0.09           0.00  (VIOLATED: increase significant digits)
   RAM/mem_106__4_              0.09           0.09           0.00  (VIOLATED: increase significant digits)
   RAM/mem_106__5_              0.09           0.09           0.00  (VIOLATED: increase significant digits)
   RAM/mem_106__6_              0.09           0.09           0.00  (VIOLATED: increase significant digits)
   RAM/mem_106__7_              0.09           0.09           0.00  (VIOLATED: increase significant digits)
   RAM/mem_110__0_              0.09           0.09           0.00  (VIOLATED: increase significant digits)
   RAM/mem_110__1_              0.09           0.09           0.00  (VIOLATED: increase significant digits)
   RAM/mem_110__2_              0.09           0.09           0.00  (VIOLATED: increase significant digits)
   RAM/mem_110__3_              0.09           0.09           0.00  (VIOLATED: increase significant digits)
   RAM/mem_110__4_              0.09           0.09           0.00  (VIOLATED: increase significant digits)
   RAM/mem_110__5_              0.09           0.09           0.00  (VIOLATED: increase significant digits)
   RAM/mem_110__6_              0.09           0.09           0.00  (VIOLATED: increase significant digits)
   RAM/mem_110__7_              0.09           0.09           0.00  (VIOLATED: increase significant digits)
   RAM/mem_114__0_              0.09           0.09           0.00  (VIOLATED: increase significant digits)
   RAM/mem_114__1_              0.09           0.09           0.00  (VIOLATED: increase significant digits)
   RAM/mem_114__2_              0.09           0.09           0.00  (VIOLATED: increase significant digits)
   RAM/mem_114__3_              0.09           0.09           0.00  (VIOLATED: increase significant digits)
   RAM/mem_114__4_              0.09           0.09           0.00  (VIOLATED: increase significant digits)
   RAM/mem_114__5_              0.09           0.09           0.00  (VIOLATED: increase significant digits)
   RAM/mem_114__6_              0.09           0.09           0.00  (VIOLATED: increase significant digits)
   RAM/mem_114__7_              0.09           0.09           0.00  (VIOLATED: increase significant digits)
   RAM/mem_118__0_              0.09           0.09           0.00  (VIOLATED: increase significant digits)
   RAM/mem_118__1_              0.09           0.09           0.00  (VIOLATED: increase significant digits)
   RAM/mem_118__2_              0.09           0.09           0.00  (VIOLATED: increase significant digits)
   RAM/mem_118__3_              0.09           0.09           0.00  (VIOLATED: increase significant digits)
   RAM/mem_118__4_              0.09           0.09           0.00  (VIOLATED: increase significant digits)
   RAM/mem_118__5_              0.09           0.09           0.00  (VIOLATED: increase significant digits)
   RAM/mem_118__6_              0.09           0.09           0.00  (VIOLATED: increase significant digits)
   RAM/mem_118__7_              0.09           0.09           0.00  (VIOLATED: increase significant digits)
   RAM/mem_122__0_              0.09           0.09           0.00  (VIOLATED: increase significant digits)
   RAM/mem_122__1_              0.09           0.09           0.00  (VIOLATED: increase significant digits)
   RAM/mem_122__2_              0.09           0.09           0.00  (VIOLATED: increase significant digits)
   RAM/mem_122__3_              0.09           0.09           0.00  (VIOLATED: increase significant digits)
   RAM/mem_122__4_              0.09           0.09           0.00  (VIOLATED: increase significant digits)
   RAM/mem_122__5_              0.09           0.09           0.00  (VIOLATED: increase significant digits)
   RAM/mem_122__6_              0.09           0.09           0.00  (VIOLATED: increase significant digits)
   RAM/mem_122__7_              0.09           0.09           0.00  (VIOLATED: increase significant digits)
   RAM/mem_126__0_              0.09           0.09           0.00  (VIOLATED: increase significant digits)
   RAM/mem_126__1_              0.09           0.09           0.00  (VIOLATED: increase significant digits)
   RAM/mem_126__2_              0.09           0.09           0.00  (VIOLATED: increase significant digits)
   RAM/mem_126__3_              0.09           0.09           0.00  (VIOLATED: increase significant digits)
   RAM/mem_126__4_              0.09           0.09           0.00  (VIOLATED: increase significant digits)
   RAM/mem_126__5_              0.09           0.09           0.00  (VIOLATED: increase significant digits)
   RAM/mem_126__6_              0.09           0.09           0.00  (VIOLATED: increase significant digits)
   RAM/mem_126__7_              0.09           0.09           0.00  (VIOLATED: increase significant digits)
   RAM/mem_130__0_              0.09           0.09           0.00  (VIOLATED: increase significant digits)
   RAM/mem_130__1_              0.09           0.09           0.00  (VIOLATED: increase significant digits)
   RAM/mem_130__2_              0.09           0.09           0.00  (VIOLATED: increase significant digits)
   RAM/mem_130__3_              0.09           0.09           0.00  (VIOLATED: increase significant digits)
   RAM/mem_130__4_              0.09           0.09           0.00  (VIOLATED: increase significant digits)
   RAM/mem_130__5_              0.09           0.09           0.00  (VIOLATED: increase significant digits)
   RAM/mem_130__6_              0.09           0.09           0.00  (VIOLATED: increase significant digits)
   RAM/mem_130__7_              0.09           0.09           0.00  (VIOLATED: increase significant digits)
   RAM/mem_134__1_              0.09           0.09           0.00  (VIOLATED: increase significant digits)
   RAM/mem_134__2_              0.09           0.09           0.00  (VIOLATED: increase significant digits)
   RAM/mem_134__3_              0.09           0.09           0.00  (VIOLATED: increase significant digits)
   RAM/mem_134__4_              0.09           0.09           0.00  (VIOLATED: increase significant digits)
   RAM/mem_134__5_              0.09           0.09           0.00  (VIOLATED: increase significant digits)
   RAM/mem_134__6_              0.09           0.09           0.00  (VIOLATED: increase significant digits)
   RAM/mem_134__7_              0.09           0.09           0.00  (VIOLATED: increase significant digits)
   RAM/mem_138__0_              0.09           0.09           0.00  (VIOLATED: increase significant digits)
   RAM/mem_138__1_              0.09           0.09           0.00  (VIOLATED: increase significant digits)
   RAM/mem_138__2_              0.09           0.09           0.00  (VIOLATED: increase significant digits)
   RAM/mem_138__3_              0.09           0.09           0.00  (VIOLATED: increase significant digits)
   RAM/mem_138__4_              0.09           0.09           0.00  (VIOLATED: increase significant digits)
   RAM/mem_138__5_              0.09           0.09           0.00  (VIOLATED: increase significant digits)
   RAM/mem_138__6_              0.09           0.09           0.00  (VIOLATED: increase significant digits)
   RAM/mem_138__7_              0.09           0.09           0.00  (VIOLATED: increase significant digits)
   RAM/mem_142__0_              0.09           0.09           0.00  (VIOLATED: increase significant digits)
   RAM/mem_142__1_              0.09           0.09           0.00  (VIOLATED: increase significant digits)
   RAM/mem_142__2_              0.09           0.09           0.00  (VIOLATED: increase significant digits)
   RAM/mem_142__3_              0.09           0.09           0.00  (VIOLATED: increase significant digits)
   RAM/mem_142__4_              0.09           0.09           0.00  (VIOLATED: increase significant digits)
   RAM/mem_142__5_              0.09           0.09           0.00  (VIOLATED: increase significant digits)
   RAM/mem_142__6_              0.09           0.09           0.00  (VIOLATED: increase significant digits)
   RAM/mem_142__7_              0.09           0.09           0.00  (VIOLATED: increase significant digits)
   RAM/mem_146__0_              0.09           0.09           0.00  (VIOLATED: increase significant digits)
   RAM/mem_146__1_              0.09           0.09           0.00  (VIOLATED: increase significant digits)
   RAM/mem_146__2_              0.09           0.09           0.00  (VIOLATED: increase significant digits)
   RAM/mem_146__4_              0.09           0.09           0.00  (VIOLATED: increase significant digits)
   RAM/mem_146__5_              0.09           0.09           0.00  (VIOLATED: increase significant digits)
   RAM/mem_146__6_              0.09           0.09           0.00  (VIOLATED: increase significant digits)
   RAM/mem_146__7_              0.09           0.09           0.00  (VIOLATED: increase significant digits)
   RAM/mem_150__0_              0.09           0.09           0.00  (VIOLATED: increase significant digits)
   RAM/mem_150__1_              0.09           0.09           0.00  (VIOLATED: increase significant digits)
   RAM/mem_150__2_              0.09           0.09           0.00  (VIOLATED: increase significant digits)
   RAM/mem_150__3_              0.09           0.09           0.00  (VIOLATED: increase significant digits)
   RAM/mem_150__4_              0.09           0.09           0.00  (VIOLATED: increase significant digits)
   RAM/mem_150__5_              0.09           0.09           0.00  (VIOLATED: increase significant digits)
   RAM/mem_150__6_              0.09           0.09           0.00  (VIOLATED: increase significant digits)
   RAM/mem_150__7_              0.09           0.09           0.00  (VIOLATED: increase significant digits)
   RAM/mem_154__0_              0.09           0.09           0.00  (VIOLATED: increase significant digits)
   RAM/mem_154__1_              0.09           0.09           0.00  (VIOLATED: increase significant digits)
   RAM/mem_154__2_              0.09           0.09           0.00  (VIOLATED: increase significant digits)
   RAM/mem_154__3_              0.09           0.09           0.00  (VIOLATED: increase significant digits)
   RAM/mem_154__4_              0.09           0.09           0.00  (VIOLATED: increase significant digits)
   RAM/mem_154__5_              0.09           0.09           0.00  (VIOLATED: increase significant digits)
   RAM/mem_154__6_              0.09           0.09           0.00  (VIOLATED: increase significant digits)
   RAM/mem_154__7_              0.09           0.09           0.00  (VIOLATED: increase significant digits)
   RAM/mem_158__0_              0.09           0.09           0.00  (VIOLATED: increase significant digits)
   RAM/mem_158__1_              0.09           0.09           0.00  (VIOLATED: increase significant digits)
   RAM/mem_158__2_              0.09           0.09           0.00  (VIOLATED: increase significant digits)
   RAM/mem_158__3_              0.09           0.09           0.00  (VIOLATED: increase significant digits)
   RAM/mem_158__4_              0.09           0.09           0.00  (VIOLATED: increase significant digits)
   RAM/mem_158__5_              0.09           0.09           0.00  (VIOLATED: increase significant digits)
   RAM/mem_158__7_              0.09           0.09           0.00  (VIOLATED: increase significant digits)
   RAM/mem_162__0_              0.09           0.09           0.00  (VIOLATED: increase significant digits)
   RAM/mem_162__1_              0.09           0.09           0.00  (VIOLATED: increase significant digits)
   RAM/mem_162__2_              0.09           0.09           0.00  (VIOLATED: increase significant digits)
   RAM/mem_162__3_              0.09           0.09           0.00  (VIOLATED: increase significant digits)
   RAM/mem_162__4_              0.09           0.09           0.00  (VIOLATED: increase significant digits)
   RAM/mem_162__5_              0.09           0.09           0.00  (VIOLATED: increase significant digits)
   RAM/mem_162__6_              0.09           0.09           0.00  (VIOLATED: increase significant digits)
   RAM/mem_162__7_              0.09           0.09           0.00  (VIOLATED: increase significant digits)
   RAM/mem_166__0_              0.09           0.09           0.00  (VIOLATED: increase significant digits)
   RAM/mem_166__1_              0.09           0.09           0.00  (VIOLATED: increase significant digits)
   RAM/mem_166__2_              0.09           0.09           0.00  (VIOLATED: increase significant digits)
   RAM/mem_166__3_              0.09           0.09           0.00  (VIOLATED: increase significant digits)
   RAM/mem_166__4_              0.09           0.09           0.00  (VIOLATED: increase significant digits)
   RAM/mem_166__5_              0.09           0.09           0.00  (VIOLATED: increase significant digits)
   RAM/mem_166__6_              0.09           0.09           0.00  (VIOLATED: increase significant digits)
   RAM/mem_166__7_              0.09           0.09           0.00  (VIOLATED: increase significant digits)
   RAM/mem_170__0_              0.09           0.09           0.00  (VIOLATED: increase significant digits)
   RAM/mem_170__1_              0.09           0.09           0.00  (VIOLATED: increase significant digits)
   RAM/mem_170__2_              0.09           0.09           0.00  (VIOLATED: increase significant digits)
   RAM/mem_170__3_              0.09           0.09           0.00  (VIOLATED: increase significant digits)
   RAM/mem_170__4_              0.09           0.09           0.00  (VIOLATED: increase significant digits)
   RAM/mem_170__5_              0.09           0.09           0.00  (VIOLATED: increase significant digits)
   RAM/mem_170__6_              0.09           0.09           0.00  (VIOLATED: increase significant digits)
   RAM/mem_170__7_              0.09           0.09           0.00  (VIOLATED: increase significant digits)
   RAM/mem_174__0_              0.09           0.09           0.00  (VIOLATED: increase significant digits)
   RAM/mem_174__1_              0.09           0.09           0.00  (VIOLATED: increase significant digits)
   RAM/mem_174__2_              0.09           0.09           0.00  (VIOLATED: increase significant digits)
   RAM/mem_174__3_              0.09           0.09           0.00  (VIOLATED: increase significant digits)
   RAM/mem_174__4_              0.09           0.09           0.00  (VIOLATED: increase significant digits)
   RAM/mem_174__5_              0.09           0.09           0.00  (VIOLATED: increase significant digits)
   RAM/mem_174__6_              0.09           0.09           0.00  (VIOLATED: increase significant digits)
   RAM/mem_174__7_              0.09           0.09           0.00  (VIOLATED: increase significant digits)
   RAM/mem_178__0_              0.09           0.09           0.00  (VIOLATED: increase significant digits)
   RAM/mem_178__1_              0.09           0.09           0.00  (VIOLATED: increase significant digits)
   RAM/mem_178__2_              0.09           0.09           0.00  (VIOLATED: increase significant digits)
   RAM/mem_178__3_              0.09           0.09           0.00  (VIOLATED: increase significant digits)
   RAM/mem_178__4_              0.09           0.09           0.00  (VIOLATED: increase significant digits)
   RAM/mem_178__5_              0.09           0.09           0.00  (VIOLATED: increase significant digits)
   RAM/mem_178__6_              0.09           0.09           0.00  (VIOLATED: increase significant digits)
   RAM/mem_178__7_              0.09           0.09           0.00  (VIOLATED: increase significant digits)
   RAM/mem_182__0_              0.09           0.09           0.00  (VIOLATED: increase significant digits)
   RAM/mem_182__1_              0.09           0.09           0.00  (VIOLATED: increase significant digits)
   RAM/mem_182__2_              0.09           0.09           0.00  (VIOLATED: increase significant digits)
   RAM/mem_182__3_              0.09           0.09           0.00  (VIOLATED: increase significant digits)
   RAM/mem_182__4_              0.09           0.09           0.00  (VIOLATED: increase significant digits)
   RAM/mem_182__5_              0.09           0.09           0.00  (VIOLATED: increase significant digits)
   RAM/mem_182__6_              0.09           0.09           0.00  (VIOLATED: increase significant digits)
   RAM/mem_182__7_              0.09           0.09           0.00  (VIOLATED: increase significant digits)
   RAM/mem_186__0_              0.09           0.09           0.00  (VIOLATED: increase significant digits)
   RAM/mem_186__1_              0.09           0.09           0.00  (VIOLATED: increase significant digits)
   RAM/mem_186__2_              0.09           0.09           0.00  (VIOLATED: increase significant digits)
   RAM/mem_186__3_              0.09           0.09           0.00  (VIOLATED: increase significant digits)
   RAM/mem_186__4_              0.09           0.09           0.00  (VIOLATED: increase significant digits)
   RAM/mem_186__5_              0.09           0.09           0.00  (VIOLATED: increase significant digits)
   RAM/mem_186__6_              0.09           0.09           0.00  (VIOLATED: increase significant digits)
   RAM/mem_186__7_              0.09           0.09           0.00  (VIOLATED: increase significant digits)
   RAM/mem_190__0_              0.09           0.09           0.00  (VIOLATED: increase significant digits)
   RAM/mem_190__1_              0.09           0.09           0.00  (VIOLATED: increase significant digits)
   RAM/mem_190__2_              0.09           0.09           0.00  (VIOLATED: increase significant digits)
   RAM/mem_190__3_              0.09           0.09           0.00  (VIOLATED: increase significant digits)
   RAM/mem_190__4_              0.09           0.09           0.00  (VIOLATED: increase significant digits)
   RAM/mem_190__5_              0.09           0.09           0.00  (VIOLATED: increase significant digits)
   RAM/mem_190__6_              0.09           0.09           0.00  (VIOLATED: increase significant digits)
   RAM/mem_190__7_              0.09           0.09           0.00  (VIOLATED: increase significant digits)
   RAM/mem_194__0_              0.09           0.09           0.00  (VIOLATED: increase significant digits)
   RAM/mem_194__1_              0.09           0.09           0.00  (VIOLATED: increase significant digits)
   RAM/mem_194__2_              0.09           0.09           0.00  (VIOLATED: increase significant digits)
   RAM/mem_194__3_              0.09           0.09           0.00  (VIOLATED: increase significant digits)
   RAM/mem_194__4_              0.09           0.09           0.00  (VIOLATED: increase significant digits)
   RAM/mem_194__5_              0.09           0.09           0.00  (VIOLATED: increase significant digits)
   RAM/mem_194__6_              0.09           0.09           0.00  (VIOLATED: increase significant digits)
   RAM/mem_194__7_              0.09           0.09           0.00  (VIOLATED: increase significant digits)
   RAM/mem_198__0_              0.09           0.09           0.00  (VIOLATED: increase significant digits)
   RAM/mem_198__1_              0.09           0.09           0.00  (VIOLATED: increase significant digits)
   RAM/mem_198__2_              0.09           0.09           0.00  (VIOLATED: increase significant digits)
   RAM/mem_198__3_              0.09           0.09           0.00  (VIOLATED: increase significant digits)
   RAM/mem_198__4_              0.09           0.09           0.00  (VIOLATED: increase significant digits)
   RAM/mem_198__5_              0.09           0.09           0.00  (VIOLATED: increase significant digits)
   RAM/mem_198__6_              0.09           0.09           0.00  (VIOLATED: increase significant digits)
   RAM/mem_198__7_              0.09           0.09           0.00  (VIOLATED: increase significant digits)
   RAM/mem_202__0_              0.09           0.09           0.00  (VIOLATED: increase significant digits)
   RAM/mem_202__1_              0.09           0.09           0.00  (VIOLATED: increase significant digits)
   RAM/mem_202__2_              0.09           0.09           0.00  (VIOLATED: increase significant digits)
   RAM/mem_202__3_              0.09           0.09           0.00  (VIOLATED: increase significant digits)
   RAM/mem_202__4_              0.09           0.09           0.00  (VIOLATED: increase significant digits)
   RAM/mem_202__5_              0.09           0.09           0.00  (VIOLATED: increase significant digits)
   RAM/mem_202__6_              0.09           0.09           0.00  (VIOLATED: increase significant digits)
   RAM/mem_202__7_              0.09           0.09           0.00  (VIOLATED: increase significant digits)
   RAM/mem_206__0_              0.09           0.09           0.00  (VIOLATED: increase significant digits)
   RAM/mem_206__1_              0.09           0.09           0.00  (VIOLATED: increase significant digits)
   RAM/mem_206__2_              0.09           0.09           0.00  (VIOLATED: increase significant digits)
   RAM/mem_206__3_              0.09           0.09           0.00  (VIOLATED: increase significant digits)
   RAM/mem_206__4_              0.09           0.09           0.00  (VIOLATED: increase significant digits)
   RAM/mem_206__5_              0.09           0.09           0.00  (VIOLATED: increase significant digits)
   RAM/mem_206__6_              0.09           0.09           0.00  (VIOLATED: increase significant digits)
   RAM/mem_206__7_              0.09           0.09           0.00  (VIOLATED: increase significant digits)
   RAM/mem_210__0_              0.09           0.09           0.00  (VIOLATED: increase significant digits)
   RAM/mem_210__1_              0.09           0.09           0.00  (VIOLATED: increase significant digits)
   RAM/mem_210__2_              0.09           0.09           0.00  (VIOLATED: increase significant digits)
   RAM/mem_210__3_              0.09           0.09           0.00  (VIOLATED: increase significant digits)
   RAM/mem_210__4_              0.09           0.09           0.00  (VIOLATED: increase significant digits)
   RAM/mem_210__5_              0.09           0.09           0.00  (VIOLATED: increase significant digits)
   RAM/mem_210__6_              0.09           0.09           0.00  (VIOLATED: increase significant digits)
   RAM/mem_210__7_              0.09           0.09           0.00  (VIOLATED: increase significant digits)
   RAM/mem_214__0_              0.09           0.09           0.00  (VIOLATED: increase significant digits)
   RAM/mem_214__1_              0.09           0.09           0.00  (VIOLATED: increase significant digits)
   RAM/mem_214__2_              0.09           0.09           0.00  (VIOLATED: increase significant digits)
   RAM/mem_214__3_              0.09           0.09           0.00  (VIOLATED: increase significant digits)
   RAM/mem_214__4_              0.09           0.09           0.00  (VIOLATED: increase significant digits)
   RAM/mem_214__5_              0.09           0.09           0.00  (VIOLATED: increase significant digits)
   RAM/mem_214__6_              0.09           0.09           0.00  (VIOLATED: increase significant digits)
   RAM/mem_214__7_              0.09           0.09           0.00  (VIOLATED: increase significant digits)
   RAM/mem_218__0_              0.09           0.09           0.00  (VIOLATED: increase significant digits)
   RAM/mem_218__1_              0.09           0.09           0.00  (VIOLATED: increase significant digits)
   RAM/mem_218__2_              0.09           0.09           0.00  (VIOLATED: increase significant digits)
   RAM/mem_218__3_              0.09           0.09           0.00  (VIOLATED: increase significant digits)
   RAM/mem_218__4_              0.09           0.09           0.00  (VIOLATED: increase significant digits)
   RAM/mem_218__5_              0.09           0.09           0.00  (VIOLATED: increase significant digits)
   RAM/mem_218__6_              0.09           0.09           0.00  (VIOLATED: increase significant digits)
   RAM/mem_218__7_              0.09           0.09           0.00  (VIOLATED: increase significant digits)
   RAM/mem_222__0_              0.09           0.09           0.00  (VIOLATED: increase significant digits)
   RAM/mem_222__1_              0.09           0.09           0.00  (VIOLATED: increase significant digits)
   RAM/mem_222__2_              0.09           0.09           0.00  (VIOLATED: increase significant digits)
   RAM/mem_222__3_              0.09           0.09           0.00  (VIOLATED: increase significant digits)
   RAM/mem_222__4_              0.09           0.09           0.00  (VIOLATED: increase significant digits)
   RAM/mem_222__5_              0.09           0.09           0.00  (VIOLATED: increase significant digits)
   RAM/mem_222__6_              0.09           0.09           0.00  (VIOLATED: increase significant digits)
   RAM/mem_222__7_              0.09           0.09           0.00  (VIOLATED: increase significant digits)
   RAM/mem_226__0_              0.09           0.09           0.00  (VIOLATED: increase significant digits)
   RAM/mem_226__1_              0.09           0.09           0.00  (VIOLATED: increase significant digits)
   RAM/mem_226__2_              0.09           0.09           0.00  (VIOLATED: increase significant digits)
   RAM/mem_226__3_              0.09           0.09           0.00  (VIOLATED: increase significant digits)
   RAM/mem_226__4_              0.09           0.09           0.00  (VIOLATED: increase significant digits)
   RAM/mem_226__5_              0.09           0.09           0.00  (VIOLATED: increase significant digits)
   RAM/mem_226__6_              0.09           0.09           0.00  (VIOLATED: increase significant digits)
   RAM/mem_226__7_              0.09           0.09           0.00  (VIOLATED: increase significant digits)
   RAM/mem_230__0_              0.09           0.09           0.00  (VIOLATED: increase significant digits)
   RAM/mem_230__1_              0.09           0.09           0.00  (VIOLATED: increase significant digits)
   RAM/mem_230__2_              0.09           0.09           0.00  (VIOLATED: increase significant digits)
   RAM/mem_230__3_              0.09           0.09           0.00  (VIOLATED: increase significant digits)
   RAM/mem_230__4_              0.09           0.09           0.00  (VIOLATED: increase significant digits)
   RAM/mem_230__5_              0.09           0.09           0.00  (VIOLATED: increase significant digits)
   RAM/mem_230__6_              0.09           0.09           0.00  (VIOLATED: increase significant digits)
   RAM/mem_230__7_              0.09           0.09           0.00  (VIOLATED: increase significant digits)
   RAM/mem_234__0_              0.09           0.09           0.00  (VIOLATED: increase significant digits)
   RAM/mem_234__1_              0.09           0.09           0.00  (VIOLATED: increase significant digits)
   RAM/mem_234__2_              0.09           0.09           0.00  (VIOLATED: increase significant digits)
   RAM/mem_234__3_              0.09           0.09           0.00  (VIOLATED: increase significant digits)
   RAM/mem_234__4_              0.09           0.09           0.00  (VIOLATED: increase significant digits)
   RAM/mem_234__5_              0.09           0.09           0.00  (VIOLATED: increase significant digits)
   RAM/mem_234__6_              0.09           0.09           0.00  (VIOLATED: increase significant digits)
   RAM/mem_234__7_              0.09           0.09           0.00  (VIOLATED: increase significant digits)
   RAM/mem_238__0_              0.09           0.09           0.00  (VIOLATED: increase significant digits)
   RAM/mem_238__1_              0.09           0.09           0.00  (VIOLATED: increase significant digits)
   RAM/mem_238__2_              0.09           0.09           0.00  (VIOLATED: increase significant digits)
   RAM/mem_238__3_              0.09           0.09           0.00  (VIOLATED: increase significant digits)
   RAM/mem_238__4_              0.09           0.09           0.00  (VIOLATED: increase significant digits)
   RAM/mem_238__5_              0.09           0.09           0.00  (VIOLATED: increase significant digits)
   RAM/mem_238__6_              0.09           0.09           0.00  (VIOLATED: increase significant digits)
   RAM/mem_238__7_              0.09           0.09           0.00  (VIOLATED: increase significant digits)
   RAM/mem_242__0_              0.09           0.09           0.00  (VIOLATED: increase significant digits)
   RAM/mem_242__1_              0.09           0.09           0.00  (VIOLATED: increase significant digits)
   RAM/mem_242__2_              0.09           0.09           0.00  (VIOLATED: increase significant digits)
   RAM/mem_242__3_              0.09           0.09           0.00  (VIOLATED: increase significant digits)
   RAM/mem_242__4_              0.09           0.09           0.00  (VIOLATED: increase significant digits)
   RAM/mem_242__5_              0.09           0.09           0.00  (VIOLATED: increase significant digits)
   RAM/mem_242__6_              0.09           0.09           0.00  (VIOLATED: increase significant digits)
   RAM/mem_242__7_              0.09           0.09           0.00  (VIOLATED: increase significant digits)
   RAM/mem_246__0_              0.09           0.09           0.00  (VIOLATED: increase significant digits)
   RAM/mem_246__1_              0.09           0.09           0.00  (VIOLATED: increase significant digits)
   RAM/mem_246__2_              0.09           0.09           0.00  (VIOLATED: increase significant digits)
   RAM/mem_246__3_              0.09           0.09           0.00  (VIOLATED: increase significant digits)
   RAM/mem_246__4_              0.09           0.09           0.00  (VIOLATED: increase significant digits)
   RAM/mem_246__5_              0.09           0.09           0.00  (VIOLATED: increase significant digits)
   RAM/mem_246__6_              0.09           0.09           0.00  (VIOLATED: increase significant digits)
   RAM/mem_246__7_              0.09           0.09           0.00  (VIOLATED: increase significant digits)
   RAM/mem_250__0_              0.09           0.09           0.00  (VIOLATED: increase significant digits)
   RAM/mem_250__1_              0.09           0.09           0.00  (VIOLATED: increase significant digits)
   RAM/mem_250__2_              0.09           0.09           0.00  (VIOLATED: increase significant digits)
   RAM/mem_250__3_              0.09           0.09           0.00  (VIOLATED: increase significant digits)
   RAM/mem_250__4_              0.09           0.09           0.00  (VIOLATED: increase significant digits)
   RAM/mem_250__5_              0.09           0.09           0.00  (VIOLATED: increase significant digits)
   RAM/mem_250__6_              0.09           0.09           0.00  (VIOLATED: increase significant digits)
   RAM/mem_250__7_              0.09           0.09           0.00  (VIOLATED: increase significant digits)
   RAM/mem_254__0_              0.09           0.09           0.00  (VIOLATED: increase significant digits)
   RAM/mem_254__1_              0.09           0.09           0.00  (VIOLATED: increase significant digits)
   RAM/mem_254__2_              0.09           0.09           0.00  (VIOLATED: increase significant digits)
   RAM/mem_254__3_              0.09           0.09           0.00  (VIOLATED: increase significant digits)
   RAM/mem_254__4_              0.09           0.09           0.00  (VIOLATED: increase significant digits)
   RAM/mem_254__5_              0.09           0.09           0.00  (VIOLATED: increase significant digits)
   RAM/mem_254__6_              0.09           0.09           0.00  (VIOLATED: increase significant digits)
   RAM/mem_254__7_              0.09           0.09           0.00  (VIOLATED: increase significant digits)
   RAM/mem_1__0_                0.09           0.09           0.00  (VIOLATED: increase significant digits)
   RAM/mem_1__1_                0.09           0.09           0.00  (VIOLATED: increase significant digits)
   RAM/mem_1__2_                0.09           0.09           0.00  (VIOLATED: increase significant digits)
   RAM/mem_1__3_                0.09           0.09           0.00  (VIOLATED: increase significant digits)
   RAM/mem_1__4_                0.09           0.09           0.00  (VIOLATED: increase significant digits)
   RAM/mem_1__5_                0.09           0.09           0.00  (VIOLATED: increase significant digits)
   RAM/mem_1__6_                0.09           0.09           0.00  (VIOLATED: increase significant digits)
   RAM/mem_1__7_                0.09           0.09           0.00  (VIOLATED: increase significant digits)
   RAM/mem_5__0_                0.09           0.09           0.00  (VIOLATED: increase significant digits)
   RAM/mem_5__1_                0.09           0.09           0.00  (VIOLATED: increase significant digits)
   RAM/mem_5__2_                0.09           0.09           0.00  (VIOLATED: increase significant digits)
   RAM/mem_5__3_                0.09           0.09           0.00  (VIOLATED: increase significant digits)
   RAM/mem_5__4_                0.09           0.09           0.00  (VIOLATED: increase significant digits)
   RAM/mem_5__5_                0.09           0.09           0.00  (VIOLATED: increase significant digits)
   RAM/mem_5__6_                0.09           0.09           0.00  (VIOLATED: increase significant digits)
   RAM/mem_5__7_                0.09           0.09           0.00  (VIOLATED: increase significant digits)
   RAM/mem_9__0_                0.09           0.09           0.00  (VIOLATED: increase significant digits)
   RAM/mem_9__1_                0.09           0.09           0.00  (VIOLATED: increase significant digits)
   RAM/mem_9__2_                0.09           0.09           0.00  (VIOLATED: increase significant digits)
   RAM/mem_9__3_                0.09           0.09           0.00  (VIOLATED: increase significant digits)
   RAM/mem_9__4_                0.09           0.09           0.00  (VIOLATED: increase significant digits)
   RAM/mem_9__5_                0.09           0.09           0.00  (VIOLATED: increase significant digits)
   RAM/mem_9__6_                0.09           0.09           0.00  (VIOLATED: increase significant digits)
   RAM/mem_9__7_                0.09           0.09           0.00  (VIOLATED: increase significant digits)
   RAM/mem_13__0_               0.09           0.09           0.00  (VIOLATED: increase significant digits)
   RAM/mem_13__1_               0.09           0.09           0.00  (VIOLATED: increase significant digits)
   RAM/mem_13__2_               0.09           0.09           0.00  (VIOLATED: increase significant digits)
   RAM/mem_13__3_               0.09           0.09           0.00  (VIOLATED: increase significant digits)
   RAM/mem_13__4_               0.09           0.09           0.00  (VIOLATED: increase significant digits)
   RAM/mem_13__5_               0.09           0.09           0.00  (VIOLATED: increase significant digits)
   RAM/mem_13__6_               0.09           0.09           0.00  (VIOLATED: increase significant digits)
   RAM/mem_13__7_               0.09           0.09           0.00  (VIOLATED: increase significant digits)
   RAM/mem_17__0_               0.09           0.09           0.00  (VIOLATED: increase significant digits)
   RAM/mem_17__1_               0.09           0.09           0.00  (VIOLATED: increase significant digits)
   RAM/mem_17__2_               0.09           0.09           0.00  (VIOLATED: increase significant digits)
   RAM/mem_17__3_               0.09           0.09           0.00  (VIOLATED: increase significant digits)
   RAM/mem_17__4_               0.09           0.09           0.00  (VIOLATED: increase significant digits)
   RAM/mem_17__5_               0.09           0.09           0.00  (VIOLATED: increase significant digits)
   RAM/mem_17__6_               0.09           0.09           0.00  (VIOLATED: increase significant digits)
   RAM/mem_17__7_               0.09           0.09           0.00  (VIOLATED: increase significant digits)
   RAM/mem_21__0_               0.09           0.09           0.00  (VIOLATED: increase significant digits)
   RAM/mem_21__1_               0.09           0.09           0.00  (VIOLATED: increase significant digits)
   RAM/mem_21__2_               0.09           0.09           0.00  (VIOLATED: increase significant digits)
   RAM/mem_21__3_               0.09           0.09           0.00  (VIOLATED: increase significant digits)
   RAM/mem_21__4_               0.09           0.09           0.00  (VIOLATED: increase significant digits)
   RAM/mem_21__5_               0.09           0.09           0.00  (VIOLATED: increase significant digits)
   RAM/mem_21__6_               0.09           0.09           0.00  (VIOLATED: increase significant digits)
   RAM/mem_21__7_               0.09           0.09           0.00  (VIOLATED: increase significant digits)
   RAM/mem_25__0_               0.09           0.09           0.00  (VIOLATED: increase significant digits)
   RAM/mem_25__1_               0.09           0.09           0.00  (VIOLATED: increase significant digits)
   RAM/mem_25__2_               0.09           0.09           0.00  (VIOLATED: increase significant digits)
   RAM/mem_25__3_               0.09           0.09           0.00  (VIOLATED: increase significant digits)
   RAM/mem_25__4_               0.09           0.09           0.00  (VIOLATED: increase significant digits)
   RAM/mem_25__5_               0.09           0.09           0.00  (VIOLATED: increase significant digits)
   RAM/mem_25__6_               0.09           0.09           0.00  (VIOLATED: increase significant digits)
   RAM/mem_25__7_               0.09           0.09           0.00  (VIOLATED: increase significant digits)
   RAM/mem_29__0_               0.09           0.09           0.00  (VIOLATED: increase significant digits)
   RAM/mem_29__1_               0.09           0.09           0.00  (VIOLATED: increase significant digits)
   RAM/mem_29__2_               0.09           0.09           0.00  (VIOLATED: increase significant digits)
   RAM/mem_29__3_               0.09           0.09           0.00  (VIOLATED: increase significant digits)
   RAM/mem_29__4_               0.09           0.09           0.00  (VIOLATED: increase significant digits)
   RAM/mem_29__5_               0.09           0.09           0.00  (VIOLATED: increase significant digits)
   RAM/mem_29__6_               0.09           0.09           0.00  (VIOLATED: increase significant digits)
   RAM/mem_29__7_               0.09           0.09           0.00  (VIOLATED: increase significant digits)
   RAM/mem_33__0_               0.09           0.09           0.00  (VIOLATED: increase significant digits)
   RAM/mem_33__1_               0.09           0.09           0.00  (VIOLATED: increase significant digits)
   RAM/mem_33__2_               0.09           0.09           0.00  (VIOLATED: increase significant digits)
   RAM/mem_33__3_               0.09           0.09           0.00  (VIOLATED: increase significant digits)
   RAM/mem_33__4_               0.09           0.09           0.00  (VIOLATED: increase significant digits)
   RAM/mem_33__5_               0.09           0.09           0.00  (VIOLATED: increase significant digits)
   RAM/mem_33__6_               0.09           0.09           0.00  (VIOLATED: increase significant digits)
   RAM/mem_33__7_               0.09           0.09           0.00  (VIOLATED: increase significant digits)
   RAM/mem_37__0_               0.09           0.09           0.00  (VIOLATED: increase significant digits)
   RAM/mem_37__1_               0.09           0.09           0.00  (VIOLATED: increase significant digits)
   RAM/mem_37__2_               0.09           0.09           0.00  (VIOLATED: increase significant digits)
   RAM/mem_37__3_               0.09           0.09           0.00  (VIOLATED: increase significant digits)
   RAM/mem_37__4_               0.09           0.09           0.00  (VIOLATED: increase significant digits)
   RAM/mem_37__5_               0.09           0.09           0.00  (VIOLATED: increase significant digits)
   RAM/mem_37__6_               0.09           0.09           0.00  (VIOLATED: increase significant digits)
   RAM/mem_37__7_               0.09           0.09           0.00  (VIOLATED: increase significant digits)
   RAM/mem_41__0_               0.09           0.09           0.00  (VIOLATED: increase significant digits)
   RAM/mem_41__1_               0.09           0.09           0.00  (VIOLATED: increase significant digits)
   RAM/mem_41__2_               0.09           0.09           0.00  (VIOLATED: increase significant digits)
   RAM/mem_41__3_               0.09           0.09           0.00  (VIOLATED: increase significant digits)
   RAM/mem_41__4_               0.09           0.09           0.00  (VIOLATED: increase significant digits)
   RAM/mem_41__5_               0.09           0.09           0.00  (VIOLATED: increase significant digits)
   RAM/mem_41__6_               0.09           0.09           0.00  (VIOLATED: increase significant digits)
   RAM/mem_41__7_               0.09           0.09           0.00  (VIOLATED: increase significant digits)
   RAM/mem_45__0_               0.09           0.09           0.00  (VIOLATED: increase significant digits)
   RAM/mem_45__1_               0.09           0.09           0.00  (VIOLATED: increase significant digits)
   RAM/mem_45__2_               0.09           0.09           0.00  (VIOLATED: increase significant digits)
   RAM/mem_45__3_               0.09           0.09           0.00  (VIOLATED: increase significant digits)
   RAM/mem_45__4_               0.09           0.09           0.00  (VIOLATED: increase significant digits)
   RAM/mem_45__5_               0.09           0.09           0.00  (VIOLATED: increase significant digits)
   RAM/mem_45__6_               0.09           0.09           0.00  (VIOLATED: increase significant digits)
   RAM/mem_45__7_               0.09           0.09           0.00  (VIOLATED: increase significant digits)
   RAM/mem_49__0_               0.09           0.09           0.00  (VIOLATED: increase significant digits)
   RAM/mem_49__1_               0.09           0.09           0.00  (VIOLATED: increase significant digits)
   RAM/mem_49__2_               0.09           0.09           0.00  (VIOLATED: increase significant digits)
   RAM/mem_49__3_               0.09           0.09           0.00  (VIOLATED: increase significant digits)
   RAM/mem_49__4_               0.09           0.09           0.00  (VIOLATED: increase significant digits)
   RAM/mem_49__5_               0.09           0.09           0.00  (VIOLATED: increase significant digits)
   RAM/mem_49__6_               0.09           0.09           0.00  (VIOLATED: increase significant digits)
   RAM/mem_49__7_               0.09           0.09           0.00  (VIOLATED: increase significant digits)
   RAM/mem_53__0_               0.09           0.09           0.00  (VIOLATED: increase significant digits)
   RAM/mem_53__1_               0.09           0.09           0.00  (VIOLATED: increase significant digits)
   RAM/mem_53__2_               0.09           0.09           0.00  (VIOLATED: increase significant digits)
   RAM/mem_53__3_               0.09           0.09           0.00  (VIOLATED: increase significant digits)
   RAM/mem_53__4_               0.09           0.09           0.00  (VIOLATED: increase significant digits)
   RAM/mem_53__5_               0.09           0.09           0.00  (VIOLATED: increase significant digits)
   RAM/mem_53__6_               0.09           0.09           0.00  (VIOLATED: increase significant digits)
   RAM/mem_53__7_               0.09           0.09           0.00  (VIOLATED: increase significant digits)
   RAM/mem_57__0_               0.09           0.09           0.00  (VIOLATED: increase significant digits)
   RAM/mem_57__1_               0.09           0.09           0.00  (VIOLATED: increase significant digits)
   RAM/mem_57__2_               0.09           0.09           0.00  (VIOLATED: increase significant digits)
   RAM/mem_57__3_               0.09           0.09           0.00  (VIOLATED: increase significant digits)
   RAM/mem_57__4_               0.09           0.09           0.00  (VIOLATED: increase significant digits)
   RAM/mem_57__5_               0.09           0.09           0.00  (VIOLATED: increase significant digits)
   RAM/mem_57__6_               0.09           0.09           0.00  (VIOLATED: increase significant digits)
   RAM/mem_57__7_               0.09           0.09           0.00  (VIOLATED: increase significant digits)
   RAM/mem_61__0_               0.09           0.09           0.00  (VIOLATED: increase significant digits)
   RAM/mem_61__1_               0.09           0.09           0.00  (VIOLATED: increase significant digits)
   RAM/mem_61__2_               0.09           0.09           0.00  (VIOLATED: increase significant digits)
   RAM/mem_61__3_               0.09           0.09           0.00  (VIOLATED: increase significant digits)
   RAM/mem_61__4_               0.09           0.09           0.00  (VIOLATED: increase significant digits)
   RAM/mem_61__5_               0.09           0.09           0.00  (VIOLATED: increase significant digits)
   RAM/mem_61__6_               0.09           0.09           0.00  (VIOLATED: increase significant digits)
   RAM/mem_61__7_               0.09           0.09           0.00  (VIOLATED: increase significant digits)
   RAM/mem_65__0_               0.09           0.09           0.00  (VIOLATED: increase significant digits)
   RAM/mem_65__1_               0.09           0.09           0.00  (VIOLATED: increase significant digits)
   RAM/mem_65__2_               0.09           0.09           0.00  (VIOLATED: increase significant digits)
   RAM/mem_65__3_               0.09           0.09           0.00  (VIOLATED: increase significant digits)
   RAM/mem_65__4_               0.09           0.09           0.00  (VIOLATED: increase significant digits)
   RAM/mem_65__5_               0.09           0.09           0.00  (VIOLATED: increase significant digits)
   RAM/mem_65__6_               0.09           0.09           0.00  (VIOLATED: increase significant digits)
   RAM/mem_65__7_               0.09           0.09           0.00  (VIOLATED: increase significant digits)
   RAM/mem_69__0_               0.09           0.09           0.00  (VIOLATED: increase significant digits)
   RAM/mem_69__1_               0.09           0.09           0.00  (VIOLATED: increase significant digits)
   RAM/mem_69__2_               0.09           0.09           0.00  (VIOLATED: increase significant digits)
   RAM/mem_69__3_               0.09           0.09           0.00  (VIOLATED: increase significant digits)
   RAM/mem_69__4_               0.09           0.09           0.00  (VIOLATED: increase significant digits)
   RAM/mem_69__5_               0.09           0.09           0.00  (VIOLATED: increase significant digits)
   RAM/mem_69__6_               0.09           0.09           0.00  (VIOLATED: increase significant digits)
   RAM/mem_69__7_               0.09           0.09           0.00  (VIOLATED: increase significant digits)
   RAM/mem_73__0_               0.09           0.09           0.00  (VIOLATED: increase significant digits)
   RAM/mem_73__1_               0.09           0.09           0.00  (VIOLATED: increase significant digits)
   RAM/mem_73__2_               0.09           0.09           0.00  (VIOLATED: increase significant digits)
   RAM/mem_73__3_               0.09           0.09           0.00  (VIOLATED: increase significant digits)
   RAM/mem_73__4_               0.09           0.09           0.00  (VIOLATED: increase significant digits)
   RAM/mem_73__5_               0.09           0.09           0.00  (VIOLATED: increase significant digits)
   RAM/mem_73__6_               0.09           0.09           0.00  (VIOLATED: increase significant digits)
   RAM/mem_73__7_               0.09           0.09           0.00  (VIOLATED: increase significant digits)
   RAM/mem_77__0_               0.09           0.09           0.00  (VIOLATED: increase significant digits)
   RAM/mem_77__1_               0.09           0.09           0.00  (VIOLATED: increase significant digits)
   RAM/mem_77__2_               0.09           0.09           0.00  (VIOLATED: increase significant digits)
   RAM/mem_77__3_               0.09           0.09           0.00  (VIOLATED: increase significant digits)
   RAM/mem_77__4_               0.09           0.09           0.00  (VIOLATED: increase significant digits)
   RAM/mem_77__5_               0.09           0.09           0.00  (VIOLATED: increase significant digits)
   RAM/mem_77__6_               0.09           0.09           0.00  (VIOLATED: increase significant digits)
   RAM/mem_77__7_               0.09           0.09           0.00  (VIOLATED: increase significant digits)
   RAM/mem_81__0_               0.09           0.09           0.00  (VIOLATED: increase significant digits)
   RAM/mem_81__1_               0.09           0.09           0.00  (VIOLATED: increase significant digits)
   RAM/mem_81__2_               0.09           0.09           0.00  (VIOLATED: increase significant digits)
   RAM/mem_81__3_               0.09           0.09           0.00  (VIOLATED: increase significant digits)
   RAM/mem_81__4_               0.09           0.09           0.00  (VIOLATED: increase significant digits)
   RAM/mem_81__5_               0.09           0.09           0.00  (VIOLATED: increase significant digits)
   RAM/mem_81__6_               0.09           0.09           0.00  (VIOLATED: increase significant digits)
   RAM/mem_81__7_               0.09           0.09           0.00  (VIOLATED: increase significant digits)
   RAM/mem_85__0_               0.09           0.09           0.00  (VIOLATED: increase significant digits)
   RAM/mem_85__1_               0.09           0.09           0.00  (VIOLATED: increase significant digits)
   RAM/mem_85__2_               0.09           0.09           0.00  (VIOLATED: increase significant digits)
   RAM/mem_85__3_               0.09           0.09           0.00  (VIOLATED: increase significant digits)
   RAM/mem_85__4_               0.09           0.09           0.00  (VIOLATED: increase significant digits)
   RAM/mem_85__5_               0.09           0.09           0.00  (VIOLATED: increase significant digits)
   RAM/mem_85__6_               0.09           0.09           0.00  (VIOLATED: increase significant digits)
   RAM/mem_85__7_               0.09           0.09           0.00  (VIOLATED: increase significant digits)
   RAM/mem_89__0_               0.09           0.09           0.00  (VIOLATED: increase significant digits)
   RAM/mem_89__1_               0.09           0.09           0.00  (VIOLATED: increase significant digits)
   RAM/mem_89__2_               0.09           0.09           0.00  (VIOLATED: increase significant digits)
   RAM/mem_89__3_               0.09           0.09           0.00  (VIOLATED: increase significant digits)
   RAM/mem_89__4_               0.09           0.09           0.00  (VIOLATED: increase significant digits)
   RAM/mem_89__5_               0.09           0.09           0.00  (VIOLATED: increase significant digits)
   RAM/mem_89__6_               0.09           0.09           0.00  (VIOLATED: increase significant digits)
   RAM/mem_89__7_               0.09           0.09           0.00  (VIOLATED: increase significant digits)
   RAM/mem_93__0_               0.09           0.09           0.00  (VIOLATED: increase significant digits)
   RAM/mem_93__1_               0.09           0.09           0.00  (VIOLATED: increase significant digits)
   RAM/mem_93__2_               0.09           0.09           0.00  (VIOLATED: increase significant digits)
   RAM/mem_93__3_               0.09           0.09           0.00  (VIOLATED: increase significant digits)
   RAM/mem_93__4_               0.09           0.09           0.00  (VIOLATED: increase significant digits)
   RAM/mem_93__5_               0.09           0.09           0.00  (VIOLATED: increase significant digits)
   RAM/mem_93__6_               0.09           0.09           0.00  (VIOLATED: increase significant digits)
   RAM/mem_93__7_               0.09           0.09           0.00  (VIOLATED: increase significant digits)
   RAM/mem_97__0_               0.09           0.09           0.00  (VIOLATED: increase significant digits)
   RAM/mem_97__1_               0.09           0.09           0.00  (VIOLATED: increase significant digits)
   RAM/mem_97__2_               0.09           0.09           0.00  (VIOLATED: increase significant digits)
   RAM/mem_97__3_               0.09           0.09           0.00  (VIOLATED: increase significant digits)
   RAM/mem_97__4_               0.09           0.09           0.00  (VIOLATED: increase significant digits)
   RAM/mem_97__5_               0.09           0.09           0.00  (VIOLATED: increase significant digits)
   RAM/mem_97__6_               0.09           0.09           0.00  (VIOLATED: increase significant digits)
   RAM/mem_97__7_               0.09           0.09           0.00  (VIOLATED: increase significant digits)
   RAM/mem_101__0_              0.09           0.09           0.00  (VIOLATED: increase significant digits)
   RAM/mem_101__1_              0.09           0.09           0.00  (VIOLATED: increase significant digits)
   RAM/mem_101__2_              0.09           0.09           0.00  (VIOLATED: increase significant digits)
   RAM/mem_101__3_              0.09           0.09           0.00  (VIOLATED: increase significant digits)
   RAM/mem_101__4_              0.09           0.09           0.00  (VIOLATED: increase significant digits)
   RAM/mem_101__5_              0.09           0.09           0.00  (VIOLATED: increase significant digits)
   RAM/mem_101__6_              0.09           0.09           0.00  (VIOLATED: increase significant digits)
   RAM/mem_101__7_              0.09           0.09           0.00  (VIOLATED: increase significant digits)
   RAM/mem_105__0_              0.09           0.09           0.00  (VIOLATED: increase significant digits)
   RAM/mem_105__1_              0.09           0.09           0.00  (VIOLATED: increase significant digits)
   RAM/mem_105__2_              0.09           0.09           0.00  (VIOLATED: increase significant digits)
   RAM/mem_105__3_              0.09           0.09           0.00  (VIOLATED: increase significant digits)
   RAM/mem_105__4_              0.09           0.09           0.00  (VIOLATED: increase significant digits)
   RAM/mem_105__5_              0.09           0.09           0.00  (VIOLATED: increase significant digits)
   RAM/mem_105__6_              0.09           0.09           0.00  (VIOLATED: increase significant digits)
   RAM/mem_105__7_              0.09           0.09           0.00  (VIOLATED: increase significant digits)
   RAM/mem_109__0_              0.09           0.09           0.00  (VIOLATED: increase significant digits)
   RAM/mem_109__1_              0.09           0.09           0.00  (VIOLATED: increase significant digits)
   RAM/mem_109__3_              0.09           0.09           0.00  (VIOLATED: increase significant digits)
   RAM/mem_109__4_              0.09           0.09           0.00  (VIOLATED: increase significant digits)
   RAM/mem_109__5_              0.09           0.09           0.00  (VIOLATED: increase significant digits)
   RAM/mem_109__6_              0.09           0.09           0.00  (VIOLATED: increase significant digits)
   RAM/mem_109__7_              0.09           0.09           0.00  (VIOLATED: increase significant digits)
   RAM/mem_113__0_              0.09           0.09           0.00  (VIOLATED: increase significant digits)
   RAM/mem_113__1_              0.09           0.09           0.00  (VIOLATED: increase significant digits)
   RAM/mem_113__2_              0.09           0.09           0.00  (VIOLATED: increase significant digits)
   RAM/mem_113__3_              0.09           0.09           0.00  (VIOLATED: increase significant digits)
   RAM/mem_113__4_              0.09           0.09           0.00  (VIOLATED: increase significant digits)
   RAM/mem_113__5_              0.09           0.09           0.00  (VIOLATED: increase significant digits)
   RAM/mem_113__6_              0.09           0.09           0.00  (VIOLATED: increase significant digits)
   RAM/mem_113__7_              0.09           0.09           0.00  (VIOLATED: increase significant digits)
   RAM/mem_117__0_              0.09           0.09           0.00  (VIOLATED: increase significant digits)
   RAM/mem_117__1_              0.09           0.09           0.00  (VIOLATED: increase significant digits)
   RAM/mem_117__2_              0.09           0.09           0.00  (VIOLATED: increase significant digits)
   RAM/mem_117__3_              0.09           0.09           0.00  (VIOLATED: increase significant digits)
   RAM/mem_117__4_              0.09           0.09           0.00  (VIOLATED: increase significant digits)
   RAM/mem_117__5_              0.09           0.09           0.00  (VIOLATED: increase significant digits)
   RAM/mem_117__6_              0.09           0.09           0.00  (VIOLATED: increase significant digits)
   RAM/mem_117__7_              0.09           0.09           0.00  (VIOLATED: increase significant digits)
   RAM/mem_121__0_              0.09           0.09           0.00  (VIOLATED: increase significant digits)
   RAM/mem_121__1_              0.09           0.09           0.00  (VIOLATED: increase significant digits)
   RAM/mem_121__2_              0.09           0.09           0.00  (VIOLATED: increase significant digits)
   RAM/mem_121__3_              0.09           0.09           0.00  (VIOLATED: increase significant digits)
   RAM/mem_121__4_              0.09           0.09           0.00  (VIOLATED: increase significant digits)
   RAM/mem_121__6_              0.09           0.09           0.00  (VIOLATED: increase significant digits)
   RAM/mem_121__7_              0.09           0.09           0.00  (VIOLATED: increase significant digits)
   RAM/mem_125__0_              0.09           0.09           0.00  (VIOLATED: increase significant digits)
   RAM/mem_125__1_              0.09           0.09           0.00  (VIOLATED: increase significant digits)
   RAM/mem_125__2_              0.09           0.09           0.00  (VIOLATED: increase significant digits)
   RAM/mem_125__3_              0.09           0.09           0.00  (VIOLATED: increase significant digits)
   RAM/mem_125__4_              0.09           0.09           0.00  (VIOLATED: increase significant digits)
   RAM/mem_125__5_              0.09           0.09           0.00  (VIOLATED: increase significant digits)
   RAM/mem_125__6_              0.09           0.09           0.00  (VIOLATED: increase significant digits)
   RAM/mem_125__7_              0.09           0.09           0.00  (VIOLATED: increase significant digits)
   RAM/mem_129__0_              0.09           0.09           0.00  (VIOLATED: increase significant digits)
   RAM/mem_129__1_              0.09           0.09           0.00  (VIOLATED: increase significant digits)
   RAM/mem_129__2_              0.09           0.09           0.00  (VIOLATED: increase significant digits)
   RAM/mem_129__3_              0.09           0.09           0.00  (VIOLATED: increase significant digits)
   RAM/mem_129__4_              0.09           0.09           0.00  (VIOLATED: increase significant digits)
   RAM/mem_129__5_              0.09           0.09           0.00  (VIOLATED: increase significant digits)
   RAM/mem_129__6_              0.09           0.09           0.00  (VIOLATED: increase significant digits)
   RAM/mem_129__7_              0.09           0.09           0.00  (VIOLATED: increase significant digits)
   RAM/mem_133__0_              0.09           0.09           0.00  (VIOLATED: increase significant digits)
   RAM/mem_133__1_              0.09           0.09           0.00  (VIOLATED: increase significant digits)
   RAM/mem_133__2_              0.09           0.09           0.00  (VIOLATED: increase significant digits)
   RAM/mem_133__3_              0.09           0.09           0.00  (VIOLATED: increase significant digits)
   RAM/mem_133__4_              0.09           0.09           0.00  (VIOLATED: increase significant digits)
   RAM/mem_133__5_              0.09           0.09           0.00  (VIOLATED: increase significant digits)
   RAM/mem_133__6_              0.09           0.09           0.00  (VIOLATED: increase significant digits)
   RAM/mem_133__7_              0.09           0.09           0.00  (VIOLATED: increase significant digits)
   RAM/mem_137__0_              0.09           0.09           0.00  (VIOLATED: increase significant digits)
   RAM/mem_137__1_              0.09           0.09           0.00  (VIOLATED: increase significant digits)
   RAM/mem_137__2_              0.09           0.09           0.00  (VIOLATED: increase significant digits)
   RAM/mem_137__3_              0.09           0.09           0.00  (VIOLATED: increase significant digits)
   RAM/mem_137__4_              0.09           0.09           0.00  (VIOLATED: increase significant digits)
   RAM/mem_137__5_              0.09           0.09           0.00  (VIOLATED: increase significant digits)
   RAM/mem_137__6_              0.09           0.09           0.00  (VIOLATED: increase significant digits)
   RAM/mem_137__7_              0.09           0.09           0.00  (VIOLATED: increase significant digits)
   RAM/mem_141__0_              0.09           0.09           0.00  (VIOLATED: increase significant digits)
   RAM/mem_141__1_              0.09           0.09           0.00  (VIOLATED: increase significant digits)
   RAM/mem_141__2_              0.09           0.09           0.00  (VIOLATED: increase significant digits)
   RAM/mem_141__3_              0.09           0.09           0.00  (VIOLATED: increase significant digits)
   RAM/mem_141__4_              0.09           0.09           0.00  (VIOLATED: increase significant digits)
   RAM/mem_141__5_              0.09           0.09           0.00  (VIOLATED: increase significant digits)
   RAM/mem_141__6_              0.09           0.09           0.00  (VIOLATED: increase significant digits)
   RAM/mem_141__7_              0.09           0.09           0.00  (VIOLATED: increase significant digits)
   RAM/mem_145__0_              0.09           0.09           0.00  (VIOLATED: increase significant digits)
   RAM/mem_145__1_              0.09           0.09           0.00  (VIOLATED: increase significant digits)
   RAM/mem_145__2_              0.09           0.09           0.00  (VIOLATED: increase significant digits)
   RAM/mem_145__3_              0.09           0.09           0.00  (VIOLATED: increase significant digits)
   RAM/mem_145__4_              0.09           0.09           0.00  (VIOLATED: increase significant digits)
   RAM/mem_145__5_              0.09           0.09           0.00  (VIOLATED: increase significant digits)
   RAM/mem_145__6_              0.09           0.09           0.00  (VIOLATED: increase significant digits)
   RAM/mem_145__7_              0.09           0.09           0.00  (VIOLATED: increase significant digits)
   RAM/mem_149__0_              0.09           0.09           0.00  (VIOLATED: increase significant digits)
   RAM/mem_149__1_              0.09           0.09           0.00  (VIOLATED: increase significant digits)
   RAM/mem_149__2_              0.09           0.09           0.00  (VIOLATED: increase significant digits)
   RAM/mem_149__3_              0.09           0.09           0.00  (VIOLATED: increase significant digits)
   RAM/mem_149__4_              0.09           0.09           0.00  (VIOLATED: increase significant digits)
   RAM/mem_149__5_              0.09           0.09           0.00  (VIOLATED: increase significant digits)
   RAM/mem_149__6_              0.09           0.09           0.00  (VIOLATED: increase significant digits)
   RAM/mem_149__7_              0.09           0.09           0.00  (VIOLATED: increase significant digits)
   RAM/mem_153__0_              0.09           0.09           0.00  (VIOLATED: increase significant digits)
   RAM/mem_153__1_              0.09           0.09           0.00  (VIOLATED: increase significant digits)
   RAM/mem_153__2_              0.09           0.09           0.00  (VIOLATED: increase significant digits)
   RAM/mem_153__3_              0.09           0.09           0.00  (VIOLATED: increase significant digits)
   RAM/mem_153__4_              0.09           0.09           0.00  (VIOLATED: increase significant digits)
   RAM/mem_153__5_              0.09           0.09           0.00  (VIOLATED: increase significant digits)
   RAM/mem_153__6_              0.09           0.09           0.00  (VIOLATED: increase significant digits)
   RAM/mem_153__7_              0.09           0.09           0.00  (VIOLATED: increase significant digits)
   RAM/mem_157__0_              0.09           0.09           0.00  (VIOLATED: increase significant digits)
   RAM/mem_157__1_              0.09           0.09           0.00  (VIOLATED: increase significant digits)
   RAM/mem_157__2_              0.09           0.09           0.00  (VIOLATED: increase significant digits)
   RAM/mem_157__3_              0.09           0.09           0.00  (VIOLATED: increase significant digits)
   RAM/mem_157__4_              0.09           0.09           0.00  (VIOLATED: increase significant digits)
   RAM/mem_157__5_              0.09           0.09           0.00  (VIOLATED: increase significant digits)
   RAM/mem_157__6_              0.09           0.09           0.00  (VIOLATED: increase significant digits)
   RAM/mem_157__7_              0.09           0.09           0.00  (VIOLATED: increase significant digits)
   RAM/mem_161__0_              0.09           0.09           0.00  (VIOLATED: increase significant digits)
   RAM/mem_161__1_              0.09           0.09           0.00  (VIOLATED: increase significant digits)
   RAM/mem_161__2_              0.09           0.09           0.00  (VIOLATED: increase significant digits)
   RAM/mem_161__3_              0.09           0.09           0.00  (VIOLATED: increase significant digits)
   RAM/mem_161__4_              0.09           0.09           0.00  (VIOLATED: increase significant digits)
   RAM/mem_161__5_              0.09           0.09           0.00  (VIOLATED: increase significant digits)
   RAM/mem_161__6_              0.09           0.09           0.00  (VIOLATED: increase significant digits)
   RAM/mem_161__7_              0.09           0.09           0.00  (VIOLATED: increase significant digits)
   RAM/mem_165__0_              0.09           0.09           0.00  (VIOLATED: increase significant digits)
   RAM/mem_165__1_              0.09           0.09           0.00  (VIOLATED: increase significant digits)
   RAM/mem_165__2_              0.09           0.09           0.00  (VIOLATED: increase significant digits)
   RAM/mem_165__3_              0.09           0.09           0.00  (VIOLATED: increase significant digits)
   RAM/mem_165__4_              0.09           0.09           0.00  (VIOLATED: increase significant digits)
   RAM/mem_165__5_              0.09           0.09           0.00  (VIOLATED: increase significant digits)
   RAM/mem_165__6_              0.09           0.09           0.00  (VIOLATED: increase significant digits)
   RAM/mem_165__7_              0.09           0.09           0.00  (VIOLATED: increase significant digits)
   RAM/mem_169__0_              0.09           0.09           0.00  (VIOLATED: increase significant digits)
   RAM/mem_169__1_              0.09           0.09           0.00  (VIOLATED: increase significant digits)
   RAM/mem_169__2_              0.09           0.09           0.00  (VIOLATED: increase significant digits)
   RAM/mem_169__3_              0.09           0.09           0.00  (VIOLATED: increase significant digits)
   RAM/mem_169__4_              0.09           0.09           0.00  (VIOLATED: increase significant digits)
   RAM/mem_169__5_              0.09           0.09           0.00  (VIOLATED: increase significant digits)
   RAM/mem_169__6_              0.09           0.09           0.00  (VIOLATED: increase significant digits)
   RAM/mem_169__7_              0.09           0.09           0.00  (VIOLATED: increase significant digits)
   RAM/mem_173__0_              0.09           0.09           0.00  (VIOLATED: increase significant digits)
   RAM/mem_173__1_              0.09           0.09           0.00  (VIOLATED: increase significant digits)
   RAM/mem_173__2_              0.09           0.09           0.00  (VIOLATED: increase significant digits)
   RAM/mem_173__3_              0.09           0.09           0.00  (VIOLATED: increase significant digits)
   RAM/mem_173__4_              0.09           0.09           0.00  (VIOLATED: increase significant digits)
   RAM/mem_173__5_              0.09           0.09           0.00  (VIOLATED: increase significant digits)
   RAM/mem_173__6_              0.09           0.09           0.00  (VIOLATED: increase significant digits)
   RAM/mem_173__7_              0.09           0.09           0.00  (VIOLATED: increase significant digits)
   RAM/mem_177__0_              0.09           0.09           0.00  (VIOLATED: increase significant digits)
   RAM/mem_177__1_              0.09           0.09           0.00  (VIOLATED: increase significant digits)
   RAM/mem_177__2_              0.09           0.09           0.00  (VIOLATED: increase significant digits)
   RAM/mem_177__3_              0.09           0.09           0.00  (VIOLATED: increase significant digits)
   RAM/mem_177__4_              0.09           0.09           0.00  (VIOLATED: increase significant digits)
   RAM/mem_177__5_              0.09           0.09           0.00  (VIOLATED: increase significant digits)
   RAM/mem_177__6_              0.09           0.09           0.00  (VIOLATED: increase significant digits)
   RAM/mem_177__7_              0.09           0.09           0.00  (VIOLATED: increase significant digits)
   RAM/mem_181__0_              0.09           0.09           0.00  (VIOLATED: increase significant digits)
   RAM/mem_181__1_              0.09           0.09           0.00  (VIOLATED: increase significant digits)
   RAM/mem_181__2_              0.09           0.09           0.00  (VIOLATED: increase significant digits)
   RAM/mem_181__3_              0.09           0.09           0.00  (VIOLATED: increase significant digits)
   RAM/mem_181__4_              0.09           0.09           0.00  (VIOLATED: increase significant digits)
   RAM/mem_181__5_              0.09           0.09           0.00  (VIOLATED: increase significant digits)
   RAM/mem_181__6_              0.09           0.09           0.00  (VIOLATED: increase significant digits)
   RAM/mem_181__7_              0.09           0.09           0.00  (VIOLATED: increase significant digits)
   RAM/mem_185__0_              0.09           0.09           0.00  (VIOLATED: increase significant digits)
   RAM/mem_185__1_              0.09           0.09           0.00  (VIOLATED: increase significant digits)
   RAM/mem_185__2_              0.09           0.09           0.00  (VIOLATED: increase significant digits)
   RAM/mem_185__3_              0.09           0.09           0.00  (VIOLATED: increase significant digits)
   RAM/mem_185__4_              0.09           0.09           0.00  (VIOLATED: increase significant digits)
   RAM/mem_185__5_              0.09           0.09           0.00  (VIOLATED: increase significant digits)
   RAM/mem_185__6_              0.09           0.09           0.00  (VIOLATED: increase significant digits)
   RAM/mem_185__7_              0.09           0.09           0.00  (VIOLATED: increase significant digits)
   RAM/mem_189__0_              0.09           0.09           0.00  (VIOLATED: increase significant digits)
   RAM/mem_189__1_              0.09           0.09           0.00  (VIOLATED: increase significant digits)
   RAM/mem_189__2_              0.09           0.09           0.00  (VIOLATED: increase significant digits)
   RAM/mem_189__3_              0.09           0.09           0.00  (VIOLATED: increase significant digits)
   RAM/mem_189__4_              0.09           0.09           0.00  (VIOLATED: increase significant digits)
   RAM/mem_189__5_              0.09           0.09           0.00  (VIOLATED: increase significant digits)
   RAM/mem_189__6_              0.09           0.09           0.00  (VIOLATED: increase significant digits)
   RAM/mem_189__7_              0.09           0.09           0.00  (VIOLATED: increase significant digits)
   RAM/mem_193__0_              0.09           0.09           0.00  (VIOLATED: increase significant digits)
   RAM/mem_193__1_              0.09           0.09           0.00  (VIOLATED: increase significant digits)
   RAM/mem_193__2_              0.09           0.09           0.00  (VIOLATED: increase significant digits)
   RAM/mem_193__3_              0.09           0.09           0.00  (VIOLATED: increase significant digits)
   RAM/mem_193__4_              0.09           0.09           0.00  (VIOLATED: increase significant digits)
   RAM/mem_193__5_              0.09           0.09           0.00  (VIOLATED: increase significant digits)
   RAM/mem_193__6_              0.09           0.09           0.00  (VIOLATED: increase significant digits)
   RAM/mem_193__7_              0.09           0.09           0.00  (VIOLATED: increase significant digits)
   RAM/mem_197__0_              0.09           0.09           0.00  (VIOLATED: increase significant digits)
   RAM/mem_197__1_              0.09           0.09           0.00  (VIOLATED: increase significant digits)
   RAM/mem_197__2_              0.09           0.09           0.00  (VIOLATED: increase significant digits)
   RAM/mem_197__3_              0.09           0.09           0.00  (VIOLATED: increase significant digits)
   RAM/mem_197__4_              0.09           0.09           0.00  (VIOLATED: increase significant digits)
   RAM/mem_197__5_              0.09           0.09           0.00  (VIOLATED: increase significant digits)
   RAM/mem_197__6_              0.09           0.09           0.00  (VIOLATED: increase significant digits)
   RAM/mem_197__7_              0.09           0.09           0.00  (VIOLATED: increase significant digits)
   RAM/mem_201__0_              0.09           0.09           0.00  (VIOLATED: increase significant digits)
   RAM/mem_201__1_              0.09           0.09           0.00  (VIOLATED: increase significant digits)
   RAM/mem_201__2_              0.09           0.09           0.00  (VIOLATED: increase significant digits)
   RAM/mem_201__3_              0.09           0.09           0.00  (VIOLATED: increase significant digits)
   RAM/mem_201__4_              0.09           0.09           0.00  (VIOLATED: increase significant digits)
   RAM/mem_201__5_              0.09           0.09           0.00  (VIOLATED: increase significant digits)
   RAM/mem_201__6_              0.09           0.09           0.00  (VIOLATED: increase significant digits)
   RAM/mem_201__7_              0.09           0.09           0.00  (VIOLATED: increase significant digits)
   RAM/mem_205__0_              0.09           0.09           0.00  (VIOLATED: increase significant digits)
   RAM/mem_205__1_              0.09           0.09           0.00  (VIOLATED: increase significant digits)
   RAM/mem_205__2_              0.09           0.09           0.00  (VIOLATED: increase significant digits)
   RAM/mem_205__3_              0.09           0.09           0.00  (VIOLATED: increase significant digits)
   RAM/mem_205__4_              0.09           0.09           0.00  (VIOLATED: increase significant digits)
   RAM/mem_205__5_              0.09           0.09           0.00  (VIOLATED: increase significant digits)
   RAM/mem_205__6_              0.09           0.09           0.00  (VIOLATED: increase significant digits)
   RAM/mem_205__7_              0.09           0.09           0.00  (VIOLATED: increase significant digits)
   RAM/mem_209__0_              0.09           0.09           0.00  (VIOLATED: increase significant digits)
   RAM/mem_209__1_              0.09           0.09           0.00  (VIOLATED: increase significant digits)
   RAM/mem_209__2_              0.09           0.09           0.00  (VIOLATED: increase significant digits)
   RAM/mem_209__3_              0.09           0.09           0.00  (VIOLATED: increase significant digits)
   RAM/mem_209__4_              0.09           0.09           0.00  (VIOLATED: increase significant digits)
   RAM/mem_209__5_              0.09           0.09           0.00  (VIOLATED: increase significant digits)
   RAM/mem_209__6_              0.09           0.09           0.00  (VIOLATED: increase significant digits)
   RAM/mem_209__7_              0.09           0.09           0.00  (VIOLATED: increase significant digits)
   RAM/mem_213__0_              0.09           0.09           0.00  (VIOLATED: increase significant digits)
   RAM/mem_213__1_              0.09           0.09           0.00  (VIOLATED: increase significant digits)
   RAM/mem_213__2_              0.09           0.09           0.00  (VIOLATED: increase significant digits)
   RAM/mem_213__3_              0.09           0.09           0.00  (VIOLATED: increase significant digits)
   RAM/mem_213__4_              0.09           0.09           0.00  (VIOLATED: increase significant digits)
   RAM/mem_213__5_              0.09           0.09           0.00  (VIOLATED: increase significant digits)
   RAM/mem_213__6_              0.09           0.09           0.00  (VIOLATED: increase significant digits)
   RAM/mem_213__7_              0.09           0.09           0.00  (VIOLATED: increase significant digits)
   RAM/mem_217__0_              0.09           0.09           0.00  (VIOLATED: increase significant digits)
   RAM/mem_217__1_              0.09           0.09           0.00  (VIOLATED: increase significant digits)
   RAM/mem_217__2_              0.09           0.09           0.00  (VIOLATED: increase significant digits)
   RAM/mem_217__3_              0.09           0.09           0.00  (VIOLATED: increase significant digits)
   RAM/mem_217__4_              0.09           0.09           0.00  (VIOLATED: increase significant digits)
   RAM/mem_217__5_              0.09           0.09           0.00  (VIOLATED: increase significant digits)
   RAM/mem_217__6_              0.09           0.09           0.00  (VIOLATED: increase significant digits)
   RAM/mem_217__7_              0.09           0.09           0.00  (VIOLATED: increase significant digits)
   RAM/mem_221__0_              0.09           0.09           0.00  (VIOLATED: increase significant digits)
   RAM/mem_221__1_              0.09           0.09           0.00  (VIOLATED: increase significant digits)
   RAM/mem_221__2_              0.09           0.09           0.00  (VIOLATED: increase significant digits)
   RAM/mem_221__3_              0.09           0.09           0.00  (VIOLATED: increase significant digits)
   RAM/mem_221__4_              0.09           0.09           0.00  (VIOLATED: increase significant digits)
   RAM/mem_221__5_              0.09           0.09           0.00  (VIOLATED: increase significant digits)
   RAM/mem_221__6_              0.09           0.09           0.00  (VIOLATED: increase significant digits)
   RAM/mem_221__7_              0.09           0.09           0.00  (VIOLATED: increase significant digits)
   RAM/mem_225__0_              0.09           0.09           0.00  (VIOLATED: increase significant digits)
   RAM/mem_225__1_              0.09           0.09           0.00  (VIOLATED: increase significant digits)
   RAM/mem_225__2_              0.09           0.09           0.00  (VIOLATED: increase significant digits)
   RAM/mem_225__3_              0.09           0.09           0.00  (VIOLATED: increase significant digits)
   RAM/mem_225__4_              0.09           0.09           0.00  (VIOLATED: increase significant digits)
   RAM/mem_225__5_              0.09           0.09           0.00  (VIOLATED: increase significant digits)
   RAM/mem_225__6_              0.09           0.09           0.00  (VIOLATED: increase significant digits)
   RAM/mem_225__7_              0.09           0.09           0.00  (VIOLATED: increase significant digits)
   RAM/mem_229__0_              0.09           0.09           0.00  (VIOLATED: increase significant digits)
   RAM/mem_229__1_              0.09           0.09           0.00  (VIOLATED: increase significant digits)
   RAM/mem_229__2_              0.09           0.09           0.00  (VIOLATED: increase significant digits)
   RAM/mem_229__3_              0.09           0.09           0.00  (VIOLATED: increase significant digits)
   RAM/mem_229__4_              0.09           0.09           0.00  (VIOLATED: increase significant digits)
   RAM/mem_229__5_              0.09           0.09           0.00  (VIOLATED: increase significant digits)
   RAM/mem_229__6_              0.09           0.09           0.00  (VIOLATED: increase significant digits)
   RAM/mem_229__7_              0.09           0.09           0.00  (VIOLATED: increase significant digits)
   RAM/mem_233__0_              0.09           0.09           0.00  (VIOLATED: increase significant digits)
   RAM/mem_233__1_              0.09           0.09           0.00  (VIOLATED: increase significant digits)
   RAM/mem_233__2_              0.09           0.09           0.00  (VIOLATED: increase significant digits)
   RAM/mem_233__3_              0.09           0.09           0.00  (VIOLATED: increase significant digits)
   RAM/mem_233__4_              0.09           0.09           0.00  (VIOLATED: increase significant digits)
   RAM/mem_233__5_              0.09           0.09           0.00  (VIOLATED: increase significant digits)
   RAM/mem_233__6_              0.09           0.09           0.00  (VIOLATED: increase significant digits)
   RAM/mem_233__7_              0.09           0.09           0.00  (VIOLATED: increase significant digits)
   RAM/mem_237__0_              0.09           0.09           0.00  (VIOLATED: increase significant digits)
   RAM/mem_237__1_              0.09           0.09           0.00  (VIOLATED: increase significant digits)
   RAM/mem_237__2_              0.09           0.09           0.00  (VIOLATED: increase significant digits)
   RAM/mem_237__3_              0.09           0.09           0.00  (VIOLATED: increase significant digits)
   RAM/mem_237__4_              0.09           0.09           0.00  (VIOLATED: increase significant digits)
   RAM/mem_237__5_              0.09           0.09           0.00  (VIOLATED: increase significant digits)
   RAM/mem_237__6_              0.09           0.09           0.00  (VIOLATED: increase significant digits)
   RAM/mem_237__7_              0.09           0.09           0.00  (VIOLATED: increase significant digits)
   RAM/mem_241__0_              0.09           0.09           0.00  (VIOLATED: increase significant digits)
   RAM/mem_241__1_              0.09           0.09           0.00  (VIOLATED: increase significant digits)
   RAM/mem_241__2_              0.09           0.09           0.00  (VIOLATED: increase significant digits)
   RAM/mem_241__3_              0.09           0.09           0.00  (VIOLATED: increase significant digits)
   RAM/mem_241__4_              0.09           0.09           0.00  (VIOLATED: increase significant digits)
   RAM/mem_241__5_              0.09           0.09           0.00  (VIOLATED: increase significant digits)
   RAM/mem_241__6_              0.09           0.09           0.00  (VIOLATED: increase significant digits)
   RAM/mem_241__7_              0.09           0.09           0.00  (VIOLATED: increase significant digits)
   RAM/mem_245__0_              0.09           0.09           0.00  (VIOLATED: increase significant digits)
   RAM/mem_245__1_              0.09           0.09           0.00  (VIOLATED: increase significant digits)
   RAM/mem_245__2_              0.09           0.09           0.00  (VIOLATED: increase significant digits)
   RAM/mem_245__3_              0.09           0.09           0.00  (VIOLATED: increase significant digits)
   RAM/mem_245__4_              0.09           0.09           0.00  (VIOLATED: increase significant digits)
   RAM/mem_245__5_              0.09           0.09           0.00  (VIOLATED: increase significant digits)
   RAM/mem_245__6_              0.09           0.09           0.00  (VIOLATED: increase significant digits)
   RAM/mem_245__7_              0.09           0.09           0.00  (VIOLATED: increase significant digits)
   RAM/mem_249__0_              0.09           0.09           0.00  (VIOLATED: increase significant digits)
   RAM/mem_249__1_              0.09           0.09           0.00  (VIOLATED: increase significant digits)
   RAM/mem_249__2_              0.09           0.09           0.00  (VIOLATED: increase significant digits)
   RAM/mem_249__3_              0.09           0.09           0.00  (VIOLATED: increase significant digits)
   RAM/mem_249__4_              0.09           0.09           0.00  (VIOLATED: increase significant digits)
   RAM/mem_249__5_              0.09           0.09           0.00  (VIOLATED: increase significant digits)
   RAM/mem_249__6_              0.09           0.09           0.00  (VIOLATED: increase significant digits)
   RAM/mem_249__7_              0.09           0.09           0.00  (VIOLATED: increase significant digits)
   RAM/mem_253__0_              0.09           0.09           0.00  (VIOLATED: increase significant digits)
   RAM/mem_253__1_              0.09           0.09           0.00  (VIOLATED: increase significant digits)
   RAM/mem_253__2_              0.09           0.09           0.00  (VIOLATED: increase significant digits)
   RAM/mem_253__3_              0.09           0.09           0.00  (VIOLATED: increase significant digits)
   RAM/mem_253__4_              0.09           0.09           0.00  (VIOLATED: increase significant digits)
   RAM/mem_253__5_              0.09           0.09           0.00  (VIOLATED: increase significant digits)
   RAM/mem_253__6_              0.09           0.09           0.00  (VIOLATED: increase significant digits)
   RAM/mem_253__7_              0.09           0.09           0.00  (VIOLATED: increase significant digits)
   test_so3                     0.09           0.09           0.00  (VIOLATED: increase significant digits)
   test_so4                     0.09           0.09           0.00  (VIOLATED: increase significant digits)
   test_so5                     0.09           0.09           0.00  (VIOLATED: increase significant digits)
   test_so14                    0.09           0.09           0.00  (VIOLATED: increase significant digits)
   test_so15                    0.09           0.09           0.00  (VIOLATED: increase significant digits)
   test_so16                    0.09           0.09           0.00  (VIOLATED: increase significant digits)
   test_so17                    0.09           0.09           0.00  (VIOLATED: increase significant digits)
   test_so6                     0.09           0.09           0.00  (VIOLATED: increase significant digits)
   test_so7                     0.09           0.09           0.00  (VIOLATED: increase significant digits)
   test_so8                     0.09           0.09           0.00  (VIOLATED: increase significant digits)
   test_so18                    0.09           0.09           0.00  (VIOLATED: increase significant digits)
   test_so19                    0.09           0.09           0.00  (VIOLATED: increase significant digits)
   test_so20                    0.09           0.09           0.00  (VIOLATED: increase significant digits)
   SO                           0.09           0.09           0.00  (VIOLATED: increase significant digits)
   test_so2                     0.09           0.09           0.00  (VIOLATED: increase significant digits)
   test_so11                    0.09           0.09           0.00  (VIOLATED: increase significant digits)
   test_so12                    0.09           0.09           0.00  (VIOLATED: increase significant digits)
   test_so13                    0.09           0.09           0.00  (VIOLATED: increase significant digits)
   test_so9                     0.09           0.09           0.00  (VIOLATED: increase significant digits)
   test_so10                    0.09           0.09           0.00  (VIOLATED: increase significant digits)

   -----------------------------------------------------------------
   Total                      2070              -77.68  

   max_area

                             Required        Actual
   Design                      Area           Area           Slack
   -----------------------------------------------------------------
   SPI_Wrapper                  0.00       3150820.25     -3150820.25
                                                                    (VIOLATED)


1
