In mode: all_dft...
  Loading target library 'scmetro_tsmc_cl013g_rvt_tt_1p2v_25c'
  Loading target library 'scmetro_tsmc_cl013g_rvt_ff_1p32v_m40c'
  Pre-DFT DRC enabled
Warning: Design 'SPI_Wrapper' contains 1 high-fanout nets. A fanout number of 1000 will be used for delay calculations involving these nets. (TIM-134)

Information: Starting test design rule checking. (TEST-222)
  Loading test protocol
  ...basic checks...
  ...basic sequential cell checks...
  	...checking for scan equivalents...
  ...checking vector rules...
  ...checking pre-dft rules...

-----------------------------------------------------------------
Begin Pre-DFT violations...

 Warning: Clock scan_rst connects to data input () of DFF RAM/addr_internal_reg[5]. (D10-1)
 Warning: Clock scan_rst connects to data input () of DFF RAM/addr_internal_reg[4]. (D10-2)
 Warning: Clock scan_rst connects to data input () of DFF RAM/addr_internal_reg[3]. (D10-3)
 Warning: Clock scan_rst connects to data input () of DFF RAM/addr_internal_reg[2]. (D10-4)
 Warning: Clock scan_rst connects to data input () of DFF RAM/addr_internal_reg[1]. (D10-5)
 Warning: Clock scan_rst connects to data input () of DFF RAM/addr_internal_reg[0]. (D10-6)
 Warning: Clock scan_rst connects to data input () of DFF RAM/addr_internal_reg[7]. (D10-7)
 Warning: Clock scan_rst connects to data input () of DFF RAM/addr_internal_reg[6]. (D10-8)

Pre-DFT violations completed...
-----------------------------------------------------------------

-----------------------------------------------------------------
  DRC Report

  Total violations: 8

-----------------------------------------------------------------

8 PRE-DFT VIOLATIONS
     8 Clock feeding data input violations (D10)


Warning: Violations occurred during test design rule checking. (TEST-124)

-----------------------------------------------------------------
  Sequential Cell Report

  0 out of 2071 sequential cells have violations

-----------------------------------------------------------------

SEQUENTIAL CELLS WITHOUT VIOLATIONS
      *2071 cells are valid scan cells
         SPI_slave/rx_counter_reg[0]
         SPI_slave/rx_counter_reg[3]
         SPI_slave/rx_counter_reg[2]
         SPI_slave/rx_counter_reg[1]
         SPI_slave/CS_reg[1]
         SPI_slave/CS_reg[0]
         RAM/addr_internal_reg[5]
         RAM/addr_internal_reg[4]
         RAM/addr_internal_reg[3]
         RAM/addr_internal_reg[2]
         RAM/addr_internal_reg[1]
         RAM/addr_internal_reg[0]
         RAM/tx_valid_reg
         RAM/dout_reg[7]
         RAM/dout_reg[6]
         RAM/dout_reg[5]
         RAM/dout_reg[4]
         RAM/dout_reg[3]
         RAM/dout_reg[2]
         RAM/dout_reg[1]
         RAM/dout_reg[0]
         RAM/mem_reg[15][4]
         RAM/mem_reg[14][4]
         RAM/mem_reg[13][4]
         RAM/mem_reg[12][4]
         RAM/mem_reg[11][4]
         RAM/mem_reg[10][4]
         RAM/mem_reg[9][4]
         RAM/mem_reg[6][4]
         RAM/mem_reg[5][4]
         RAM/mem_reg[4][4]
         RAM/mem_reg[3][4]
         RAM/mem_reg[2][4]
         RAM/mem_reg[1][4]
         RAM/mem_reg[0][4]
         RAM/mem_reg[8][4]
         RAM/mem_reg[7][4]
         RAM/mem_reg[22][4]
         RAM/mem_reg[21][4]
         RAM/mem_reg[20][4]
         RAM/mem_reg[19][4]
         RAM/mem_reg[18][4]
         RAM/mem_reg[17][4]
         RAM/mem_reg[16][4]
         RAM/mem_reg[31][4]
         RAM/mem_reg[30][4]
         RAM/mem_reg[29][4]
         RAM/mem_reg[28][4]
         RAM/mem_reg[27][4]
         RAM/mem_reg[26][4]
         RAM/mem_reg[25][4]
         RAM/mem_reg[24][4]
         RAM/mem_reg[23][4]
         RAM/mem_reg[191][4]
         RAM/mem_reg[190][4]
         RAM/mem_reg[189][4]
         RAM/mem_reg[188][4]
         RAM/mem_reg[187][4]
         RAM/mem_reg[186][4]
         RAM/mem_reg[185][4]
         RAM/mem_reg[184][4]
         RAM/mem_reg[183][4]
         RAM/mem_reg[127][4]
         RAM/mem_reg[126][4]
         RAM/mem_reg[125][4]
         RAM/mem_reg[124][4]
         RAM/mem_reg[123][4]
         RAM/mem_reg[122][4]
         RAM/mem_reg[121][4]
         RAM/mem_reg[120][4]
         RAM/mem_reg[119][4]
         RAM/mem_reg[182][4]
         RAM/mem_reg[181][4]
         RAM/mem_reg[180][4]
         RAM/mem_reg[179][4]
         RAM/mem_reg[178][4]
         RAM/mem_reg[177][4]
         RAM/mem_reg[176][4]
         RAM/mem_reg[118][4]
         RAM/mem_reg[117][4]
         RAM/mem_reg[116][4]
         RAM/mem_reg[115][4]
         RAM/mem_reg[114][4]
         RAM/mem_reg[113][4]
         RAM/mem_reg[112][4]
         RAM/mem_reg[143][4]
         RAM/mem_reg[142][4]
         RAM/mem_reg[141][4]
         RAM/mem_reg[140][4]
         RAM/mem_reg[139][4]
         RAM/mem_reg[138][4]
         RAM/mem_reg[137][4]
         RAM/mem_reg[136][4]
         RAM/mem_reg[135][4]
         RAM/mem_reg[134][4]
         RAM/mem_reg[133][4]
         RAM/mem_reg[132][4]
         RAM/mem_reg[131][4]
         RAM/mem_reg[130][4]
         RAM/mem_reg[129][4]
         RAM/mem_reg[128][4]
         RAM/mem_reg[79][4]
         RAM/mem_reg[78][4]
         RAM/mem_reg[77][4]
         RAM/mem_reg[76][4]
         RAM/mem_reg[75][4]
         RAM/mem_reg[74][4]
         RAM/mem_reg[73][4]
         RAM/mem_reg[72][4]
         RAM/mem_reg[71][4]
         RAM/mem_reg[70][4]
         RAM/mem_reg[69][4]
         RAM/mem_reg[68][4]
         RAM/mem_reg[67][4]
         RAM/mem_reg[66][4]
         RAM/mem_reg[65][4]
         RAM/mem_reg[64][4]
         RAM/mem_reg[63][4]
         RAM/mem_reg[62][4]
         RAM/mem_reg[61][4]
         RAM/mem_reg[60][4]
         RAM/mem_reg[59][4]
         RAM/mem_reg[58][4]
         RAM/mem_reg[57][4]
         RAM/mem_reg[56][4]
         RAM/mem_reg[55][4]
         RAM/mem_reg[54][4]
         RAM/mem_reg[53][4]
         RAM/mem_reg[52][4]
         RAM/mem_reg[51][4]
         RAM/mem_reg[50][4]
         RAM/mem_reg[49][4]
         RAM/mem_reg[48][4]
         RAM/mem_reg[159][4]
         RAM/mem_reg[158][4]
         RAM/mem_reg[157][4]
         RAM/mem_reg[156][4]
         RAM/mem_reg[155][4]
         RAM/mem_reg[154][4]
         RAM/mem_reg[153][4]
         RAM/mem_reg[152][4]
         RAM/mem_reg[151][4]
         RAM/mem_reg[95][4]
         RAM/mem_reg[94][4]
         RAM/mem_reg[93][4]
         RAM/mem_reg[92][4]
         RAM/mem_reg[91][4]
         RAM/mem_reg[90][4]
         RAM/mem_reg[89][4]
         RAM/mem_reg[88][4]
         RAM/mem_reg[87][4]
         RAM/mem_reg[175][4]
         RAM/mem_reg[174][4]
         RAM/mem_reg[173][4]
         RAM/mem_reg[172][4]
         RAM/mem_reg[171][4]
         RAM/mem_reg[170][4]
         RAM/mem_reg[169][4]
         RAM/mem_reg[168][4]
         RAM/mem_reg[167][4]
         RAM/mem_reg[166][4]
         RAM/mem_reg[165][4]
         RAM/mem_reg[164][4]
         RAM/mem_reg[163][4]
         RAM/mem_reg[162][4]
         RAM/mem_reg[161][4]
         RAM/mem_reg[160][4]
         RAM/mem_reg[150][4]
         RAM/mem_reg[149][4]
         RAM/mem_reg[148][4]
         RAM/mem_reg[147][4]
         RAM/mem_reg[146][4]
         RAM/mem_reg[145][4]
         RAM/mem_reg[144][4]
         RAM/mem_reg[111][4]
         RAM/mem_reg[110][4]
         RAM/mem_reg[109][4]
         RAM/mem_reg[108][4]
         RAM/mem_reg[107][4]
         RAM/mem_reg[106][4]
         RAM/mem_reg[105][4]
         RAM/mem_reg[104][4]
         RAM/mem_reg[103][4]
         RAM/mem_reg[102][4]
         RAM/mem_reg[101][4]
         RAM/mem_reg[100][4]
         RAM/mem_reg[99][4]
         RAM/mem_reg[98][4]
         RAM/mem_reg[97][4]
         RAM/mem_reg[96][4]
         RAM/mem_reg[86][4]
         RAM/mem_reg[85][4]
         RAM/mem_reg[84][4]
         RAM/mem_reg[83][4]
         RAM/mem_reg[82][4]
         RAM/mem_reg[81][4]
         RAM/mem_reg[80][4]
         RAM/mem_reg[255][4]
         RAM/mem_reg[254][4]
         RAM/mem_reg[253][4]
         RAM/mem_reg[252][4]
         RAM/mem_reg[251][4]
         RAM/mem_reg[250][4]
         RAM/mem_reg[249][4]
         RAM/mem_reg[248][4]
         RAM/mem_reg[247][4]
         RAM/mem_reg[223][4]
         RAM/mem_reg[222][4]
         RAM/mem_reg[221][4]
         RAM/mem_reg[220][4]
         RAM/mem_reg[219][4]
         RAM/mem_reg[218][4]
         RAM/mem_reg[217][4]
         RAM/mem_reg[216][4]
         RAM/mem_reg[215][4]
         RAM/mem_reg[246][4]
         RAM/mem_reg[245][4]
         RAM/mem_reg[244][4]
         RAM/mem_reg[243][4]
         RAM/mem_reg[242][4]
         RAM/mem_reg[241][4]
         RAM/mem_reg[240][4]
         RAM/mem_reg[239][4]
         RAM/mem_reg[238][4]
         RAM/mem_reg[237][4]
         RAM/mem_reg[236][4]
         RAM/mem_reg[235][4]
         RAM/mem_reg[234][4]
         RAM/mem_reg[233][4]
         RAM/mem_reg[232][4]
         RAM/mem_reg[231][4]
         RAM/mem_reg[230][4]
         RAM/mem_reg[229][4]
         RAM/mem_reg[228][4]
         RAM/mem_reg[227][4]
         RAM/mem_reg[226][4]
         RAM/mem_reg[225][4]
         RAM/mem_reg[224][4]
         RAM/mem_reg[214][4]
         RAM/mem_reg[213][4]
         RAM/mem_reg[212][4]
         RAM/mem_reg[211][4]
         RAM/mem_reg[210][4]
         RAM/mem_reg[209][4]
         RAM/mem_reg[208][4]
         RAM/mem_reg[207][4]
         RAM/mem_reg[206][4]
         RAM/mem_reg[205][4]
         RAM/mem_reg[204][4]
         RAM/mem_reg[203][4]
         RAM/mem_reg[202][4]
         RAM/mem_reg[201][4]
         RAM/mem_reg[200][4]
         RAM/mem_reg[199][4]
         RAM/mem_reg[198][4]
         RAM/mem_reg[197][4]
         RAM/mem_reg[196][4]
         RAM/mem_reg[195][4]
         RAM/mem_reg[194][4]
         RAM/mem_reg[193][4]
         RAM/mem_reg[192][4]
         RAM/mem_reg[47][4]
         RAM/mem_reg[46][4]
         RAM/mem_reg[45][4]
         RAM/mem_reg[44][4]
         RAM/mem_reg[43][4]
         RAM/mem_reg[42][4]
         RAM/mem_reg[41][4]
         RAM/mem_reg[40][4]
         RAM/mem_reg[39][4]
         RAM/mem_reg[38][4]
         RAM/mem_reg[37][4]
         RAM/mem_reg[36][4]
         RAM/mem_reg[35][4]
         RAM/mem_reg[34][4]
         RAM/mem_reg[33][4]
         RAM/mem_reg[32][4]
         RAM/mem_reg[8][1]
         RAM/mem_reg[7][1]
         RAM/mem_reg[133][1]
         RAM/mem_reg[132][1]
         RAM/mem_reg[131][1]
         RAM/mem_reg[130][1]
         RAM/mem_reg[129][1]
         RAM/mem_reg[127][1]
         RAM/mem_reg[126][1]
         RAM/mem_reg[125][1]
         RAM/mem_reg[124][1]
         RAM/mem_reg[123][1]
         RAM/mem_reg[6][1]
         RAM/mem_reg[122][1]
         RAM/mem_reg[121][1]
         RAM/mem_reg[120][1]
         RAM/mem_reg[119][1]
         RAM/mem_reg[118][1]
         RAM/mem_reg[117][1]
         RAM/mem_reg[116][1]
         RAM/mem_reg[115][1]
         RAM/mem_reg[114][1]
         RAM/mem_reg[113][1]
         RAM/mem_reg[112][1]
         RAM/mem_reg[111][1]
         RAM/mem_reg[110][1]
         RAM/mem_reg[7][6]
         RAM/mem_reg[7][2]
         RAM/mem_reg[19][6]
         RAM/mem_reg[18][6]
         RAM/mem_reg[17][6]
         RAM/mem_reg[16][6]
         RAM/mem_reg[15][6]
         RAM/mem_reg[14][6]
         RAM/mem_reg[13][6]
         RAM/mem_reg[12][6]
         RAM/mem_reg[11][6]
         RAM/mem_reg[10][6]
         RAM/mem_reg[9][6]
         RAM/mem_reg[8][6]
         RAM/mem_reg[32][6]
         RAM/mem_reg[31][6]
         RAM/mem_reg[30][6]
         RAM/mem_reg[29][6]
         RAM/mem_reg[28][6]
         RAM/mem_reg[27][6]
         RAM/mem_reg[26][6]
         RAM/mem_reg[25][6]
         RAM/mem_reg[24][6]
         RAM/mem_reg[23][6]
         RAM/mem_reg[22][6]
         RAM/mem_reg[21][6]
         RAM/mem_reg[20][6]
         RAM/mem_reg[8][0]
         RAM/mem_reg[7][0]
         RAM/mem_reg[7][3]
         RAM/mem_reg[7][7]
         RAM/mem_reg[7][5]
         RAM/mem_reg[19][2]
         RAM/mem_reg[18][2]
         RAM/mem_reg[17][2]
         RAM/mem_reg[16][2]
         RAM/mem_reg[15][2]
         RAM/mem_reg[14][2]
         RAM/mem_reg[13][2]
         RAM/mem_reg[12][2]
         RAM/mem_reg[11][2]
         RAM/mem_reg[10][2]
         RAM/mem_reg[9][2]
         RAM/mem_reg[8][2]
         RAM/mem_reg[32][2]
         RAM/mem_reg[31][2]
         RAM/mem_reg[30][2]
         RAM/mem_reg[29][2]
         RAM/mem_reg[28][2]
         RAM/mem_reg[27][2]
         RAM/mem_reg[26][2]
         RAM/mem_reg[25][2]
         RAM/mem_reg[24][2]
         RAM/mem_reg[23][2]
         RAM/mem_reg[22][2]
         RAM/mem_reg[21][2]
         RAM/mem_reg[20][2]
         RAM/mem_reg[133][0]
         RAM/mem_reg[132][0]
         RAM/mem_reg[131][0]
         RAM/mem_reg[130][0]
         RAM/mem_reg[129][0]
         RAM/mem_reg[127][0]
         RAM/mem_reg[126][0]
         RAM/mem_reg[125][0]
         RAM/mem_reg[124][0]
         RAM/mem_reg[123][0]
         RAM/mem_reg[6][0]
         RAM/mem_reg[122][0]
         RAM/mem_reg[121][0]
         RAM/mem_reg[120][0]
         RAM/mem_reg[119][0]
         RAM/mem_reg[118][0]
         RAM/mem_reg[117][0]
         RAM/mem_reg[116][0]
         RAM/mem_reg[115][0]
         RAM/mem_reg[114][0]
         RAM/mem_reg[113][0]
         RAM/mem_reg[112][0]
         RAM/mem_reg[111][0]
         RAM/mem_reg[110][0]
         RAM/mem_reg[19][3]
         RAM/mem_reg[18][3]
         RAM/mem_reg[17][3]
         RAM/mem_reg[16][3]
         RAM/mem_reg[15][3]
         RAM/mem_reg[14][3]
         RAM/mem_reg[13][3]
         RAM/mem_reg[12][3]
         RAM/mem_reg[11][3]
         RAM/mem_reg[10][3]
         RAM/mem_reg[9][3]
         RAM/mem_reg[8][3]
         RAM/mem_reg[32][3]
         RAM/mem_reg[31][3]
         RAM/mem_reg[30][3]
         RAM/mem_reg[29][3]
         RAM/mem_reg[28][3]
         RAM/mem_reg[27][3]
         RAM/mem_reg[26][3]
         RAM/mem_reg[25][3]
         RAM/mem_reg[24][3]
         RAM/mem_reg[23][3]
         RAM/mem_reg[22][3]
         RAM/mem_reg[21][3]
         RAM/mem_reg[20][3]
         RAM/mem_reg[19][7]
         RAM/mem_reg[18][7]
         RAM/mem_reg[17][7]
         RAM/mem_reg[16][7]
         RAM/mem_reg[15][7]
         RAM/mem_reg[14][7]
         RAM/mem_reg[13][7]
         RAM/mem_reg[12][7]
         RAM/mem_reg[11][7]
         RAM/mem_reg[10][7]
         RAM/mem_reg[9][7]
         RAM/mem_reg[8][7]
         RAM/mem_reg[32][7]
         RAM/mem_reg[31][7]
         RAM/mem_reg[30][7]
         RAM/mem_reg[29][7]
         RAM/mem_reg[28][7]
         RAM/mem_reg[27][7]
         RAM/mem_reg[26][7]
         RAM/mem_reg[25][7]
         RAM/mem_reg[24][7]
         RAM/mem_reg[23][7]
         RAM/mem_reg[22][7]
         RAM/mem_reg[21][7]
         RAM/mem_reg[20][7]
         RAM/mem_reg[19][5]
         RAM/mem_reg[18][5]
         RAM/mem_reg[17][5]
         RAM/mem_reg[16][5]
         RAM/mem_reg[15][5]
         RAM/mem_reg[14][5]
         RAM/mem_reg[13][5]
         RAM/mem_reg[12][5]
         RAM/mem_reg[11][5]
         RAM/mem_reg[10][5]
         RAM/mem_reg[9][5]
         RAM/mem_reg[8][5]
         RAM/mem_reg[32][5]
         RAM/mem_reg[31][5]
         RAM/mem_reg[30][5]
         RAM/mem_reg[29][5]
         RAM/mem_reg[28][5]
         RAM/mem_reg[27][5]
         RAM/mem_reg[26][5]
         RAM/mem_reg[25][5]
         RAM/mem_reg[24][5]
         RAM/mem_reg[23][5]
         RAM/mem_reg[22][5]
         RAM/mem_reg[21][5]
         RAM/mem_reg[20][5]
         RAM/mem_reg[143][1]
         RAM/mem_reg[142][1]
         RAM/mem_reg[141][1]
         RAM/mem_reg[140][1]
         RAM/mem_reg[139][1]
         RAM/mem_reg[138][1]
         RAM/mem_reg[137][1]
         RAM/mem_reg[136][1]
         RAM/mem_reg[135][1]
         RAM/mem_reg[169][1]
         RAM/mem_reg[168][1]
         RAM/mem_reg[167][1]
         RAM/mem_reg[166][1]
         RAM/mem_reg[165][1]
         RAM/mem_reg[164][1]
         RAM/mem_reg[163][1]
         RAM/mem_reg[162][1]
         RAM/mem_reg[161][1]
         RAM/mem_reg[160][1]
         RAM/mem_reg[159][1]
         RAM/mem_reg[158][1]
         RAM/mem_reg[157][1]
         RAM/mem_reg[156][1]
         RAM/mem_reg[155][1]
         RAM/mem_reg[154][1]
         RAM/mem_reg[153][1]
         RAM/mem_reg[152][1]
         RAM/mem_reg[151][1]
         RAM/mem_reg[150][1]
         RAM/mem_reg[149][1]
         RAM/mem_reg[148][1]
         RAM/mem_reg[147][1]
         RAM/mem_reg[146][1]
         RAM/mem_reg[145][1]
         RAM/mem_reg[144][1]
         RAM/mem_reg[255][1]
         RAM/mem_reg[254][1]
         RAM/mem_reg[253][1]
         RAM/mem_reg[252][1]
         RAM/mem_reg[251][1]
         RAM/mem_reg[250][1]
         RAM/mem_reg[249][1]
         RAM/mem_reg[248][1]
         RAM/mem_reg[247][1]
         RAM/mem_reg[246][1]
         RAM/mem_reg[245][1]
         RAM/mem_reg[244][1]
         RAM/mem_reg[243][1]
         RAM/mem_reg[242][1]
         RAM/mem_reg[241][1]
         RAM/mem_reg[240][1]
         RAM/mem_reg[239][1]
         RAM/mem_reg[238][1]
         RAM/mem_reg[237][1]
         RAM/mem_reg[236][1]
         RAM/mem_reg[235][1]
         RAM/mem_reg[234][1]
         RAM/mem_reg[233][1]
         RAM/mem_reg[232][1]
         RAM/mem_reg[231][1]
         RAM/mem_reg[230][1]
         RAM/mem_reg[229][1]
         RAM/mem_reg[228][1]
         RAM/mem_reg[227][1]
         RAM/mem_reg[226][1]
         RAM/mem_reg[225][1]
         RAM/mem_reg[224][1]
         RAM/mem_reg[223][1]
         RAM/mem_reg[222][1]
         RAM/mem_reg[221][1]
         RAM/mem_reg[220][1]
         RAM/mem_reg[219][1]
         RAM/mem_reg[218][1]
         RAM/mem_reg[217][1]
         RAM/mem_reg[216][1]
         RAM/mem_reg[215][1]
         RAM/mem_reg[214][1]
         RAM/mem_reg[213][1]
         RAM/mem_reg[212][1]
         RAM/mem_reg[211][1]
         RAM/mem_reg[210][1]
         RAM/mem_reg[209][1]
         RAM/mem_reg[208][1]
         RAM/mem_reg[207][1]
         RAM/mem_reg[206][1]
         RAM/mem_reg[205][1]
         RAM/mem_reg[204][1]
         RAM/mem_reg[203][1]
         RAM/mem_reg[202][1]
         RAM/mem_reg[201][1]
         RAM/mem_reg[200][1]
         RAM/mem_reg[199][1]
         RAM/mem_reg[198][1]
         RAM/mem_reg[197][1]
         RAM/mem_reg[196][1]
         RAM/mem_reg[195][1]
         RAM/mem_reg[194][1]
         RAM/mem_reg[193][1]
         RAM/mem_reg[192][1]
         RAM/mem_reg[191][1]
         RAM/mem_reg[190][1]
         RAM/mem_reg[189][1]
         RAM/mem_reg[188][1]
         RAM/mem_reg[187][1]
         RAM/mem_reg[186][1]
         RAM/mem_reg[185][1]
         RAM/mem_reg[184][1]
         RAM/mem_reg[183][1]
         RAM/mem_reg[182][1]
         RAM/mem_reg[181][1]
         RAM/mem_reg[180][1]
         RAM/mem_reg[179][1]
         RAM/mem_reg[178][1]
         RAM/mem_reg[177][1]
         RAM/mem_reg[176][1]
         RAM/mem_reg[175][1]
         RAM/mem_reg[174][1]
         RAM/mem_reg[173][1]
         RAM/mem_reg[172][1]
         RAM/mem_reg[171][1]
         RAM/mem_reg[170][1]
         RAM/mem_reg[134][1]
         RAM/mem_reg[128][1]
         RAM/mem_reg[109][1]
         RAM/mem_reg[108][1]
         RAM/mem_reg[107][1]
         RAM/mem_reg[106][1]
         RAM/mem_reg[105][1]
         RAM/mem_reg[104][1]
         RAM/mem_reg[103][1]
         RAM/mem_reg[102][1]
         RAM/mem_reg[101][1]
         RAM/mem_reg[100][1]
         RAM/mem_reg[99][1]
         RAM/mem_reg[98][1]
         RAM/mem_reg[97][1]
         RAM/mem_reg[96][1]
         RAM/mem_reg[95][1]
         RAM/mem_reg[94][1]
         RAM/mem_reg[93][1]
         RAM/mem_reg[92][1]
         RAM/mem_reg[91][1]
         RAM/mem_reg[90][1]
         RAM/mem_reg[89][1]
         RAM/mem_reg[88][1]
         RAM/mem_reg[87][1]
         RAM/mem_reg[86][1]
         RAM/mem_reg[85][1]
         RAM/mem_reg[84][1]
         RAM/mem_reg[83][1]
         RAM/mem_reg[82][1]
         RAM/mem_reg[81][1]
         RAM/mem_reg[80][1]
         RAM/mem_reg[79][1]
         RAM/mem_reg[78][1]
         RAM/mem_reg[77][1]
         RAM/mem_reg[76][1]
         RAM/mem_reg[75][1]
         RAM/mem_reg[74][1]
         RAM/mem_reg[73][1]
         RAM/mem_reg[72][1]
         RAM/mem_reg[71][1]
         RAM/mem_reg[70][1]
         RAM/mem_reg[69][1]
         RAM/mem_reg[68][1]
         RAM/mem_reg[67][1]
         RAM/mem_reg[66][1]
         RAM/mem_reg[65][1]
         RAM/mem_reg[64][1]
         RAM/mem_reg[63][1]
         RAM/mem_reg[62][1]
         RAM/mem_reg[61][1]
         RAM/mem_reg[60][1]
         RAM/mem_reg[59][1]
         RAM/mem_reg[58][1]
         RAM/mem_reg[57][1]
         RAM/mem_reg[56][1]
         RAM/mem_reg[55][1]
         RAM/mem_reg[54][1]
         RAM/mem_reg[53][1]
         RAM/mem_reg[52][1]
         RAM/mem_reg[51][1]
         RAM/mem_reg[50][1]
         RAM/mem_reg[49][1]
         RAM/mem_reg[48][1]
         RAM/mem_reg[47][1]
         RAM/mem_reg[46][1]
         RAM/mem_reg[45][1]
         RAM/mem_reg[44][1]
         RAM/mem_reg[43][1]
         RAM/mem_reg[42][1]
         RAM/mem_reg[41][1]
         RAM/mem_reg[40][1]
         RAM/mem_reg[39][1]
         RAM/mem_reg[38][1]
         RAM/mem_reg[37][1]
         RAM/mem_reg[36][1]
         RAM/mem_reg[35][1]
         RAM/mem_reg[34][1]
         RAM/mem_reg[33][1]
         RAM/mem_reg[32][1]
         RAM/mem_reg[31][1]
         RAM/mem_reg[30][1]
         RAM/mem_reg[29][1]
         RAM/mem_reg[28][1]
         RAM/mem_reg[27][1]
         RAM/mem_reg[26][1]
         RAM/mem_reg[25][1]
         RAM/mem_reg[24][1]
         RAM/mem_reg[23][1]
         RAM/mem_reg[22][1]
         RAM/mem_reg[21][1]
         RAM/mem_reg[20][1]
         RAM/mem_reg[19][1]
         RAM/mem_reg[18][1]
         RAM/mem_reg[17][1]
         RAM/mem_reg[16][1]
         RAM/mem_reg[15][1]
         RAM/mem_reg[14][1]
         RAM/mem_reg[13][1]
         RAM/mem_reg[12][1]
         RAM/mem_reg[11][1]
         RAM/mem_reg[10][1]
         RAM/mem_reg[9][1]
         RAM/mem_reg[5][1]
         RAM/mem_reg[4][1]
         RAM/mem_reg[3][1]
         RAM/mem_reg[2][1]
         RAM/mem_reg[1][1]
         RAM/mem_reg[0][1]
         RAM/mem_reg[255][6]
         RAM/mem_reg[254][6]
         RAM/mem_reg[6][6]
         RAM/mem_reg[5][6]
         RAM/mem_reg[4][6]
         RAM/mem_reg[3][6]
         RAM/mem_reg[2][6]
         RAM/mem_reg[1][6]
         RAM/mem_reg[0][6]
         RAM/mem_reg[255][2]
         RAM/mem_reg[254][2]
         RAM/mem_reg[6][2]
         RAM/mem_reg[5][2]
         RAM/mem_reg[4][2]
         RAM/mem_reg[3][2]
         RAM/mem_reg[2][2]
         RAM/mem_reg[1][2]
         RAM/mem_reg[0][2]
         RAM/mem_reg[143][0]
         RAM/mem_reg[142][0]
         RAM/mem_reg[141][0]
         RAM/mem_reg[140][0]
         RAM/mem_reg[139][0]
         RAM/mem_reg[138][0]
         RAM/mem_reg[137][0]
         RAM/mem_reg[136][0]
         RAM/mem_reg[135][0]
         RAM/mem_reg[255][3]
         RAM/mem_reg[254][3]
         RAM/mem_reg[6][3]
         RAM/mem_reg[5][3]
         RAM/mem_reg[4][3]
         RAM/mem_reg[3][3]
         RAM/mem_reg[2][3]
         RAM/mem_reg[1][3]
         RAM/mem_reg[0][3]
         RAM/mem_reg[255][7]
         RAM/mem_reg[254][7]
         RAM/mem_reg[6][7]
         RAM/mem_reg[5][7]
         RAM/mem_reg[4][7]
         RAM/mem_reg[3][7]
         RAM/mem_reg[2][7]
         RAM/mem_reg[1][7]
         RAM/mem_reg[0][7]
         RAM/mem_reg[255][5]
         RAM/mem_reg[254][5]
         RAM/mem_reg[6][5]
         RAM/mem_reg[5][5]
         RAM/mem_reg[4][5]
         RAM/mem_reg[3][5]
         RAM/mem_reg[2][5]
         RAM/mem_reg[1][5]
         RAM/mem_reg[0][5]
         RAM/mem_reg[253][6]
         RAM/mem_reg[252][6]
         RAM/mem_reg[251][6]
         RAM/mem_reg[250][6]
         RAM/mem_reg[249][6]
         RAM/mem_reg[248][6]
         RAM/mem_reg[247][6]
         RAM/mem_reg[246][6]
         RAM/mem_reg[245][6]
         RAM/mem_reg[244][6]
         RAM/mem_reg[243][6]
         RAM/mem_reg[242][6]
         RAM/mem_reg[241][6]
         RAM/mem_reg[240][6]
         RAM/mem_reg[239][6]
         RAM/mem_reg[238][6]
         RAM/mem_reg[237][6]
         RAM/mem_reg[236][6]
         RAM/mem_reg[235][6]
         RAM/mem_reg[234][6]
         RAM/mem_reg[233][6]
         RAM/mem_reg[232][6]
         RAM/mem_reg[231][6]
         RAM/mem_reg[230][6]
         RAM/mem_reg[229][6]
         RAM/mem_reg[228][6]
         RAM/mem_reg[227][6]
         RAM/mem_reg[226][6]
         RAM/mem_reg[225][6]
         RAM/mem_reg[224][6]
         RAM/mem_reg[223][6]
         RAM/mem_reg[222][6]
         RAM/mem_reg[221][6]
         RAM/mem_reg[220][6]
         RAM/mem_reg[219][6]
         RAM/mem_reg[218][6]
         RAM/mem_reg[217][6]
         RAM/mem_reg[216][6]
         RAM/mem_reg[215][6]
         RAM/mem_reg[214][6]
         RAM/mem_reg[213][6]
         RAM/mem_reg[212][6]
         RAM/mem_reg[211][6]
         RAM/mem_reg[210][6]
         RAM/mem_reg[209][6]
         RAM/mem_reg[208][6]
         RAM/mem_reg[207][6]
         RAM/mem_reg[206][6]
         RAM/mem_reg[205][6]
         RAM/mem_reg[204][6]
         RAM/mem_reg[203][6]
         RAM/mem_reg[202][6]
         RAM/mem_reg[201][6]
         RAM/mem_reg[200][6]
         RAM/mem_reg[199][6]
         RAM/mem_reg[198][6]
         RAM/mem_reg[197][6]
         RAM/mem_reg[196][6]
         RAM/mem_reg[195][6]
         RAM/mem_reg[194][6]
         RAM/mem_reg[193][6]
         RAM/mem_reg[192][6]
         RAM/mem_reg[191][6]
         RAM/mem_reg[190][6]
         RAM/mem_reg[189][6]
         RAM/mem_reg[188][6]
         RAM/mem_reg[187][6]
         RAM/mem_reg[186][6]
         RAM/mem_reg[185][6]
         RAM/mem_reg[184][6]
         RAM/mem_reg[183][6]
         RAM/mem_reg[182][6]
         RAM/mem_reg[181][6]
         RAM/mem_reg[180][6]
         RAM/mem_reg[179][6]
         RAM/mem_reg[178][6]
         RAM/mem_reg[177][6]
         RAM/mem_reg[176][6]
         RAM/mem_reg[175][6]
         RAM/mem_reg[174][6]
         RAM/mem_reg[173][6]
         RAM/mem_reg[172][6]
         RAM/mem_reg[171][6]
         RAM/mem_reg[170][6]
         RAM/mem_reg[169][6]
         RAM/mem_reg[168][6]
         RAM/mem_reg[167][6]
         RAM/mem_reg[166][6]
         RAM/mem_reg[165][6]
         RAM/mem_reg[164][6]
         RAM/mem_reg[163][6]
         RAM/mem_reg[162][6]
         RAM/mem_reg[161][6]
         RAM/mem_reg[160][6]
         RAM/mem_reg[159][6]
         RAM/mem_reg[158][6]
         RAM/mem_reg[157][6]
         RAM/mem_reg[156][6]
         RAM/mem_reg[155][6]
         RAM/mem_reg[154][6]
         RAM/mem_reg[153][6]
         RAM/mem_reg[152][6]
         RAM/mem_reg[151][6]
         RAM/mem_reg[150][6]
         RAM/mem_reg[149][6]
         RAM/mem_reg[148][6]
         RAM/mem_reg[147][6]
         RAM/mem_reg[146][6]
         RAM/mem_reg[145][6]
         RAM/mem_reg[144][6]
         RAM/mem_reg[143][6]
         RAM/mem_reg[142][6]
         RAM/mem_reg[141][6]
         RAM/mem_reg[140][6]
         RAM/mem_reg[139][6]
         RAM/mem_reg[138][6]
         RAM/mem_reg[137][6]
         RAM/mem_reg[136][6]
         RAM/mem_reg[135][6]
         RAM/mem_reg[134][6]
         RAM/mem_reg[133][6]
         RAM/mem_reg[132][6]
         RAM/mem_reg[131][6]
         RAM/mem_reg[130][6]
         RAM/mem_reg[129][6]
         RAM/mem_reg[128][6]
         RAM/mem_reg[127][6]
         RAM/mem_reg[126][6]
         RAM/mem_reg[125][6]
         RAM/mem_reg[124][6]
         RAM/mem_reg[123][6]
         RAM/mem_reg[122][6]
         RAM/mem_reg[121][6]
         RAM/mem_reg[120][6]
         RAM/mem_reg[119][6]
         RAM/mem_reg[118][6]
         RAM/mem_reg[117][6]
         RAM/mem_reg[116][6]
         RAM/mem_reg[115][6]
         RAM/mem_reg[114][6]
         RAM/mem_reg[113][6]
         RAM/mem_reg[112][6]
         RAM/mem_reg[111][6]
         RAM/mem_reg[110][6]
         RAM/mem_reg[109][6]
         RAM/mem_reg[108][6]
         RAM/mem_reg[107][6]
         RAM/mem_reg[106][6]
         RAM/mem_reg[105][6]
         RAM/mem_reg[104][6]
         RAM/mem_reg[103][6]
         RAM/mem_reg[102][6]
         RAM/mem_reg[101][6]
         RAM/mem_reg[100][6]
         RAM/mem_reg[99][6]
         RAM/mem_reg[98][6]
         RAM/mem_reg[97][6]
         RAM/mem_reg[96][6]
         RAM/mem_reg[95][6]
         RAM/mem_reg[94][6]
         RAM/mem_reg[93][6]
         RAM/mem_reg[92][6]
         RAM/mem_reg[91][6]
         RAM/mem_reg[90][6]
         RAM/mem_reg[89][6]
         RAM/mem_reg[88][6]
         RAM/mem_reg[87][6]
         RAM/mem_reg[86][6]
         RAM/mem_reg[85][6]
         RAM/mem_reg[84][6]
         RAM/mem_reg[83][6]
         RAM/mem_reg[82][6]
         RAM/mem_reg[81][6]
         RAM/mem_reg[80][6]
         RAM/mem_reg[79][6]
         RAM/mem_reg[78][6]
         RAM/mem_reg[77][6]
         RAM/mem_reg[76][6]
         RAM/mem_reg[75][6]
         RAM/mem_reg[74][6]
         RAM/mem_reg[73][6]
         RAM/mem_reg[72][6]
         RAM/mem_reg[71][6]
         RAM/mem_reg[70][6]
         RAM/mem_reg[69][6]
         RAM/mem_reg[68][6]
         RAM/mem_reg[67][6]
         RAM/mem_reg[66][6]
         RAM/mem_reg[65][6]
         RAM/mem_reg[64][6]
         RAM/mem_reg[63][6]
         RAM/mem_reg[62][6]
         RAM/mem_reg[61][6]
         RAM/mem_reg[60][6]
         RAM/mem_reg[59][6]
         RAM/mem_reg[58][6]
         RAM/mem_reg[57][6]
         RAM/mem_reg[56][6]
         RAM/mem_reg[55][6]
         RAM/mem_reg[54][6]
         RAM/mem_reg[53][6]
         RAM/mem_reg[52][6]
         RAM/mem_reg[51][6]
         RAM/mem_reg[50][6]
         RAM/mem_reg[49][6]
         RAM/mem_reg[48][6]
         RAM/mem_reg[47][6]
         RAM/mem_reg[46][6]
         RAM/mem_reg[45][6]
         RAM/mem_reg[44][6]
         RAM/mem_reg[43][6]
         RAM/mem_reg[42][6]
         RAM/mem_reg[41][6]
         RAM/mem_reg[40][6]
         RAM/mem_reg[39][6]
         RAM/mem_reg[38][6]
         RAM/mem_reg[37][6]
         RAM/mem_reg[36][6]
         RAM/mem_reg[35][6]
         RAM/mem_reg[34][6]
         RAM/mem_reg[33][6]
         RAM/mem_reg[253][2]
         RAM/mem_reg[252][2]
         RAM/mem_reg[251][2]
         RAM/mem_reg[250][2]
         RAM/mem_reg[249][2]
         RAM/mem_reg[248][2]
         RAM/mem_reg[247][2]
         RAM/mem_reg[246][2]
         RAM/mem_reg[245][2]
         RAM/mem_reg[244][2]
         RAM/mem_reg[243][2]
         RAM/mem_reg[242][2]
         RAM/mem_reg[241][2]
         RAM/mem_reg[240][2]
         RAM/mem_reg[239][2]
         RAM/mem_reg[238][2]
         RAM/mem_reg[237][2]
         RAM/mem_reg[236][2]
         RAM/mem_reg[235][2]
         RAM/mem_reg[234][2]
         RAM/mem_reg[233][2]
         RAM/mem_reg[232][2]
         RAM/mem_reg[231][2]
         RAM/mem_reg[230][2]
         RAM/mem_reg[229][2]
         RAM/mem_reg[228][2]
         RAM/mem_reg[227][2]
         RAM/mem_reg[226][2]
         RAM/mem_reg[225][2]
         RAM/mem_reg[224][2]
         RAM/mem_reg[223][2]
         RAM/mem_reg[222][2]
         RAM/mem_reg[221][2]
         RAM/mem_reg[220][2]
         RAM/mem_reg[219][2]
         RAM/mem_reg[218][2]
         RAM/mem_reg[217][2]
         RAM/mem_reg[216][2]
         RAM/mem_reg[215][2]
         RAM/mem_reg[214][2]
         RAM/mem_reg[213][2]
         RAM/mem_reg[212][2]
         RAM/mem_reg[211][2]
         RAM/mem_reg[210][2]
         RAM/mem_reg[209][2]
         RAM/mem_reg[208][2]
         RAM/mem_reg[207][2]
         RAM/mem_reg[206][2]
         RAM/mem_reg[205][2]
         RAM/mem_reg[204][2]
         RAM/mem_reg[203][2]
         RAM/mem_reg[202][2]
         RAM/mem_reg[201][2]
         RAM/mem_reg[200][2]
         RAM/mem_reg[199][2]
         RAM/mem_reg[198][2]
         RAM/mem_reg[197][2]
         RAM/mem_reg[196][2]
         RAM/mem_reg[195][2]
         RAM/mem_reg[194][2]
         RAM/mem_reg[193][2]
         RAM/mem_reg[192][2]
         RAM/mem_reg[191][2]
         RAM/mem_reg[190][2]
         RAM/mem_reg[189][2]
         RAM/mem_reg[188][2]
         RAM/mem_reg[187][2]
         RAM/mem_reg[186][2]
         RAM/mem_reg[185][2]
         RAM/mem_reg[184][2]
         RAM/mem_reg[183][2]
         RAM/mem_reg[182][2]
         RAM/mem_reg[181][2]
         RAM/mem_reg[180][2]
         RAM/mem_reg[179][2]
         RAM/mem_reg[178][2]
         RAM/mem_reg[177][2]
         RAM/mem_reg[176][2]
         RAM/mem_reg[175][2]
         RAM/mem_reg[174][2]
         RAM/mem_reg[173][2]
         RAM/mem_reg[172][2]
         RAM/mem_reg[171][2]
         RAM/mem_reg[170][2]
         RAM/mem_reg[169][2]
         RAM/mem_reg[168][2]
         RAM/mem_reg[167][2]
         RAM/mem_reg[166][2]
         RAM/mem_reg[165][2]
         RAM/mem_reg[164][2]
         RAM/mem_reg[163][2]
         RAM/mem_reg[162][2]
         RAM/mem_reg[161][2]
         RAM/mem_reg[160][2]
         RAM/mem_reg[159][2]
         RAM/mem_reg[158][2]
         RAM/mem_reg[157][2]
         RAM/mem_reg[156][2]
         RAM/mem_reg[155][2]
         RAM/mem_reg[154][2]
         RAM/mem_reg[153][2]
         RAM/mem_reg[152][2]
         RAM/mem_reg[151][2]
         RAM/mem_reg[150][2]
         RAM/mem_reg[149][2]
         RAM/mem_reg[148][2]
         RAM/mem_reg[147][2]
         RAM/mem_reg[146][2]
         RAM/mem_reg[145][2]
         RAM/mem_reg[144][2]
         RAM/mem_reg[143][2]
         RAM/mem_reg[142][2]
         RAM/mem_reg[141][2]
         RAM/mem_reg[140][2]
         RAM/mem_reg[139][2]
         RAM/mem_reg[138][2]
         RAM/mem_reg[137][2]
         RAM/mem_reg[136][2]
         RAM/mem_reg[135][2]
         RAM/mem_reg[134][2]
         RAM/mem_reg[133][2]
         RAM/mem_reg[132][2]
         RAM/mem_reg[131][2]
         RAM/mem_reg[130][2]
         RAM/mem_reg[129][2]
         RAM/mem_reg[128][2]
         RAM/mem_reg[127][2]
         RAM/mem_reg[126][2]
         RAM/mem_reg[125][2]
         RAM/mem_reg[124][2]
         RAM/mem_reg[123][2]
         RAM/mem_reg[122][2]
         RAM/mem_reg[121][2]
         RAM/mem_reg[120][2]
         RAM/mem_reg[119][2]
         RAM/mem_reg[118][2]
         RAM/mem_reg[117][2]
         RAM/mem_reg[116][2]
         RAM/mem_reg[115][2]
         RAM/mem_reg[114][2]
         RAM/mem_reg[113][2]
         RAM/mem_reg[112][2]
         RAM/mem_reg[111][2]
         RAM/mem_reg[110][2]
         RAM/mem_reg[109][2]
         RAM/mem_reg[108][2]
         RAM/mem_reg[107][2]
         RAM/mem_reg[106][2]
         RAM/mem_reg[105][2]
         RAM/mem_reg[104][2]
         RAM/mem_reg[103][2]
         RAM/mem_reg[102][2]
         RAM/mem_reg[101][2]
         RAM/mem_reg[100][2]
         RAM/mem_reg[99][2]
         RAM/mem_reg[98][2]
         RAM/mem_reg[97][2]
         RAM/mem_reg[96][2]
         RAM/mem_reg[95][2]
         RAM/mem_reg[94][2]
         RAM/mem_reg[93][2]
         RAM/mem_reg[92][2]
         RAM/mem_reg[91][2]
         RAM/mem_reg[90][2]
         RAM/mem_reg[89][2]
         RAM/mem_reg[88][2]
         RAM/mem_reg[87][2]
         RAM/mem_reg[86][2]
         RAM/mem_reg[85][2]
         RAM/mem_reg[84][2]
         RAM/mem_reg[83][2]
         RAM/mem_reg[82][2]
         RAM/mem_reg[81][2]
         RAM/mem_reg[80][2]
         RAM/mem_reg[79][2]
         RAM/mem_reg[78][2]
         RAM/mem_reg[77][2]
         RAM/mem_reg[76][2]
         RAM/mem_reg[75][2]
         RAM/mem_reg[74][2]
         RAM/mem_reg[73][2]
         RAM/mem_reg[72][2]
         RAM/mem_reg[71][2]
         RAM/mem_reg[70][2]
         RAM/mem_reg[69][2]
         RAM/mem_reg[68][2]
         RAM/mem_reg[67][2]
         RAM/mem_reg[66][2]
         RAM/mem_reg[65][2]
         RAM/mem_reg[64][2]
         RAM/mem_reg[63][2]
         RAM/mem_reg[62][2]
         RAM/mem_reg[61][2]
         RAM/mem_reg[60][2]
         RAM/mem_reg[59][2]
         RAM/mem_reg[58][2]
         RAM/mem_reg[57][2]
         RAM/mem_reg[56][2]
         RAM/mem_reg[55][2]
         RAM/mem_reg[54][2]
         RAM/mem_reg[53][2]
         RAM/mem_reg[52][2]
         RAM/mem_reg[51][2]
         RAM/mem_reg[50][2]
         RAM/mem_reg[49][2]
         RAM/mem_reg[48][2]
         RAM/mem_reg[47][2]
         RAM/mem_reg[46][2]
         RAM/mem_reg[45][2]
         RAM/mem_reg[44][2]
         RAM/mem_reg[43][2]
         RAM/mem_reg[42][2]
         RAM/mem_reg[41][2]
         RAM/mem_reg[40][2]
         RAM/mem_reg[39][2]
         RAM/mem_reg[38][2]
         RAM/mem_reg[37][2]
         RAM/mem_reg[36][2]
         RAM/mem_reg[35][2]
         RAM/mem_reg[34][2]
         RAM/mem_reg[33][2]
         RAM/mem_reg[169][0]
         RAM/mem_reg[168][0]
         RAM/mem_reg[167][0]
         RAM/mem_reg[166][0]
         RAM/mem_reg[165][0]
         RAM/mem_reg[164][0]
         RAM/mem_reg[163][0]
         RAM/mem_reg[162][0]
         RAM/mem_reg[161][0]
         RAM/mem_reg[160][0]
         RAM/mem_reg[159][0]
         RAM/mem_reg[158][0]
         RAM/mem_reg[157][0]
         RAM/mem_reg[156][0]
         RAM/mem_reg[155][0]
         RAM/mem_reg[154][0]
         RAM/mem_reg[153][0]
         RAM/mem_reg[152][0]
         RAM/mem_reg[151][0]
         RAM/mem_reg[150][0]
         RAM/mem_reg[149][0]
         RAM/mem_reg[148][0]
         RAM/mem_reg[147][0]
         RAM/mem_reg[146][0]
         RAM/mem_reg[145][0]
         RAM/mem_reg[144][0]
         RAM/mem_reg[255][0]
         RAM/mem_reg[254][0]
         RAM/mem_reg[253][0]
         RAM/mem_reg[252][0]
         RAM/mem_reg[251][0]
         RAM/mem_reg[250][0]
         RAM/mem_reg[249][0]
         RAM/mem_reg[248][0]
         RAM/mem_reg[247][0]
         RAM/mem_reg[246][0]
         RAM/mem_reg[245][0]
         RAM/mem_reg[244][0]
         RAM/mem_reg[243][0]
         RAM/mem_reg[242][0]
         RAM/mem_reg[241][0]
         RAM/mem_reg[240][0]
         RAM/mem_reg[239][0]
         RAM/mem_reg[238][0]
         RAM/mem_reg[237][0]
         RAM/mem_reg[236][0]
         RAM/mem_reg[235][0]
         RAM/mem_reg[234][0]
         RAM/mem_reg[233][0]
         RAM/mem_reg[232][0]
         RAM/mem_reg[231][0]
         RAM/mem_reg[230][0]
         RAM/mem_reg[229][0]
         RAM/mem_reg[228][0]
         RAM/mem_reg[227][0]
         RAM/mem_reg[226][0]
         RAM/mem_reg[225][0]
         RAM/mem_reg[224][0]
         RAM/mem_reg[223][0]
         RAM/mem_reg[222][0]
         RAM/mem_reg[221][0]
         RAM/mem_reg[220][0]
         RAM/mem_reg[219][0]
         RAM/mem_reg[218][0]
         RAM/mem_reg[217][0]
         RAM/mem_reg[216][0]
         RAM/mem_reg[215][0]
         RAM/mem_reg[214][0]
         RAM/mem_reg[213][0]
         RAM/mem_reg[212][0]
         RAM/mem_reg[211][0]
         RAM/mem_reg[210][0]
         RAM/mem_reg[209][0]
         RAM/mem_reg[208][0]
         RAM/mem_reg[207][0]
         RAM/mem_reg[206][0]
         RAM/mem_reg[205][0]
         RAM/mem_reg[204][0]
         RAM/mem_reg[203][0]
         RAM/mem_reg[202][0]
         RAM/mem_reg[201][0]
         RAM/mem_reg[200][0]
         RAM/mem_reg[199][0]
         RAM/mem_reg[198][0]
         RAM/mem_reg[197][0]
         RAM/mem_reg[196][0]
         RAM/mem_reg[195][0]
         RAM/mem_reg[194][0]
         RAM/mem_reg[193][0]
         RAM/mem_reg[192][0]
         RAM/mem_reg[191][0]
         RAM/mem_reg[190][0]
         RAM/mem_reg[189][0]
         RAM/mem_reg[188][0]
         RAM/mem_reg[187][0]
         RAM/mem_reg[186][0]
         RAM/mem_reg[185][0]
         RAM/mem_reg[184][0]
         RAM/mem_reg[183][0]
         RAM/mem_reg[182][0]
         RAM/mem_reg[181][0]
         RAM/mem_reg[180][0]
         RAM/mem_reg[179][0]
         RAM/mem_reg[178][0]
         RAM/mem_reg[177][0]
         RAM/mem_reg[176][0]
         RAM/mem_reg[175][0]
         RAM/mem_reg[174][0]
         RAM/mem_reg[173][0]
         RAM/mem_reg[172][0]
         RAM/mem_reg[171][0]
         RAM/mem_reg[170][0]
         RAM/mem_reg[134][0]
         RAM/mem_reg[128][0]
         RAM/mem_reg[109][0]
         RAM/mem_reg[108][0]
         RAM/mem_reg[107][0]
         RAM/mem_reg[106][0]
         RAM/mem_reg[105][0]
         RAM/mem_reg[104][0]
         RAM/mem_reg[103][0]
         RAM/mem_reg[102][0]
         RAM/mem_reg[101][0]
         RAM/mem_reg[100][0]
         RAM/mem_reg[99][0]
         RAM/mem_reg[98][0]
         RAM/mem_reg[97][0]
         RAM/mem_reg[96][0]
         RAM/mem_reg[95][0]
         RAM/mem_reg[94][0]
         RAM/mem_reg[93][0]
         RAM/mem_reg[92][0]
         RAM/mem_reg[91][0]
         RAM/mem_reg[90][0]
         RAM/mem_reg[89][0]
         RAM/mem_reg[88][0]
         RAM/mem_reg[87][0]
         RAM/mem_reg[86][0]
         RAM/mem_reg[85][0]
         RAM/mem_reg[84][0]
         RAM/mem_reg[83][0]
         RAM/mem_reg[82][0]
         RAM/mem_reg[81][0]
         RAM/mem_reg[80][0]
         RAM/mem_reg[79][0]
         RAM/mem_reg[78][0]
         RAM/mem_reg[77][0]
         RAM/mem_reg[76][0]
         RAM/mem_reg[75][0]
         RAM/mem_reg[74][0]
         RAM/mem_reg[73][0]
         RAM/mem_reg[72][0]
         RAM/mem_reg[71][0]
         RAM/mem_reg[70][0]
         RAM/mem_reg[69][0]
         RAM/mem_reg[68][0]
         RAM/mem_reg[67][0]
         RAM/mem_reg[66][0]
         RAM/mem_reg[65][0]
         RAM/mem_reg[64][0]
         RAM/mem_reg[63][0]
         RAM/mem_reg[62][0]
         RAM/mem_reg[61][0]
         RAM/mem_reg[60][0]
         RAM/mem_reg[59][0]
         RAM/mem_reg[58][0]
         RAM/mem_reg[57][0]
         RAM/mem_reg[56][0]
         RAM/mem_reg[55][0]
         RAM/mem_reg[54][0]
         RAM/mem_reg[53][0]
         RAM/mem_reg[52][0]
         RAM/mem_reg[51][0]
         RAM/mem_reg[50][0]
         RAM/mem_reg[49][0]
         RAM/mem_reg[48][0]
         RAM/mem_reg[47][0]
         RAM/mem_reg[46][0]
         RAM/mem_reg[45][0]
         RAM/mem_reg[44][0]
         RAM/mem_reg[43][0]
         RAM/mem_reg[42][0]
         RAM/mem_reg[41][0]
         RAM/mem_reg[40][0]
         RAM/mem_reg[39][0]
         RAM/mem_reg[38][0]
         RAM/mem_reg[37][0]
         RAM/mem_reg[36][0]
         RAM/mem_reg[35][0]
         RAM/mem_reg[34][0]
         RAM/mem_reg[33][0]
         RAM/mem_reg[32][0]
         RAM/mem_reg[31][0]
         RAM/mem_reg[30][0]
         RAM/mem_reg[29][0]
         RAM/mem_reg[28][0]
         RAM/mem_reg[27][0]
         RAM/mem_reg[26][0]
         RAM/mem_reg[25][0]
         RAM/mem_reg[24][0]
         RAM/mem_reg[23][0]
         RAM/mem_reg[22][0]
         RAM/mem_reg[21][0]
         RAM/mem_reg[20][0]
         RAM/mem_reg[19][0]
         RAM/mem_reg[18][0]
         RAM/mem_reg[17][0]
         RAM/mem_reg[16][0]
         RAM/mem_reg[15][0]
         RAM/mem_reg[14][0]
         RAM/mem_reg[13][0]
         RAM/mem_reg[12][0]
         RAM/mem_reg[11][0]
         RAM/mem_reg[10][0]
         RAM/mem_reg[9][0]
         RAM/mem_reg[5][0]
         RAM/mem_reg[4][0]
         RAM/mem_reg[3][0]
         RAM/mem_reg[2][0]
         RAM/mem_reg[1][0]
         RAM/mem_reg[0][0]
         RAM/mem_reg[253][3]
         RAM/mem_reg[252][3]
         RAM/mem_reg[251][3]
         RAM/mem_reg[250][3]
         RAM/mem_reg[249][3]
         RAM/mem_reg[248][3]
         RAM/mem_reg[247][3]
         RAM/mem_reg[246][3]
         RAM/mem_reg[245][3]
         RAM/mem_reg[244][3]
         RAM/mem_reg[243][3]
         RAM/mem_reg[242][3]
         RAM/mem_reg[241][3]
         RAM/mem_reg[240][3]
         RAM/mem_reg[239][3]
         RAM/mem_reg[238][3]
         RAM/mem_reg[237][3]
         RAM/mem_reg[236][3]
         RAM/mem_reg[235][3]
         RAM/mem_reg[234][3]
         RAM/mem_reg[233][3]
         RAM/mem_reg[232][3]
         RAM/mem_reg[231][3]
         RAM/mem_reg[230][3]
         RAM/mem_reg[229][3]
         RAM/mem_reg[228][3]
         RAM/mem_reg[253][7]
         RAM/mem_reg[252][7]
         RAM/mem_reg[251][7]
         RAM/mem_reg[250][7]
         RAM/mem_reg[249][7]
         RAM/mem_reg[248][7]
         RAM/mem_reg[247][7]
         RAM/mem_reg[246][7]
         RAM/mem_reg[245][7]
         RAM/mem_reg[244][7]
         RAM/mem_reg[243][7]
         RAM/mem_reg[242][7]
         RAM/mem_reg[241][7]
         RAM/mem_reg[240][7]
         RAM/mem_reg[239][7]
         RAM/mem_reg[238][7]
         RAM/mem_reg[237][7]
         RAM/mem_reg[236][7]
         RAM/mem_reg[235][7]
         RAM/mem_reg[234][7]
         RAM/mem_reg[233][7]
         RAM/mem_reg[232][7]
         RAM/mem_reg[231][7]
         RAM/mem_reg[230][7]
         RAM/mem_reg[229][7]
         RAM/mem_reg[228][7]
         RAM/mem_reg[253][5]
         RAM/mem_reg[252][5]
         RAM/mem_reg[251][5]
         RAM/mem_reg[250][5]
         RAM/mem_reg[249][5]
         RAM/mem_reg[248][5]
         RAM/mem_reg[247][5]
         RAM/mem_reg[246][5]
         RAM/mem_reg[245][5]
         RAM/mem_reg[244][5]
         RAM/mem_reg[243][5]
         RAM/mem_reg[242][5]
         RAM/mem_reg[241][5]
         RAM/mem_reg[240][5]
         RAM/mem_reg[239][5]
         RAM/mem_reg[238][5]
         RAM/mem_reg[237][5]
         RAM/mem_reg[236][5]
         RAM/mem_reg[235][5]
         RAM/mem_reg[234][5]
         RAM/mem_reg[233][5]
         RAM/mem_reg[232][5]
         RAM/mem_reg[231][5]
         RAM/mem_reg[230][5]
         RAM/mem_reg[229][5]
         RAM/mem_reg[228][5]
         RAM/mem_reg[227][3]
         RAM/mem_reg[226][3]
         RAM/mem_reg[225][3]
         RAM/mem_reg[224][3]
         RAM/mem_reg[223][3]
         RAM/mem_reg[222][3]
         RAM/mem_reg[221][3]
         RAM/mem_reg[220][3]
         RAM/mem_reg[219][3]
         RAM/mem_reg[218][3]
         RAM/mem_reg[217][3]
         RAM/mem_reg[216][3]
         RAM/mem_reg[215][3]
         RAM/mem_reg[214][3]
         RAM/mem_reg[213][3]
         RAM/mem_reg[212][3]
         RAM/mem_reg[211][3]
         RAM/mem_reg[210][3]
         RAM/mem_reg[209][3]
         RAM/mem_reg[208][3]
         RAM/mem_reg[207][3]
         RAM/mem_reg[206][3]
         RAM/mem_reg[205][3]
         RAM/mem_reg[204][3]
         RAM/mem_reg[203][3]
         RAM/mem_reg[202][3]
         RAM/mem_reg[201][3]
         RAM/mem_reg[200][3]
         RAM/mem_reg[199][3]
         RAM/mem_reg[198][3]
         RAM/mem_reg[197][3]
         RAM/mem_reg[196][3]
         RAM/mem_reg[195][3]
         RAM/mem_reg[194][3]
         RAM/mem_reg[193][3]
         RAM/mem_reg[192][3]
         RAM/mem_reg[191][3]
         RAM/mem_reg[190][3]
         RAM/mem_reg[189][3]
         RAM/mem_reg[188][3]
         RAM/mem_reg[187][3]
         RAM/mem_reg[186][3]
         RAM/mem_reg[185][3]
         RAM/mem_reg[184][3]
         RAM/mem_reg[183][3]
         RAM/mem_reg[182][3]
         RAM/mem_reg[181][3]
         RAM/mem_reg[180][3]
         RAM/mem_reg[179][3]
         RAM/mem_reg[178][3]
         RAM/mem_reg[177][3]
         RAM/mem_reg[176][3]
         RAM/mem_reg[175][3]
         RAM/mem_reg[174][3]
         RAM/mem_reg[173][3]
         RAM/mem_reg[172][3]
         RAM/mem_reg[171][3]
         RAM/mem_reg[170][3]
         RAM/mem_reg[169][3]
         RAM/mem_reg[168][3]
         RAM/mem_reg[167][3]
         RAM/mem_reg[166][3]
         RAM/mem_reg[165][3]
         RAM/mem_reg[164][3]
         RAM/mem_reg[163][3]
         RAM/mem_reg[162][3]
         RAM/mem_reg[161][3]
         RAM/mem_reg[160][3]
         RAM/mem_reg[159][3]
         RAM/mem_reg[158][3]
         RAM/mem_reg[157][3]
         RAM/mem_reg[156][3]
         RAM/mem_reg[155][3]
         RAM/mem_reg[154][3]
         RAM/mem_reg[153][3]
         RAM/mem_reg[152][3]
         RAM/mem_reg[151][3]
         RAM/mem_reg[150][3]
         RAM/mem_reg[149][3]
         RAM/mem_reg[148][3]
         RAM/mem_reg[147][3]
         RAM/mem_reg[146][3]
         RAM/mem_reg[145][3]
         RAM/mem_reg[144][3]
         RAM/mem_reg[143][3]
         RAM/mem_reg[142][3]
         RAM/mem_reg[141][3]
         RAM/mem_reg[140][3]
         RAM/mem_reg[139][3]
         RAM/mem_reg[138][3]
         RAM/mem_reg[137][3]
         RAM/mem_reg[136][3]
         RAM/mem_reg[135][3]
         RAM/mem_reg[134][3]
         RAM/mem_reg[133][3]
         RAM/mem_reg[132][3]
         RAM/mem_reg[131][3]
         RAM/mem_reg[130][3]
         RAM/mem_reg[129][3]
         RAM/mem_reg[128][3]
         RAM/mem_reg[127][3]
         RAM/mem_reg[126][3]
         RAM/mem_reg[125][3]
         RAM/mem_reg[124][3]
         RAM/mem_reg[123][3]
         RAM/mem_reg[122][3]
         RAM/mem_reg[121][3]
         RAM/mem_reg[120][3]
         RAM/mem_reg[119][3]
         RAM/mem_reg[118][3]
         RAM/mem_reg[117][3]
         RAM/mem_reg[116][3]
         RAM/mem_reg[115][3]
         RAM/mem_reg[114][3]
         RAM/mem_reg[113][3]
         RAM/mem_reg[112][3]
         RAM/mem_reg[111][3]
         RAM/mem_reg[110][3]
         RAM/mem_reg[109][3]
         RAM/mem_reg[108][3]
         RAM/mem_reg[107][3]
         RAM/mem_reg[106][3]
         RAM/mem_reg[105][3]
         RAM/mem_reg[104][3]
         RAM/mem_reg[103][3]
         RAM/mem_reg[102][3]
         RAM/mem_reg[101][3]
         RAM/mem_reg[100][3]
         RAM/mem_reg[99][3]
         RAM/mem_reg[98][3]
         RAM/mem_reg[97][3]
         RAM/mem_reg[96][3]
         RAM/mem_reg[95][3]
         RAM/mem_reg[94][3]
         RAM/mem_reg[93][3]
         RAM/mem_reg[92][3]
         RAM/mem_reg[91][3]
         RAM/mem_reg[90][3]
         RAM/mem_reg[89][3]
         RAM/mem_reg[88][3]
         RAM/mem_reg[87][3]
         RAM/mem_reg[86][3]
         RAM/mem_reg[85][3]
         RAM/mem_reg[84][3]
         RAM/mem_reg[83][3]
         RAM/mem_reg[82][3]
         RAM/mem_reg[81][3]
         RAM/mem_reg[80][3]
         RAM/mem_reg[79][3]
         RAM/mem_reg[78][3]
         RAM/mem_reg[77][3]
         RAM/mem_reg[76][3]
         RAM/mem_reg[75][3]
         RAM/mem_reg[74][3]
         RAM/mem_reg[73][3]
         RAM/mem_reg[72][3]
         RAM/mem_reg[71][3]
         RAM/mem_reg[70][3]
         RAM/mem_reg[69][3]
         RAM/mem_reg[68][3]
         RAM/mem_reg[67][3]
         RAM/mem_reg[66][3]
         RAM/mem_reg[65][3]
         RAM/mem_reg[64][3]
         RAM/mem_reg[63][3]
         RAM/mem_reg[62][3]
         RAM/mem_reg[61][3]
         RAM/mem_reg[60][3]
         RAM/mem_reg[59][3]
         RAM/mem_reg[58][3]
         RAM/mem_reg[57][3]
         RAM/mem_reg[56][3]
         RAM/mem_reg[55][3]
         RAM/mem_reg[54][3]
         RAM/mem_reg[53][3]
         RAM/mem_reg[52][3]
         RAM/mem_reg[51][3]
         RAM/mem_reg[50][3]
         RAM/mem_reg[49][3]
         RAM/mem_reg[48][3]
         RAM/mem_reg[47][3]
         RAM/mem_reg[46][3]
         RAM/mem_reg[45][3]
         RAM/mem_reg[44][3]
         RAM/mem_reg[43][3]
         RAM/mem_reg[42][3]
         RAM/mem_reg[41][3]
         RAM/mem_reg[40][3]
         RAM/mem_reg[39][3]
         RAM/mem_reg[38][3]
         RAM/mem_reg[37][3]
         RAM/mem_reg[36][3]
         RAM/mem_reg[35][3]
         RAM/mem_reg[34][3]
         RAM/mem_reg[33][3]
         RAM/mem_reg[227][7]
         RAM/mem_reg[226][7]
         RAM/mem_reg[225][7]
         RAM/mem_reg[224][7]
         RAM/mem_reg[223][7]
         RAM/mem_reg[222][7]
         RAM/mem_reg[221][7]
         RAM/mem_reg[220][7]
         RAM/mem_reg[219][7]
         RAM/mem_reg[218][7]
         RAM/mem_reg[217][7]
         RAM/mem_reg[216][7]
         RAM/mem_reg[215][7]
         RAM/mem_reg[214][7]
         RAM/mem_reg[213][7]
         RAM/mem_reg[212][7]
         RAM/mem_reg[211][7]
         RAM/mem_reg[210][7]
         RAM/mem_reg[209][7]
         RAM/mem_reg[208][7]
         RAM/mem_reg[207][7]
         RAM/mem_reg[206][7]
         RAM/mem_reg[205][7]
         RAM/mem_reg[204][7]
         RAM/mem_reg[203][7]
         RAM/mem_reg[202][7]
         RAM/mem_reg[201][7]
         RAM/mem_reg[200][7]
         RAM/mem_reg[199][7]
         RAM/mem_reg[198][7]
         RAM/mem_reg[197][7]
         RAM/mem_reg[196][7]
         RAM/mem_reg[195][7]
         RAM/mem_reg[194][7]
         RAM/mem_reg[193][7]
         RAM/mem_reg[192][7]
         RAM/mem_reg[191][7]
         RAM/mem_reg[190][7]
         RAM/mem_reg[189][7]
         RAM/mem_reg[188][7]
         RAM/mem_reg[187][7]
         RAM/mem_reg[186][7]
         RAM/mem_reg[185][7]
         RAM/mem_reg[184][7]
         RAM/mem_reg[183][7]
         RAM/mem_reg[182][7]
         RAM/mem_reg[181][7]
         RAM/mem_reg[180][7]
         RAM/mem_reg[179][7]
         RAM/mem_reg[178][7]
         RAM/mem_reg[177][7]
         RAM/mem_reg[176][7]
         RAM/mem_reg[175][7]
         RAM/mem_reg[174][7]
         RAM/mem_reg[173][7]
         RAM/mem_reg[172][7]
         RAM/mem_reg[171][7]
         RAM/mem_reg[170][7]
         RAM/mem_reg[169][7]
         RAM/mem_reg[168][7]
         RAM/mem_reg[167][7]
         RAM/mem_reg[166][7]
         RAM/mem_reg[165][7]
         RAM/mem_reg[164][7]
         RAM/mem_reg[163][7]
         RAM/mem_reg[162][7]
         RAM/mem_reg[161][7]
         RAM/mem_reg[160][7]
         RAM/mem_reg[159][7]
         RAM/mem_reg[158][7]
         RAM/mem_reg[157][7]
         RAM/mem_reg[156][7]
         RAM/mem_reg[155][7]
         RAM/mem_reg[154][7]
         RAM/mem_reg[153][7]
         RAM/mem_reg[152][7]
         RAM/mem_reg[151][7]
         RAM/mem_reg[150][7]
         RAM/mem_reg[149][7]
         RAM/mem_reg[148][7]
         RAM/mem_reg[147][7]
         RAM/mem_reg[146][7]
         RAM/mem_reg[145][7]
         RAM/mem_reg[144][7]
         RAM/mem_reg[143][7]
         RAM/mem_reg[142][7]
         RAM/mem_reg[141][7]
         RAM/mem_reg[140][7]
         RAM/mem_reg[139][7]
         RAM/mem_reg[138][7]
         RAM/mem_reg[137][7]
         RAM/mem_reg[136][7]
         RAM/mem_reg[135][7]
         RAM/mem_reg[134][7]
         RAM/mem_reg[133][7]
         RAM/mem_reg[132][7]
         RAM/mem_reg[131][7]
         RAM/mem_reg[130][7]
         RAM/mem_reg[129][7]
         RAM/mem_reg[128][7]
         RAM/mem_reg[127][7]
         RAM/mem_reg[126][7]
         RAM/mem_reg[125][7]
         RAM/mem_reg[124][7]
         RAM/mem_reg[123][7]
         RAM/mem_reg[122][7]
         RAM/mem_reg[121][7]
         RAM/mem_reg[120][7]
         RAM/mem_reg[119][7]
         RAM/mem_reg[118][7]
         RAM/mem_reg[117][7]
         RAM/mem_reg[116][7]
         RAM/mem_reg[115][7]
         RAM/mem_reg[114][7]
         RAM/mem_reg[113][7]
         RAM/mem_reg[112][7]
         RAM/mem_reg[111][7]
         RAM/mem_reg[110][7]
         RAM/mem_reg[109][7]
         RAM/mem_reg[108][7]
         RAM/mem_reg[107][7]
         RAM/mem_reg[106][7]
         RAM/mem_reg[105][7]
         RAM/mem_reg[104][7]
         RAM/mem_reg[103][7]
         RAM/mem_reg[102][7]
         RAM/mem_reg[101][7]
         RAM/mem_reg[100][7]
         RAM/mem_reg[99][7]
         RAM/mem_reg[98][7]
         RAM/mem_reg[97][7]
         RAM/mem_reg[96][7]
         RAM/mem_reg[95][7]
         RAM/mem_reg[94][7]
         RAM/mem_reg[93][7]
         RAM/mem_reg[92][7]
         RAM/mem_reg[91][7]
         RAM/mem_reg[90][7]
         RAM/mem_reg[89][7]
         RAM/mem_reg[88][7]
         RAM/mem_reg[87][7]
         RAM/mem_reg[86][7]
         RAM/mem_reg[85][7]
         RAM/mem_reg[84][7]
         RAM/mem_reg[83][7]
         RAM/mem_reg[82][7]
         RAM/mem_reg[81][7]
         RAM/mem_reg[80][7]
         RAM/mem_reg[79][7]
         RAM/mem_reg[78][7]
         RAM/mem_reg[77][7]
         RAM/mem_reg[76][7]
         RAM/mem_reg[75][7]
         RAM/mem_reg[74][7]
         RAM/mem_reg[73][7]
         RAM/mem_reg[72][7]
         RAM/mem_reg[71][7]
         RAM/mem_reg[70][7]
         RAM/mem_reg[69][7]
         RAM/mem_reg[68][7]
         RAM/mem_reg[67][7]
         RAM/mem_reg[66][7]
         RAM/mem_reg[65][7]
         RAM/mem_reg[64][7]
         RAM/mem_reg[63][7]
         RAM/mem_reg[62][7]
         RAM/mem_reg[61][7]
         RAM/mem_reg[60][7]
         RAM/mem_reg[59][7]
         RAM/mem_reg[58][7]
         RAM/mem_reg[57][7]
         RAM/mem_reg[56][7]
         RAM/mem_reg[55][7]
         RAM/mem_reg[54][7]
         RAM/mem_reg[53][7]
         RAM/mem_reg[52][7]
         RAM/mem_reg[51][7]
         RAM/mem_reg[50][7]
         RAM/mem_reg[49][7]
         RAM/mem_reg[48][7]
         RAM/mem_reg[47][7]
         RAM/mem_reg[46][7]
         RAM/mem_reg[45][7]
         RAM/mem_reg[44][7]
         RAM/mem_reg[43][7]
         RAM/mem_reg[42][7]
         RAM/mem_reg[41][7]
         RAM/mem_reg[40][7]
         RAM/mem_reg[39][7]
         RAM/mem_reg[38][7]
         RAM/mem_reg[37][7]
         RAM/mem_reg[36][7]
         RAM/mem_reg[35][7]
         RAM/mem_reg[34][7]
         RAM/mem_reg[33][7]
         RAM/mem_reg[227][5]
         RAM/mem_reg[226][5]
         RAM/mem_reg[225][5]
         RAM/mem_reg[224][5]
         RAM/mem_reg[223][5]
         RAM/mem_reg[222][5]
         RAM/mem_reg[221][5]
         RAM/mem_reg[220][5]
         RAM/mem_reg[219][5]
         RAM/mem_reg[218][5]
         RAM/mem_reg[217][5]
         RAM/mem_reg[216][5]
         RAM/mem_reg[215][5]
         RAM/mem_reg[214][5]
         RAM/mem_reg[213][5]
         RAM/mem_reg[212][5]
         RAM/mem_reg[211][5]
         RAM/mem_reg[210][5]
         RAM/mem_reg[209][5]
         RAM/mem_reg[208][5]
         RAM/mem_reg[207][5]
         RAM/mem_reg[206][5]
         RAM/mem_reg[205][5]
         RAM/mem_reg[204][5]
         RAM/mem_reg[203][5]
         RAM/mem_reg[202][5]
         RAM/mem_reg[201][5]
         RAM/mem_reg[200][5]
         RAM/mem_reg[199][5]
         RAM/mem_reg[198][5]
         RAM/mem_reg[197][5]
         RAM/mem_reg[196][5]
         RAM/mem_reg[195][5]
         RAM/mem_reg[194][5]
         RAM/mem_reg[193][5]
         RAM/mem_reg[192][5]
         RAM/mem_reg[191][5]
         RAM/mem_reg[190][5]
         RAM/mem_reg[189][5]
         RAM/mem_reg[188][5]
         RAM/mem_reg[187][5]
         RAM/mem_reg[186][5]
         RAM/mem_reg[185][5]
         RAM/mem_reg[184][5]
         RAM/mem_reg[183][5]
         RAM/mem_reg[182][5]
         RAM/mem_reg[181][5]
         RAM/mem_reg[180][5]
         RAM/mem_reg[179][5]
         RAM/mem_reg[178][5]
         RAM/mem_reg[177][5]
         RAM/mem_reg[176][5]
         RAM/mem_reg[175][5]
         RAM/mem_reg[174][5]
         RAM/mem_reg[173][5]
         RAM/mem_reg[172][5]
         RAM/mem_reg[171][5]
         RAM/mem_reg[170][5]
         RAM/mem_reg[169][5]
         RAM/mem_reg[168][5]
         RAM/mem_reg[167][5]
         RAM/mem_reg[166][5]
         RAM/mem_reg[165][5]
         RAM/mem_reg[164][5]
         RAM/mem_reg[163][5]
         RAM/mem_reg[162][5]
         RAM/mem_reg[161][5]
         RAM/mem_reg[160][5]
         RAM/mem_reg[159][5]
         RAM/mem_reg[158][5]
         RAM/mem_reg[157][5]
         RAM/mem_reg[156][5]
         RAM/mem_reg[155][5]
         RAM/mem_reg[154][5]
         RAM/mem_reg[153][5]
         RAM/mem_reg[152][5]
         RAM/mem_reg[151][5]
         RAM/mem_reg[150][5]
         RAM/mem_reg[149][5]
         RAM/mem_reg[148][5]
         RAM/mem_reg[147][5]
         RAM/mem_reg[146][5]
         RAM/mem_reg[145][5]
         RAM/mem_reg[144][5]
         RAM/mem_reg[143][5]
         RAM/mem_reg[142][5]
         RAM/mem_reg[141][5]
         RAM/mem_reg[140][5]
         RAM/mem_reg[139][5]
         RAM/mem_reg[138][5]
         RAM/mem_reg[137][5]
         RAM/mem_reg[136][5]
         RAM/mem_reg[135][5]
         RAM/mem_reg[134][5]
         RAM/mem_reg[133][5]
         RAM/mem_reg[132][5]
         RAM/mem_reg[131][5]
         RAM/mem_reg[130][5]
         RAM/mem_reg[129][5]
         RAM/mem_reg[128][5]
         RAM/mem_reg[127][5]
         RAM/mem_reg[126][5]
         RAM/mem_reg[125][5]
         RAM/mem_reg[124][5]
         RAM/mem_reg[123][5]
         RAM/mem_reg[122][5]
         RAM/mem_reg[121][5]
         RAM/mem_reg[120][5]
         RAM/mem_reg[119][5]
         RAM/mem_reg[118][5]
         RAM/mem_reg[117][5]
         RAM/mem_reg[116][5]
         RAM/mem_reg[115][5]
         RAM/mem_reg[114][5]
         RAM/mem_reg[113][5]
         RAM/mem_reg[112][5]
         RAM/mem_reg[111][5]
         RAM/mem_reg[110][5]
         RAM/mem_reg[109][5]
         RAM/mem_reg[108][5]
         RAM/mem_reg[107][5]
         RAM/mem_reg[106][5]
         RAM/mem_reg[105][5]
         RAM/mem_reg[104][5]
         RAM/mem_reg[103][5]
         RAM/mem_reg[102][5]
         RAM/mem_reg[101][5]
         RAM/mem_reg[100][5]
         RAM/mem_reg[99][5]
         RAM/mem_reg[98][5]
         RAM/mem_reg[97][5]
         RAM/mem_reg[96][5]
         RAM/mem_reg[95][5]
         RAM/mem_reg[94][5]
         RAM/mem_reg[93][5]
         RAM/mem_reg[92][5]
         RAM/mem_reg[91][5]
         RAM/mem_reg[90][5]
         RAM/mem_reg[89][5]
         RAM/mem_reg[88][5]
         RAM/mem_reg[87][5]
         RAM/mem_reg[86][5]
         RAM/mem_reg[85][5]
         RAM/mem_reg[84][5]
         RAM/mem_reg[83][5]
         RAM/mem_reg[82][5]
         RAM/mem_reg[81][5]
         RAM/mem_reg[80][5]
         RAM/mem_reg[79][5]
         RAM/mem_reg[78][5]
         RAM/mem_reg[77][5]
         RAM/mem_reg[76][5]
         RAM/mem_reg[75][5]
         RAM/mem_reg[74][5]
         RAM/mem_reg[73][5]
         RAM/mem_reg[72][5]
         RAM/mem_reg[71][5]
         RAM/mem_reg[70][5]
         RAM/mem_reg[69][5]
         RAM/mem_reg[68][5]
         RAM/mem_reg[67][5]
         RAM/mem_reg[66][5]
         RAM/mem_reg[65][5]
         RAM/mem_reg[64][5]
         RAM/mem_reg[63][5]
         RAM/mem_reg[62][5]
         RAM/mem_reg[61][5]
         RAM/mem_reg[60][5]
         RAM/mem_reg[59][5]
         RAM/mem_reg[58][5]
         RAM/mem_reg[57][5]
         RAM/mem_reg[56][5]
         RAM/mem_reg[55][5]
         RAM/mem_reg[54][5]
         RAM/mem_reg[53][5]
         RAM/mem_reg[52][5]
         RAM/mem_reg[51][5]
         RAM/mem_reg[50][5]
         RAM/mem_reg[49][5]
         RAM/mem_reg[48][5]
         RAM/mem_reg[47][5]
         RAM/mem_reg[46][5]
         RAM/mem_reg[45][5]
         RAM/mem_reg[44][5]
         RAM/mem_reg[43][5]
         RAM/mem_reg[42][5]
         RAM/mem_reg[41][5]
         RAM/mem_reg[40][5]
         RAM/mem_reg[39][5]
         RAM/mem_reg[38][5]
         RAM/mem_reg[37][5]
         RAM/mem_reg[36][5]
         RAM/mem_reg[35][5]
         RAM/mem_reg[34][5]
         RAM/mem_reg[33][5]
         RAM/addr_internal_reg[7]
         RAM/addr_internal_reg[6]

Information: Test design rule checking completed. (TEST-123)
1
In mode: Internal_scan...
  Design has scan chains in this mode
  Design is scan routed
  Post-DFT DRC enabled

Information: Starting test design rule checking. (TEST-222)
  Loading test protocol
  ...basic checks...
  ...basic sequential cell checks...
  ...checking vector rules...
  ...checking clock rules...
  ...checking scan chain rules...
  ...checking scan compression rules...
  ...checking X-state rules...
  ...checking tristate rules...
  ...extracting scan details...

-----------------------------------------------------------------
Begin Clock violations...

 Warning: Clock scan_rst used as data is different than capture clock scan_clk for inputs  of stable DFF (RAM/addr_internal_reg[7]). (C26-1)
 Warning: Clock scan_rst used as data is different than capture clock scan_clk for inputs  of stable DFF (RAM/addr_internal_reg[6]). (C26-2)
 Warning: Clock scan_rst used as data is different than capture clock scan_clk for inputs  of stable DFF (RAM/addr_internal_reg[4]). (C26-3)
 Warning: Clock scan_rst used as data is different than capture clock scan_clk for inputs  of stable DFF (RAM/addr_internal_reg[3]). (C26-4)
 Warning: Clock scan_rst used as data is different than capture clock scan_clk for inputs  of stable DFF (RAM/addr_internal_reg[2]). (C26-5)
 Warning: Clock scan_rst used as data is different than capture clock scan_clk for inputs  of stable DFF (RAM/addr_internal_reg[5]). (C26-6)
 Warning: Clock scan_rst used as data is different than capture clock scan_clk for inputs  of stable DFF (RAM/addr_internal_reg[0]). (C26-7)
 Warning: Clock scan_rst used as data is different than capture clock scan_clk for inputs  of stable DFF (RAM/addr_internal_reg[1]). (C26-8)

Clock violations completed...
-----------------------------------------------------------------

-----------------------------------------------------------------
  DRC Report

  Total violations: 8

-----------------------------------------------------------------

8 CLOCK VIOLATIONS
     8 Clock as data different from capture clock for stable cell violations (C26)


Warning: Violations occurred during test design rule checking. (TEST-124)

-----------------------------------------------------------------
  Sequential Cell Report

  0 out of 2071 sequential cells have violations

-----------------------------------------------------------------

SEQUENTIAL CELLS WITHOUT VIOLATIONS
      *2071 cells are valid scan cells
         SPI_slave/rx_counter_reg[3]
         SPI_slave/CS_reg[1]
         SPI_slave/CS_reg[0]
         SPI_slave/rx_counter_reg[1]
         SPI_slave/rx_counter_reg[0]
         SPI_slave/rx_counter_reg[2]
         RAM/addr_internal_reg[7]
         RAM/addr_internal_reg[6]
         RAM/addr_internal_reg[4]
         RAM/tx_valid_reg
         RAM/dout_reg[7]
         RAM/dout_reg[6]
         RAM/dout_reg[5]
         RAM/dout_reg[4]
         RAM/dout_reg[3]
         RAM/dout_reg[2]
         RAM/dout_reg[1]
         RAM/dout_reg[0]
         RAM/mem_reg[128][7]
         RAM/mem_reg[129][7]
         RAM/mem_reg[130][7]
         RAM/mem_reg[131][7]
         RAM/mem_reg[136][7]
         RAM/mem_reg[137][7]
         RAM/mem_reg[138][7]
         RAM/mem_reg[139][7]
         RAM/mem_reg[132][7]
         RAM/mem_reg[133][7]
         RAM/mem_reg[134][7]
         RAM/mem_reg[135][7]
         RAM/mem_reg[160][7]
         RAM/mem_reg[161][7]
         RAM/mem_reg[162][7]
         RAM/mem_reg[163][7]
         RAM/mem_reg[168][7]
         RAM/mem_reg[169][7]
         RAM/mem_reg[170][7]
         RAM/mem_reg[171][7]
         RAM/mem_reg[164][7]
         RAM/mem_reg[165][7]
         RAM/mem_reg[166][7]
         RAM/mem_reg[167][7]
         RAM/mem_reg[144][7]
         RAM/mem_reg[145][7]
         RAM/mem_reg[146][7]
         RAM/mem_reg[147][7]
         RAM/mem_reg[152][7]
         RAM/mem_reg[153][7]
         RAM/mem_reg[154][7]
         RAM/mem_reg[155][7]
         RAM/mem_reg[148][7]
         RAM/mem_reg[149][7]
         RAM/mem_reg[150][7]
         RAM/mem_reg[151][7]
         RAM/mem_reg[176][7]
         RAM/mem_reg[177][7]
         RAM/mem_reg[178][7]
         RAM/mem_reg[179][7]
         RAM/mem_reg[184][7]
         RAM/mem_reg[185][7]
         RAM/mem_reg[186][7]
         RAM/mem_reg[187][7]
         RAM/mem_reg[180][7]
         RAM/mem_reg[181][7]
         RAM/mem_reg[182][7]
         RAM/mem_reg[183][7]
         RAM/mem_reg[64][7]
         RAM/mem_reg[65][7]
         RAM/mem_reg[66][7]
         RAM/mem_reg[67][7]
         RAM/mem_reg[72][7]
         RAM/mem_reg[73][7]
         RAM/mem_reg[74][7]
         RAM/mem_reg[75][7]
         RAM/mem_reg[68][7]
         RAM/mem_reg[69][7]
         RAM/mem_reg[70][7]
         RAM/mem_reg[71][7]
         RAM/mem_reg[96][7]
         RAM/mem_reg[97][7]
         RAM/mem_reg[98][7]
         RAM/mem_reg[99][7]
         RAM/mem_reg[104][7]
         RAM/mem_reg[105][7]
         RAM/mem_reg[106][7]
         RAM/mem_reg[107][7]
         RAM/mem_reg[100][7]
         RAM/mem_reg[101][7]
         RAM/mem_reg[102][7]
         RAM/mem_reg[103][7]
         RAM/mem_reg[80][7]
         RAM/mem_reg[81][7]
         RAM/mem_reg[82][7]
         RAM/mem_reg[83][7]
         RAM/mem_reg[88][7]
         RAM/mem_reg[89][7]
         RAM/mem_reg[90][7]
         RAM/mem_reg[91][7]
         RAM/mem_reg[84][7]
         RAM/mem_reg[85][7]
         RAM/mem_reg[86][7]
         RAM/mem_reg[87][7]
         RAM/mem_reg[112][7]
         RAM/mem_reg[113][7]
         RAM/mem_reg[114][7]
         RAM/mem_reg[115][7]
         RAM/mem_reg[120][7]
         RAM/mem_reg[121][7]
         RAM/mem_reg[122][7]
         RAM/mem_reg[123][7]
         RAM/mem_reg[116][7]
         RAM/mem_reg[117][7]
         RAM/mem_reg[118][7]
         RAM/mem_reg[119][7]
         RAM/mem_reg[0][6]
         RAM/mem_reg[1][6]
         RAM/mem_reg[2][6]
         RAM/mem_reg[3][6]
         RAM/mem_reg[8][6]
         RAM/mem_reg[9][6]
         RAM/mem_reg[10][6]
         RAM/mem_reg[11][6]
         RAM/mem_reg[4][6]
         RAM/mem_reg[5][6]
         RAM/mem_reg[6][6]
         RAM/mem_reg[7][6]
         RAM/mem_reg[32][6]
         RAM/mem_reg[33][6]
         RAM/mem_reg[34][6]
         RAM/mem_reg[35][6]
         RAM/mem_reg[40][6]
         RAM/mem_reg[41][6]
         RAM/mem_reg[42][6]
         RAM/mem_reg[43][6]
         RAM/mem_reg[36][6]
         RAM/mem_reg[37][6]
         RAM/mem_reg[38][6]
         RAM/mem_reg[39][6]
         RAM/mem_reg[16][6]
         RAM/mem_reg[17][6]
         RAM/mem_reg[18][6]
         RAM/mem_reg[19][6]
         RAM/mem_reg[24][6]
         RAM/mem_reg[25][6]
         RAM/mem_reg[26][6]
         RAM/mem_reg[27][6]
         RAM/mem_reg[20][6]
         RAM/mem_reg[21][6]
         RAM/mem_reg[22][6]
         RAM/mem_reg[23][6]
         RAM/mem_reg[48][6]
         RAM/mem_reg[49][6]
         RAM/mem_reg[50][6]
         RAM/mem_reg[51][6]
         RAM/mem_reg[52][6]
         RAM/mem_reg[53][6]
         RAM/mem_reg[54][6]
         RAM/mem_reg[55][6]
         RAM/mem_reg[56][6]
         RAM/mem_reg[57][6]
         RAM/mem_reg[58][6]
         RAM/mem_reg[59][6]
         RAM/mem_reg[64][6]
         RAM/mem_reg[65][6]
         RAM/mem_reg[66][6]
         RAM/mem_reg[67][6]
         RAM/mem_reg[72][6]
         RAM/mem_reg[73][6]
         RAM/mem_reg[74][6]
         RAM/mem_reg[75][6]
         RAM/mem_reg[68][6]
         RAM/mem_reg[69][6]
         RAM/mem_reg[70][6]
         RAM/mem_reg[71][6]
         RAM/mem_reg[96][6]
         RAM/mem_reg[97][6]
         RAM/mem_reg[98][6]
         RAM/mem_reg[99][6]
         RAM/mem_reg[104][6]
         RAM/mem_reg[105][6]
         RAM/mem_reg[106][6]
         RAM/mem_reg[107][6]
         RAM/mem_reg[100][6]
         RAM/mem_reg[101][6]
         RAM/mem_reg[102][6]
         RAM/mem_reg[103][6]
         RAM/mem_reg[80][6]
         RAM/mem_reg[81][6]
         RAM/mem_reg[82][6]
         RAM/mem_reg[83][6]
         RAM/mem_reg[88][6]
         RAM/mem_reg[89][6]
         RAM/mem_reg[90][6]
         RAM/mem_reg[91][6]
         RAM/mem_reg[84][6]
         RAM/mem_reg[85][6]
         RAM/mem_reg[86][6]
         RAM/mem_reg[87][6]
         RAM/mem_reg[112][6]
         RAM/mem_reg[113][6]
         RAM/mem_reg[114][6]
         RAM/mem_reg[115][6]
         RAM/mem_reg[120][6]
         RAM/mem_reg[121][6]
         RAM/mem_reg[122][6]
         RAM/mem_reg[123][6]
         RAM/mem_reg[116][6]
         RAM/mem_reg[117][6]
         RAM/mem_reg[118][6]
         RAM/mem_reg[119][6]
         RAM/mem_reg[128][5]
         RAM/mem_reg[129][5]
         RAM/mem_reg[130][5]
         RAM/mem_reg[131][5]
         RAM/mem_reg[136][5]
         RAM/mem_reg[137][5]
         RAM/mem_reg[138][5]
         RAM/mem_reg[139][5]
         RAM/mem_reg[132][5]
         RAM/mem_reg[133][5]
         RAM/mem_reg[134][5]
         RAM/mem_reg[135][5]
         RAM/mem_reg[160][5]
         RAM/mem_reg[161][5]
         RAM/mem_reg[162][5]
         RAM/mem_reg[163][5]
         RAM/mem_reg[168][5]
         RAM/mem_reg[169][5]
         RAM/mem_reg[170][5]
         RAM/mem_reg[171][5]
         RAM/mem_reg[164][5]
         RAM/mem_reg[165][5]
         RAM/mem_reg[166][5]
         RAM/mem_reg[167][5]
         RAM/mem_reg[144][5]
         RAM/mem_reg[145][5]
         RAM/mem_reg[146][5]
         RAM/mem_reg[147][5]
         RAM/mem_reg[152][5]
         RAM/mem_reg[153][5]
         RAM/mem_reg[154][5]
         RAM/mem_reg[155][5]
         RAM/mem_reg[148][5]
         RAM/mem_reg[149][5]
         RAM/mem_reg[150][5]
         RAM/mem_reg[151][5]
         RAM/mem_reg[176][5]
         RAM/mem_reg[177][5]
         RAM/mem_reg[178][5]
         RAM/mem_reg[179][5]
         RAM/mem_reg[184][5]
         RAM/mem_reg[185][5]
         RAM/mem_reg[186][5]
         RAM/mem_reg[187][5]
         RAM/mem_reg[180][5]
         RAM/mem_reg[181][5]
         RAM/mem_reg[182][5]
         RAM/mem_reg[183][5]
         RAM/mem_reg[192][5]
         RAM/mem_reg[193][5]
         RAM/mem_reg[194][5]
         RAM/mem_reg[195][5]
         RAM/mem_reg[200][5]
         RAM/mem_reg[201][5]
         RAM/mem_reg[202][5]
         RAM/mem_reg[203][5]
         RAM/mem_reg[196][5]
         RAM/mem_reg[197][5]
         RAM/mem_reg[198][5]
         RAM/mem_reg[199][5]
         RAM/mem_reg[224][5]
         RAM/mem_reg[225][5]
         RAM/mem_reg[226][5]
         RAM/mem_reg[227][5]
         RAM/mem_reg[232][5]
         RAM/mem_reg[233][5]
         RAM/mem_reg[234][5]
         RAM/mem_reg[235][5]
         RAM/mem_reg[228][5]
         RAM/mem_reg[229][5]
         RAM/mem_reg[230][5]
         RAM/mem_reg[231][5]
         RAM/mem_reg[208][5]
         RAM/mem_reg[209][5]
         RAM/mem_reg[210][5]
         RAM/mem_reg[211][5]
         RAM/mem_reg[216][5]
         RAM/mem_reg[217][5]
         RAM/mem_reg[218][5]
         RAM/mem_reg[219][5]
         RAM/mem_reg[212][5]
         RAM/mem_reg[213][5]
         RAM/mem_reg[214][5]
         RAM/mem_reg[215][5]
         RAM/mem_reg[240][5]
         RAM/mem_reg[241][5]
         RAM/mem_reg[242][5]
         RAM/mem_reg[243][5]
         RAM/mem_reg[248][5]
         RAM/mem_reg[249][5]
         RAM/mem_reg[250][5]
         RAM/mem_reg[251][5]
         RAM/mem_reg[244][5]
         RAM/mem_reg[245][5]
         RAM/mem_reg[246][5]
         RAM/mem_reg[247][5]
         RAM/mem_reg[0][4]
         RAM/mem_reg[1][4]
         RAM/mem_reg[2][4]
         RAM/mem_reg[3][4]
         RAM/mem_reg[8][4]
         RAM/mem_reg[9][4]
         RAM/mem_reg[10][4]
         RAM/mem_reg[11][4]
         RAM/mem_reg[4][4]
         RAM/mem_reg[5][4]
         RAM/mem_reg[6][4]
         RAM/mem_reg[7][4]
         RAM/mem_reg[32][4]
         RAM/mem_reg[33][4]
         RAM/mem_reg[34][4]
         RAM/mem_reg[35][4]
         RAM/mem_reg[40][4]
         RAM/mem_reg[41][4]
         RAM/mem_reg[42][4]
         RAM/mem_reg[43][4]
         RAM/mem_reg[36][4]
         RAM/mem_reg[37][4]
         RAM/mem_reg[38][4]
         RAM/mem_reg[39][4]
         RAM/mem_reg[16][4]
         RAM/mem_reg[17][4]
         RAM/mem_reg[18][4]
         RAM/mem_reg[19][4]
         RAM/mem_reg[24][4]
         RAM/mem_reg[25][4]
         RAM/mem_reg[26][4]
         RAM/mem_reg[27][4]
         RAM/mem_reg[20][4]
         RAM/mem_reg[21][4]
         RAM/mem_reg[22][4]
         RAM/mem_reg[23][4]
         RAM/mem_reg[48][4]
         RAM/mem_reg[49][4]
         RAM/mem_reg[50][4]
         RAM/mem_reg[51][4]
         RAM/mem_reg[56][4]
         RAM/mem_reg[57][4]
         RAM/mem_reg[58][4]
         RAM/mem_reg[59][4]
         RAM/mem_reg[52][4]
         RAM/mem_reg[53][4]
         RAM/mem_reg[54][4]
         RAM/mem_reg[55][4]
         RAM/mem_reg[64][4]
         RAM/mem_reg[65][4]
         RAM/mem_reg[66][4]
         RAM/mem_reg[67][4]
         RAM/mem_reg[72][4]
         RAM/mem_reg[73][4]
         RAM/mem_reg[74][4]
         RAM/mem_reg[75][4]
         RAM/mem_reg[68][4]
         RAM/mem_reg[69][4]
         RAM/mem_reg[70][4]
         RAM/mem_reg[71][4]
         RAM/mem_reg[96][4]
         RAM/mem_reg[97][4]
         RAM/mem_reg[98][4]
         RAM/mem_reg[99][4]
         RAM/mem_reg[104][4]
         RAM/mem_reg[105][4]
         RAM/mem_reg[106][4]
         RAM/mem_reg[107][4]
         RAM/mem_reg[100][4]
         RAM/mem_reg[101][4]
         RAM/mem_reg[102][4]
         RAM/mem_reg[103][4]
         RAM/mem_reg[80][4]
         RAM/mem_reg[81][4]
         RAM/mem_reg[82][4]
         RAM/mem_reg[83][4]
         RAM/mem_reg[88][4]
         RAM/mem_reg[89][4]
         RAM/mem_reg[90][4]
         RAM/mem_reg[91][4]
         RAM/mem_reg[84][4]
         RAM/mem_reg[85][4]
         RAM/mem_reg[86][4]
         RAM/mem_reg[87][4]
         RAM/mem_reg[112][4]
         RAM/mem_reg[113][4]
         RAM/mem_reg[114][4]
         RAM/mem_reg[115][4]
         RAM/mem_reg[120][4]
         RAM/mem_reg[121][4]
         RAM/mem_reg[122][4]
         RAM/mem_reg[123][4]
         RAM/mem_reg[116][4]
         RAM/mem_reg[117][4]
         RAM/mem_reg[118][4]
         RAM/mem_reg[119][4]
         RAM/mem_reg[0][3]
         RAM/mem_reg[1][3]
         RAM/mem_reg[2][3]
         RAM/mem_reg[3][3]
         RAM/mem_reg[8][3]
         RAM/mem_reg[9][3]
         RAM/mem_reg[10][3]
         RAM/mem_reg[11][3]
         RAM/mem_reg[4][3]
         RAM/mem_reg[5][3]
         RAM/mem_reg[6][3]
         RAM/mem_reg[7][3]
         RAM/mem_reg[32][3]
         RAM/mem_reg[33][3]
         RAM/mem_reg[34][3]
         RAM/mem_reg[35][3]
         RAM/mem_reg[40][3]
         RAM/mem_reg[41][3]
         RAM/mem_reg[42][3]
         RAM/mem_reg[43][3]
         RAM/mem_reg[36][3]
         RAM/mem_reg[37][3]
         RAM/mem_reg[38][3]
         RAM/mem_reg[39][3]
         RAM/mem_reg[16][3]
         RAM/mem_reg[17][3]
         RAM/mem_reg[18][3]
         RAM/mem_reg[19][3]
         RAM/mem_reg[24][3]
         RAM/mem_reg[25][3]
         RAM/mem_reg[26][3]
         RAM/mem_reg[27][3]
         RAM/mem_reg[20][3]
         RAM/mem_reg[21][3]
         RAM/mem_reg[22][3]
         RAM/mem_reg[23][3]
         RAM/mem_reg[48][3]
         RAM/mem_reg[49][3]
         RAM/mem_reg[50][3]
         RAM/mem_reg[51][3]
         RAM/mem_reg[56][3]
         RAM/mem_reg[57][3]
         RAM/mem_reg[58][3]
         RAM/mem_reg[59][3]
         RAM/mem_reg[52][3]
         RAM/mem_reg[53][3]
         RAM/mem_reg[54][3]
         RAM/mem_reg[55][3]
         RAM/mem_reg[128][3]
         RAM/mem_reg[129][3]
         RAM/mem_reg[130][3]
         RAM/mem_reg[131][3]
         RAM/mem_reg[136][3]
         RAM/mem_reg[137][3]
         RAM/mem_reg[138][3]
         RAM/mem_reg[139][3]
         RAM/mem_reg[132][3]
         RAM/mem_reg[133][3]
         RAM/mem_reg[134][3]
         RAM/mem_reg[135][3]
         RAM/mem_reg[160][3]
         RAM/mem_reg[161][3]
         RAM/mem_reg[162][3]
         RAM/mem_reg[163][3]
         RAM/mem_reg[168][3]
         RAM/mem_reg[169][3]
         RAM/mem_reg[170][3]
         RAM/mem_reg[171][3]
         RAM/mem_reg[164][3]
         RAM/mem_reg[165][3]
         RAM/mem_reg[166][3]
         RAM/mem_reg[167][3]
         RAM/mem_reg[144][3]
         RAM/mem_reg[145][3]
         RAM/mem_reg[146][3]
         RAM/mem_reg[147][3]
         RAM/mem_reg[152][3]
         RAM/mem_reg[153][3]
         RAM/mem_reg[154][3]
         RAM/mem_reg[155][3]
         RAM/mem_reg[148][3]
         RAM/mem_reg[149][3]
         RAM/mem_reg[150][3]
         RAM/mem_reg[151][3]
         RAM/mem_reg[176][3]
         RAM/mem_reg[177][3]
         RAM/mem_reg[178][3]
         RAM/mem_reg[179][3]
         RAM/mem_reg[184][3]
         RAM/mem_reg[185][3]
         RAM/mem_reg[186][3]
         RAM/mem_reg[187][3]
         RAM/mem_reg[180][3]
         RAM/mem_reg[181][3]
         RAM/mem_reg[182][3]
         RAM/mem_reg[183][3]
         RAM/mem_reg[0][2]
         RAM/mem_reg[1][2]
         RAM/mem_reg[2][2]
         RAM/mem_reg[3][2]
         RAM/mem_reg[8][2]
         RAM/mem_reg[9][2]
         RAM/mem_reg[10][2]
         RAM/mem_reg[11][2]
         RAM/mem_reg[4][2]
         RAM/mem_reg[5][2]
         RAM/mem_reg[6][2]
         RAM/mem_reg[7][2]
         RAM/mem_reg[32][2]
         RAM/mem_reg[33][2]
         RAM/mem_reg[34][2]
         RAM/mem_reg[35][2]
         RAM/mem_reg[40][2]
         RAM/mem_reg[41][2]
         RAM/mem_reg[42][2]
         RAM/mem_reg[43][2]
         RAM/mem_reg[36][2]
         RAM/mem_reg[37][2]
         RAM/mem_reg[38][2]
         RAM/mem_reg[39][2]
         RAM/mem_reg[16][2]
         RAM/mem_reg[17][2]
         RAM/mem_reg[18][2]
         RAM/mem_reg[19][2]
         RAM/mem_reg[24][2]
         RAM/mem_reg[25][2]
         RAM/mem_reg[26][2]
         RAM/mem_reg[27][2]
         RAM/mem_reg[20][2]
         RAM/mem_reg[21][2]
         RAM/mem_reg[22][2]
         RAM/mem_reg[23][2]
         RAM/mem_reg[48][2]
         RAM/mem_reg[49][2]
         RAM/mem_reg[50][2]
         RAM/mem_reg[51][2]
         RAM/mem_reg[56][2]
         RAM/mem_reg[57][2]
         RAM/mem_reg[58][2]
         RAM/mem_reg[59][2]
         RAM/mem_reg[52][2]
         RAM/mem_reg[53][2]
         RAM/mem_reg[54][2]
         RAM/mem_reg[55][2]
         RAM/mem_reg[72][2]
         RAM/mem_reg[73][2]
         RAM/mem_reg[74][2]
         RAM/mem_reg[75][2]
         RAM/mem_reg[76][2]
         RAM/mem_reg[77][2]
         RAM/mem_reg[78][2]
         RAM/mem_reg[79][2]
         RAM/mem_reg[64][2]
         RAM/mem_reg[65][2]
         RAM/mem_reg[66][2]
         RAM/mem_reg[67][2]
         RAM/mem_reg[96][2]
         RAM/mem_reg[97][2]
         RAM/mem_reg[98][2]
         RAM/mem_reg[99][2]
         RAM/mem_reg[104][2]
         RAM/mem_reg[105][2]
         RAM/mem_reg[106][2]
         RAM/mem_reg[107][2]
         RAM/mem_reg[100][2]
         RAM/mem_reg[101][2]
         RAM/mem_reg[102][2]
         RAM/mem_reg[103][2]
         RAM/mem_reg[92][2]
         RAM/mem_reg[93][2]
         RAM/mem_reg[94][2]
         RAM/mem_reg[95][2]
         RAM/mem_reg[80][2]
         RAM/mem_reg[81][2]
         RAM/mem_reg[82][2]
         RAM/mem_reg[83][2]
         RAM/mem_reg[88][2]
         RAM/mem_reg[89][2]
         RAM/mem_reg[90][2]
         RAM/mem_reg[91][2]
         RAM/mem_reg[116][2]
         RAM/mem_reg[117][2]
         RAM/mem_reg[118][2]
         RAM/mem_reg[119][2]
         RAM/mem_reg[124][2]
         RAM/mem_reg[125][2]
         RAM/mem_reg[126][2]
         RAM/mem_reg[127][2]
         RAM/mem_reg[112][2]
         RAM/mem_reg[113][2]
         RAM/mem_reg[114][2]
         RAM/mem_reg[115][2]
         RAM/mem_reg[96][1]
         RAM/mem_reg[97][1]
         RAM/mem_reg[98][1]
         RAM/mem_reg[99][1]
         RAM/mem_reg[104][1]
         RAM/mem_reg[105][1]
         RAM/mem_reg[106][1]
         RAM/mem_reg[107][1]
         RAM/mem_reg[100][1]
         RAM/mem_reg[101][1]
         RAM/mem_reg[102][1]
         RAM/mem_reg[103][1]
         RAM/mem_reg[112][1]
         RAM/mem_reg[113][1]
         RAM/mem_reg[114][1]
         RAM/mem_reg[115][1]
         RAM/mem_reg[120][1]
         RAM/mem_reg[121][1]
         RAM/mem_reg[122][1]
         RAM/mem_reg[123][1]
         RAM/mem_reg[116][1]
         RAM/mem_reg[117][1]
         RAM/mem_reg[118][1]
         RAM/mem_reg[119][1]
         RAM/mem_reg[80][1]
         RAM/mem_reg[81][1]
         RAM/mem_reg[82][1]
         RAM/mem_reg[83][1]
         RAM/mem_reg[88][1]
         RAM/mem_reg[89][1]
         RAM/mem_reg[90][1]
         RAM/mem_reg[91][1]
         RAM/mem_reg[84][1]
         RAM/mem_reg[85][1]
         RAM/mem_reg[86][1]
         RAM/mem_reg[87][1]
         RAM/mem_reg[76][1]
         RAM/mem_reg[77][1]
         RAM/mem_reg[78][1]
         RAM/mem_reg[79][1]
         RAM/mem_reg[68][1]
         RAM/mem_reg[69][1]
         RAM/mem_reg[70][1]
         RAM/mem_reg[71][1]
         RAM/mem_reg[64][1]
         RAM/mem_reg[65][1]
         RAM/mem_reg[66][1]
         RAM/mem_reg[67][1]
         RAM/mem_reg[128][1]
         RAM/mem_reg[129][1]
         RAM/mem_reg[130][1]
         RAM/mem_reg[131][1]
         RAM/mem_reg[136][1]
         RAM/mem_reg[137][1]
         RAM/mem_reg[138][1]
         RAM/mem_reg[139][1]
         RAM/mem_reg[132][1]
         RAM/mem_reg[133][1]
         RAM/mem_reg[134][1]
         RAM/mem_reg[135][1]
         RAM/mem_reg[160][1]
         RAM/mem_reg[161][1]
         RAM/mem_reg[162][1]
         RAM/mem_reg[163][1]
         RAM/mem_reg[168][1]
         RAM/mem_reg[169][1]
         RAM/mem_reg[170][1]
         RAM/mem_reg[171][1]
         RAM/mem_reg[164][1]
         RAM/mem_reg[165][1]
         RAM/mem_reg[166][1]
         RAM/mem_reg[167][1]
         RAM/mem_reg[180][1]
         RAM/mem_reg[181][1]
         RAM/mem_reg[182][1]
         RAM/mem_reg[183][1]
         RAM/mem_reg[176][1]
         RAM/mem_reg[177][1]
         RAM/mem_reg[178][1]
         RAM/mem_reg[179][1]
         RAM/mem_reg[184][1]
         RAM/mem_reg[185][1]
         RAM/mem_reg[186][1]
         RAM/mem_reg[187][1]
         RAM/mem_reg[156][1]
         RAM/mem_reg[157][1]
         RAM/mem_reg[158][1]
         RAM/mem_reg[159][1]
         RAM/mem_reg[152][1]
         RAM/mem_reg[153][1]
         RAM/mem_reg[154][1]
         RAM/mem_reg[155][1]
         RAM/mem_reg[148][1]
         RAM/mem_reg[149][1]
         RAM/mem_reg[150][1]
         RAM/mem_reg[151][1]
         RAM/mem_reg[128][0]
         RAM/mem_reg[129][0]
         RAM/mem_reg[130][0]
         RAM/mem_reg[131][0]
         RAM/mem_reg[136][0]
         RAM/mem_reg[137][0]
         RAM/mem_reg[138][0]
         RAM/mem_reg[139][0]
         RAM/mem_reg[132][0]
         RAM/mem_reg[133][0]
         RAM/mem_reg[134][0]
         RAM/mem_reg[135][0]
         RAM/mem_reg[160][0]
         RAM/mem_reg[161][0]
         RAM/mem_reg[162][0]
         RAM/mem_reg[163][0]
         RAM/mem_reg[168][0]
         RAM/mem_reg[169][0]
         RAM/mem_reg[170][0]
         RAM/mem_reg[171][0]
         RAM/mem_reg[164][0]
         RAM/mem_reg[165][0]
         RAM/mem_reg[166][0]
         RAM/mem_reg[167][0]
         RAM/mem_reg[144][0]
         RAM/mem_reg[145][0]
         RAM/mem_reg[146][0]
         RAM/mem_reg[147][0]
         RAM/mem_reg[152][0]
         RAM/mem_reg[153][0]
         RAM/mem_reg[154][0]
         RAM/mem_reg[155][0]
         RAM/mem_reg[148][0]
         RAM/mem_reg[149][0]
         RAM/mem_reg[150][0]
         RAM/mem_reg[151][0]
         RAM/mem_reg[176][0]
         RAM/mem_reg[177][0]
         RAM/mem_reg[178][0]
         RAM/mem_reg[179][0]
         RAM/mem_reg[184][0]
         RAM/mem_reg[185][0]
         RAM/mem_reg[186][0]
         RAM/mem_reg[187][0]
         RAM/mem_reg[180][0]
         RAM/mem_reg[181][0]
         RAM/mem_reg[182][0]
         RAM/mem_reg[183][0]
         RAM/mem_reg[192][0]
         RAM/mem_reg[193][0]
         RAM/mem_reg[194][0]
         RAM/mem_reg[195][0]
         RAM/mem_reg[200][0]
         RAM/mem_reg[201][0]
         RAM/mem_reg[202][0]
         RAM/mem_reg[203][0]
         RAM/mem_reg[196][0]
         RAM/mem_reg[197][0]
         RAM/mem_reg[198][0]
         RAM/mem_reg[199][0]
         RAM/mem_reg[224][0]
         RAM/mem_reg[225][0]
         RAM/mem_reg[226][0]
         RAM/mem_reg[227][0]
         RAM/mem_reg[232][0]
         RAM/mem_reg[233][0]
         RAM/mem_reg[234][0]
         RAM/mem_reg[235][0]
         RAM/mem_reg[228][0]
         RAM/mem_reg[229][0]
         RAM/mem_reg[230][0]
         RAM/mem_reg[231][0]
         RAM/mem_reg[208][0]
         RAM/mem_reg[209][0]
         RAM/mem_reg[210][0]
         RAM/mem_reg[211][0]
         RAM/mem_reg[216][0]
         RAM/mem_reg[217][0]
         RAM/mem_reg[218][0]
         RAM/mem_reg[219][0]
         RAM/mem_reg[212][0]
         RAM/mem_reg[213][0]
         RAM/mem_reg[214][0]
         RAM/mem_reg[215][0]
         RAM/mem_reg[240][0]
         RAM/mem_reg[241][0]
         RAM/mem_reg[242][0]
         RAM/mem_reg[243][0]
         RAM/mem_reg[248][0]
         RAM/mem_reg[249][0]
         RAM/mem_reg[250][0]
         RAM/mem_reg[251][0]
         RAM/mem_reg[244][0]
         RAM/mem_reg[245][0]
         RAM/mem_reg[246][0]
         RAM/mem_reg[247][0]
         RAM/mem_reg[240][7]
         RAM/mem_reg[241][7]
         RAM/mem_reg[242][7]
         RAM/mem_reg[243][7]
         RAM/mem_reg[248][7]
         RAM/mem_reg[249][7]
         RAM/mem_reg[250][7]
         RAM/mem_reg[251][7]
         RAM/mem_reg[244][7]
         RAM/mem_reg[245][7]
         RAM/mem_reg[246][7]
         RAM/mem_reg[247][7]
         RAM/mem_reg[192][7]
         RAM/mem_reg[193][7]
         RAM/mem_reg[194][7]
         RAM/mem_reg[195][7]
         RAM/mem_reg[200][7]
         RAM/mem_reg[201][7]
         RAM/mem_reg[202][7]
         RAM/mem_reg[203][7]
         RAM/mem_reg[196][7]
         RAM/mem_reg[197][7]
         RAM/mem_reg[198][7]
         RAM/mem_reg[199][7]
         RAM/mem_reg[204][7]
         RAM/mem_reg[205][7]
         RAM/mem_reg[206][7]
         RAM/mem_reg[207][7]
         RAM/mem_reg[224][7]
         RAM/mem_reg[225][7]
         RAM/mem_reg[226][7]
         RAM/mem_reg[227][7]
         RAM/mem_reg[232][7]
         RAM/mem_reg[233][7]
         RAM/mem_reg[234][7]
         RAM/mem_reg[235][7]
         RAM/mem_reg[228][7]
         RAM/mem_reg[229][7]
         RAM/mem_reg[230][7]
         RAM/mem_reg[231][7]
         RAM/mem_reg[236][7]
         RAM/mem_reg[237][7]
         RAM/mem_reg[238][7]
         RAM/mem_reg[239][7]
         RAM/mem_reg[208][7]
         RAM/mem_reg[209][7]
         RAM/mem_reg[210][7]
         RAM/mem_reg[211][7]
         RAM/mem_reg[216][7]
         RAM/mem_reg[217][7]
         RAM/mem_reg[218][7]
         RAM/mem_reg[219][7]
         RAM/mem_reg[212][7]
         RAM/mem_reg[213][7]
         RAM/mem_reg[214][7]
         RAM/mem_reg[215][7]
         RAM/mem_reg[220][7]
         RAM/mem_reg[221][7]
         RAM/mem_reg[222][7]
         RAM/mem_reg[223][7]
         RAM/mem_reg[16][7]
         RAM/mem_reg[17][7]
         RAM/mem_reg[18][7]
         RAM/mem_reg[19][7]
         RAM/mem_reg[24][7]
         RAM/mem_reg[25][7]
         RAM/mem_reg[26][7]
         RAM/mem_reg[27][7]
         RAM/mem_reg[20][7]
         RAM/mem_reg[21][7]
         RAM/mem_reg[22][7]
         RAM/mem_reg[23][7]
         RAM/mem_reg[48][7]
         RAM/mem_reg[49][7]
         RAM/mem_reg[50][7]
         RAM/mem_reg[51][7]
         RAM/mem_reg[56][7]
         RAM/mem_reg[57][7]
         RAM/mem_reg[58][7]
         RAM/mem_reg[59][7]
         RAM/mem_reg[52][7]
         RAM/mem_reg[53][7]
         RAM/mem_reg[54][7]
         RAM/mem_reg[55][7]
         RAM/mem_reg[60][7]
         RAM/mem_reg[61][7]
         RAM/mem_reg[62][7]
         RAM/mem_reg[63][7]
         RAM/mem_reg[0][7]
         RAM/mem_reg[1][7]
         RAM/mem_reg[2][7]
         RAM/mem_reg[3][7]
         RAM/mem_reg[8][7]
         RAM/mem_reg[9][7]
         RAM/mem_reg[10][7]
         RAM/mem_reg[11][7]
         RAM/mem_reg[4][7]
         RAM/mem_reg[5][7]
         RAM/mem_reg[6][7]
         RAM/mem_reg[7][7]
         RAM/mem_reg[12][7]
         RAM/mem_reg[13][7]
         RAM/mem_reg[14][7]
         RAM/mem_reg[15][7]
         RAM/mem_reg[32][7]
         RAM/mem_reg[33][7]
         RAM/mem_reg[34][7]
         RAM/mem_reg[35][7]
         RAM/mem_reg[40][7]
         RAM/mem_reg[41][7]
         RAM/mem_reg[42][7]
         RAM/mem_reg[43][7]
         RAM/mem_reg[36][7]
         RAM/mem_reg[37][7]
         RAM/mem_reg[38][7]
         RAM/mem_reg[39][7]
         RAM/mem_reg[44][7]
         RAM/mem_reg[45][7]
         RAM/mem_reg[46][7]
         RAM/mem_reg[47][7]
         RAM/mem_reg[140][7]
         RAM/mem_reg[141][7]
         RAM/mem_reg[142][7]
         RAM/mem_reg[143][7]
         RAM/mem_reg[172][7]
         RAM/mem_reg[173][7]
         RAM/mem_reg[174][7]
         RAM/mem_reg[175][7]
         RAM/mem_reg[156][7]
         RAM/mem_reg[157][7]
         RAM/mem_reg[158][7]
         RAM/mem_reg[159][7]
         RAM/mem_reg[188][7]
         RAM/mem_reg[189][7]
         RAM/mem_reg[190][7]
         RAM/mem_reg[191][7]
         RAM/mem_reg[76][7]
         RAM/mem_reg[77][7]
         RAM/mem_reg[78][7]
         RAM/mem_reg[79][7]
         RAM/mem_reg[108][7]
         RAM/mem_reg[109][7]
         RAM/mem_reg[110][7]
         RAM/mem_reg[111][7]
         RAM/mem_reg[92][7]
         RAM/mem_reg[93][7]
         RAM/mem_reg[94][7]
         RAM/mem_reg[95][7]
         RAM/mem_reg[124][7]
         RAM/mem_reg[125][7]
         RAM/mem_reg[126][7]
         RAM/mem_reg[127][7]
         RAM/mem_reg[176][6]
         RAM/mem_reg[177][6]
         RAM/mem_reg[178][6]
         RAM/mem_reg[179][6]
         RAM/mem_reg[184][6]
         RAM/mem_reg[185][6]
         RAM/mem_reg[186][6]
         RAM/mem_reg[187][6]
         RAM/mem_reg[180][6]
         RAM/mem_reg[181][6]
         RAM/mem_reg[182][6]
         RAM/mem_reg[183][6]
         RAM/mem_reg[128][6]
         RAM/mem_reg[129][6]
         RAM/mem_reg[130][6]
         RAM/mem_reg[131][6]
         RAM/mem_reg[136][6]
         RAM/mem_reg[137][6]
         RAM/mem_reg[138][6]
         RAM/mem_reg[139][6]
         RAM/mem_reg[132][6]
         RAM/mem_reg[133][6]
         RAM/mem_reg[134][6]
         RAM/mem_reg[135][6]
         RAM/mem_reg[140][6]
         RAM/mem_reg[141][6]
         RAM/mem_reg[142][6]
         RAM/mem_reg[143][6]
         RAM/mem_reg[144][6]
         RAM/mem_reg[145][6]
         RAM/mem_reg[146][6]
         RAM/mem_reg[147][6]
         RAM/mem_reg[152][6]
         RAM/mem_reg[153][6]
         RAM/mem_reg[154][6]
         RAM/mem_reg[155][6]
         RAM/mem_reg[148][6]
         RAM/mem_reg[149][6]
         RAM/mem_reg[150][6]
         RAM/mem_reg[151][6]
         RAM/mem_reg[156][6]
         RAM/mem_reg[157][6]
         RAM/mem_reg[158][6]
         RAM/mem_reg[159][6]
         RAM/mem_reg[160][6]
         RAM/mem_reg[161][6]
         RAM/mem_reg[162][6]
         RAM/mem_reg[163][6]
         RAM/mem_reg[168][6]
         RAM/mem_reg[169][6]
         RAM/mem_reg[170][6]
         RAM/mem_reg[171][6]
         RAM/mem_reg[164][6]
         RAM/mem_reg[165][6]
         RAM/mem_reg[166][6]
         RAM/mem_reg[167][6]
         RAM/mem_reg[172][6]
         RAM/mem_reg[173][6]
         RAM/mem_reg[174][6]
         RAM/mem_reg[175][6]
         RAM/mem_reg[240][6]
         RAM/mem_reg[241][6]
         RAM/mem_reg[242][6]
         RAM/mem_reg[243][6]
         RAM/mem_reg[248][6]
         RAM/mem_reg[249][6]
         RAM/mem_reg[250][6]
         RAM/mem_reg[251][6]
         RAM/mem_reg[244][6]
         RAM/mem_reg[245][6]
         RAM/mem_reg[246][6]
         RAM/mem_reg[247][6]
         RAM/mem_reg[192][6]
         RAM/mem_reg[193][6]
         RAM/mem_reg[194][6]
         RAM/mem_reg[195][6]
         RAM/mem_reg[200][6]
         RAM/mem_reg[201][6]
         RAM/mem_reg[202][6]
         RAM/mem_reg[203][6]
         RAM/mem_reg[196][6]
         RAM/mem_reg[197][6]
         RAM/mem_reg[198][6]
         RAM/mem_reg[199][6]
         RAM/mem_reg[204][6]
         RAM/mem_reg[205][6]
         RAM/mem_reg[206][6]
         RAM/mem_reg[207][6]
         RAM/mem_reg[224][6]
         RAM/mem_reg[225][6]
         RAM/mem_reg[226][6]
         RAM/mem_reg[227][6]
         RAM/mem_reg[232][6]
         RAM/mem_reg[233][6]
         RAM/mem_reg[234][6]
         RAM/mem_reg[235][6]
         RAM/mem_reg[228][6]
         RAM/mem_reg[229][6]
         RAM/mem_reg[230][6]
         RAM/mem_reg[231][6]
         RAM/mem_reg[236][6]
         RAM/mem_reg[237][6]
         RAM/mem_reg[238][6]
         RAM/mem_reg[239][6]
         RAM/mem_reg[208][6]
         RAM/mem_reg[209][6]
         RAM/mem_reg[210][6]
         RAM/mem_reg[211][6]
         RAM/mem_reg[216][6]
         RAM/mem_reg[217][6]
         RAM/mem_reg[218][6]
         RAM/mem_reg[219][6]
         RAM/mem_reg[212][6]
         RAM/mem_reg[213][6]
         RAM/mem_reg[214][6]
         RAM/mem_reg[215][6]
         RAM/mem_reg[220][6]
         RAM/mem_reg[221][6]
         RAM/mem_reg[222][6]
         RAM/mem_reg[223][6]
         RAM/mem_reg[12][6]
         RAM/mem_reg[13][6]
         RAM/mem_reg[14][6]
         RAM/mem_reg[15][6]
         RAM/mem_reg[44][6]
         RAM/mem_reg[45][6]
         RAM/mem_reg[46][6]
         RAM/mem_reg[47][6]
         RAM/mem_reg[28][6]
         RAM/mem_reg[29][6]
         RAM/mem_reg[30][6]
         RAM/mem_reg[31][6]
         RAM/mem_reg[60][6]
         RAM/mem_reg[61][6]
         RAM/mem_reg[62][6]
         RAM/mem_reg[63][6]
         RAM/mem_reg[76][6]
         RAM/mem_reg[77][6]
         RAM/mem_reg[78][6]
         RAM/mem_reg[79][6]
         RAM/mem_reg[108][6]
         RAM/mem_reg[109][6]
         RAM/mem_reg[110][6]
         RAM/mem_reg[111][6]
         RAM/mem_reg[92][6]
         RAM/mem_reg[93][6]
         RAM/mem_reg[94][6]
         RAM/mem_reg[95][6]
         RAM/mem_reg[124][6]
         RAM/mem_reg[125][6]
         RAM/mem_reg[126][6]
         RAM/mem_reg[127][6]
         RAM/mem_reg[48][5]
         RAM/mem_reg[49][5]
         RAM/mem_reg[50][5]
         RAM/mem_reg[51][5]
         RAM/mem_reg[56][5]
         RAM/mem_reg[57][5]
         RAM/mem_reg[58][5]
         RAM/mem_reg[59][5]
         RAM/mem_reg[52][5]
         RAM/mem_reg[53][5]
         RAM/mem_reg[54][5]
         RAM/mem_reg[55][5]
         RAM/mem_reg[0][5]
         RAM/mem_reg[1][5]
         RAM/mem_reg[2][5]
         RAM/mem_reg[3][5]
         RAM/mem_reg[8][5]
         RAM/mem_reg[9][5]
         RAM/mem_reg[10][5]
         RAM/mem_reg[11][5]
         RAM/mem_reg[4][5]
         RAM/mem_reg[5][5]
         RAM/mem_reg[6][5]
         RAM/mem_reg[7][5]
         RAM/mem_reg[12][5]
         RAM/mem_reg[13][5]
         RAM/mem_reg[14][5]
         RAM/mem_reg[15][5]
         RAM/mem_reg[32][5]
         RAM/mem_reg[33][5]
         RAM/mem_reg[34][5]
         RAM/mem_reg[35][5]
         RAM/mem_reg[40][5]
         RAM/mem_reg[41][5]
         RAM/mem_reg[42][5]
         RAM/mem_reg[43][5]
         RAM/mem_reg[36][5]
         RAM/mem_reg[37][5]
         RAM/mem_reg[38][5]
         RAM/mem_reg[39][5]
         RAM/mem_reg[44][5]
         RAM/mem_reg[45][5]
         RAM/mem_reg[46][5]
         RAM/mem_reg[47][5]
         RAM/mem_reg[16][5]
         RAM/mem_reg[17][5]
         RAM/mem_reg[18][5]
         RAM/mem_reg[19][5]
         RAM/mem_reg[24][5]
         RAM/mem_reg[25][5]
         RAM/mem_reg[26][5]
         RAM/mem_reg[27][5]
         RAM/mem_reg[20][5]
         RAM/mem_reg[21][5]
         RAM/mem_reg[22][5]
         RAM/mem_reg[23][5]
         RAM/mem_reg[28][5]
         RAM/mem_reg[29][5]
         RAM/mem_reg[30][5]
         RAM/mem_reg[31][5]
         RAM/mem_reg[80][5]
         RAM/mem_reg[81][5]
         RAM/mem_reg[82][5]
         RAM/mem_reg[83][5]
         RAM/mem_reg[88][5]
         RAM/mem_reg[89][5]
         RAM/mem_reg[90][5]
         RAM/mem_reg[91][5]
         RAM/mem_reg[84][5]
         RAM/mem_reg[85][5]
         RAM/mem_reg[86][5]
         RAM/mem_reg[87][5]
         RAM/mem_reg[112][5]
         RAM/mem_reg[113][5]
         RAM/mem_reg[114][5]
         RAM/mem_reg[115][5]
         RAM/mem_reg[120][5]
         RAM/mem_reg[121][5]
         RAM/mem_reg[122][5]
         RAM/mem_reg[123][5]
         RAM/mem_reg[116][5]
         RAM/mem_reg[117][5]
         RAM/mem_reg[118][5]
         RAM/mem_reg[119][5]
         RAM/mem_reg[124][5]
         RAM/mem_reg[125][5]
         RAM/mem_reg[126][5]
         RAM/mem_reg[127][5]
         RAM/mem_reg[64][5]
         RAM/mem_reg[65][5]
         RAM/mem_reg[66][5]
         RAM/mem_reg[67][5]
         RAM/mem_reg[72][5]
         RAM/mem_reg[73][5]
         RAM/mem_reg[74][5]
         RAM/mem_reg[75][5]
         RAM/mem_reg[68][5]
         RAM/mem_reg[69][5]
         RAM/mem_reg[70][5]
         RAM/mem_reg[71][5]
         RAM/mem_reg[76][5]
         RAM/mem_reg[77][5]
         RAM/mem_reg[78][5]
         RAM/mem_reg[79][5]
         RAM/mem_reg[96][5]
         RAM/mem_reg[97][5]
         RAM/mem_reg[98][5]
         RAM/mem_reg[99][5]
         RAM/mem_reg[104][5]
         RAM/mem_reg[105][5]
         RAM/mem_reg[106][5]
         RAM/mem_reg[107][5]
         RAM/mem_reg[100][5]
         RAM/mem_reg[101][5]
         RAM/mem_reg[102][5]
         RAM/mem_reg[103][5]
         RAM/mem_reg[108][5]
         RAM/mem_reg[109][5]
         RAM/mem_reg[110][5]
         RAM/mem_reg[111][5]
         RAM/mem_reg[140][5]
         RAM/mem_reg[141][5]
         RAM/mem_reg[142][5]
         RAM/mem_reg[143][5]
         RAM/mem_reg[172][5]
         RAM/mem_reg[173][5]
         RAM/mem_reg[174][5]
         RAM/mem_reg[175][5]
         RAM/mem_reg[156][5]
         RAM/mem_reg[157][5]
         RAM/mem_reg[158][5]
         RAM/mem_reg[159][5]
         RAM/mem_reg[188][5]
         RAM/mem_reg[189][5]
         RAM/mem_reg[190][5]
         RAM/mem_reg[191][5]
         RAM/mem_reg[204][5]
         RAM/mem_reg[205][5]
         RAM/mem_reg[206][5]
         RAM/mem_reg[207][5]
         RAM/mem_reg[236][5]
         RAM/mem_reg[237][5]
         RAM/mem_reg[238][5]
         RAM/mem_reg[239][5]
         RAM/mem_reg[220][5]
         RAM/mem_reg[221][5]
         RAM/mem_reg[222][5]
         RAM/mem_reg[223][5]
         RAM/mem_reg[252][5]
         RAM/mem_reg[253][5]
         RAM/mem_reg[254][5]
         RAM/mem_reg[255][5]
         RAM/mem_reg[176][4]
         RAM/mem_reg[177][4]
         RAM/mem_reg[178][4]
         RAM/mem_reg[179][4]
         RAM/mem_reg[184][4]
         RAM/mem_reg[185][4]
         RAM/mem_reg[186][4]
         RAM/mem_reg[187][4]
         RAM/mem_reg[180][4]
         RAM/mem_reg[181][4]
         RAM/mem_reg[182][4]
         RAM/mem_reg[183][4]
         RAM/mem_reg[128][4]
         RAM/mem_reg[129][4]
         RAM/mem_reg[130][4]
         RAM/mem_reg[131][4]
         RAM/mem_reg[136][4]
         RAM/mem_reg[137][4]
         RAM/mem_reg[138][4]
         RAM/mem_reg[139][4]
         RAM/mem_reg[132][4]
         RAM/mem_reg[133][4]
         RAM/mem_reg[134][4]
         RAM/mem_reg[135][4]
         RAM/mem_reg[140][4]
         RAM/mem_reg[141][4]
         RAM/mem_reg[142][4]
         RAM/mem_reg[143][4]
         RAM/mem_reg[144][4]
         RAM/mem_reg[145][4]
         RAM/mem_reg[146][4]
         RAM/mem_reg[147][4]
         RAM/mem_reg[152][4]
         RAM/mem_reg[153][4]
         RAM/mem_reg[154][4]
         RAM/mem_reg[155][4]
         RAM/mem_reg[148][4]
         RAM/mem_reg[149][4]
         RAM/mem_reg[150][4]
         RAM/mem_reg[151][4]
         RAM/mem_reg[156][4]
         RAM/mem_reg[157][4]
         RAM/mem_reg[158][4]
         RAM/mem_reg[159][4]
         RAM/mem_reg[160][4]
         RAM/mem_reg[161][4]
         RAM/mem_reg[162][4]
         RAM/mem_reg[163][4]
         RAM/mem_reg[164][4]
         RAM/mem_reg[165][4]
         RAM/mem_reg[166][4]
         RAM/mem_reg[167][4]
         RAM/mem_reg[168][4]
         RAM/mem_reg[169][4]
         RAM/mem_reg[170][4]
         RAM/mem_reg[171][4]
         RAM/mem_reg[172][4]
         RAM/mem_reg[173][4]
         RAM/mem_reg[174][4]
         RAM/mem_reg[175][4]
         RAM/mem_reg[240][4]
         RAM/mem_reg[241][4]
         RAM/mem_reg[242][4]
         RAM/mem_reg[243][4]
         RAM/mem_reg[248][4]
         RAM/mem_reg[249][4]
         RAM/mem_reg[250][4]
         RAM/mem_reg[251][4]
         RAM/mem_reg[244][4]
         RAM/mem_reg[245][4]
         RAM/mem_reg[246][4]
         RAM/mem_reg[247][4]
         RAM/mem_reg[192][4]
         RAM/mem_reg[193][4]
         RAM/mem_reg[194][4]
         RAM/mem_reg[195][4]
         RAM/mem_reg[200][4]
         RAM/mem_reg[201][4]
         RAM/mem_reg[202][4]
         RAM/mem_reg[203][4]
         RAM/mem_reg[196][4]
         RAM/mem_reg[197][4]
         RAM/mem_reg[198][4]
         RAM/mem_reg[199][4]
         RAM/mem_reg[204][4]
         RAM/mem_reg[205][4]
         RAM/mem_reg[206][4]
         RAM/mem_reg[207][4]
         RAM/mem_reg[224][4]
         RAM/mem_reg[225][4]
         RAM/mem_reg[226][4]
         RAM/mem_reg[227][4]
         RAM/mem_reg[232][4]
         RAM/mem_reg[233][4]
         RAM/mem_reg[234][4]
         RAM/mem_reg[235][4]
         RAM/mem_reg[228][4]
         RAM/mem_reg[229][4]
         RAM/mem_reg[230][4]
         RAM/mem_reg[231][4]
         RAM/mem_reg[236][4]
         RAM/mem_reg[237][4]
         RAM/mem_reg[238][4]
         RAM/mem_reg[239][4]
         RAM/mem_reg[208][4]
         RAM/mem_reg[209][4]
         RAM/mem_reg[210][4]
         RAM/mem_reg[211][4]
         RAM/mem_reg[216][4]
         RAM/mem_reg[217][4]
         RAM/mem_reg[218][4]
         RAM/mem_reg[219][4]
         RAM/mem_reg[212][4]
         RAM/mem_reg[213][4]
         RAM/mem_reg[214][4]
         RAM/mem_reg[215][4]
         RAM/mem_reg[220][4]
         RAM/mem_reg[221][4]
         RAM/mem_reg[222][4]
         RAM/mem_reg[223][4]
         RAM/mem_reg[12][4]
         RAM/mem_reg[13][4]
         RAM/mem_reg[14][4]
         RAM/mem_reg[15][4]
         RAM/mem_reg[44][4]
         RAM/mem_reg[45][4]
         RAM/mem_reg[46][4]
         RAM/mem_reg[47][4]
         RAM/mem_reg[28][4]
         RAM/mem_reg[29][4]
         RAM/mem_reg[30][4]
         RAM/mem_reg[31][4]
         RAM/mem_reg[60][4]
         RAM/mem_reg[61][4]
         RAM/mem_reg[62][4]
         RAM/mem_reg[63][4]
         RAM/mem_reg[76][4]
         RAM/mem_reg[77][4]
         RAM/mem_reg[78][4]
         RAM/mem_reg[79][4]
         RAM/mem_reg[108][4]
         RAM/mem_reg[109][4]
         RAM/mem_reg[110][4]
         RAM/mem_reg[111][4]
         RAM/mem_reg[92][4]
         RAM/mem_reg[93][4]
         RAM/mem_reg[94][4]
         RAM/mem_reg[95][4]
         RAM/mem_reg[124][4]
         RAM/mem_reg[125][4]
         RAM/mem_reg[126][4]
         RAM/mem_reg[127][4]
         RAM/mem_reg[112][3]
         RAM/mem_reg[113][3]
         RAM/mem_reg[114][3]
         RAM/mem_reg[115][3]
         RAM/mem_reg[120][3]
         RAM/mem_reg[121][3]
         RAM/mem_reg[122][3]
         RAM/mem_reg[123][3]
         RAM/mem_reg[116][3]
         RAM/mem_reg[117][3]
         RAM/mem_reg[118][3]
         RAM/mem_reg[119][3]
         RAM/mem_reg[64][3]
         RAM/mem_reg[65][3]
         RAM/mem_reg[66][3]
         RAM/mem_reg[67][3]
         RAM/mem_reg[72][3]
         RAM/mem_reg[73][3]
         RAM/mem_reg[74][3]
         RAM/mem_reg[75][3]
         RAM/mem_reg[68][3]
         RAM/mem_reg[69][3]
         RAM/mem_reg[70][3]
         RAM/mem_reg[71][3]
         RAM/mem_reg[76][3]
         RAM/mem_reg[77][3]
         RAM/mem_reg[78][3]
         RAM/mem_reg[79][3]
         RAM/mem_reg[96][3]
         RAM/mem_reg[97][3]
         RAM/mem_reg[98][3]
         RAM/mem_reg[99][3]
         RAM/mem_reg[104][3]
         RAM/mem_reg[105][3]
         RAM/mem_reg[106][3]
         RAM/mem_reg[107][3]
         RAM/mem_reg[100][3]
         RAM/mem_reg[101][3]
         RAM/mem_reg[102][3]
         RAM/mem_reg[103][3]
         RAM/mem_reg[108][3]
         RAM/mem_reg[109][3]
         RAM/mem_reg[110][3]
         RAM/mem_reg[111][3]
         RAM/mem_reg[80][3]
         RAM/mem_reg[81][3]
         RAM/mem_reg[82][3]
         RAM/mem_reg[83][3]
         RAM/mem_reg[88][3]
         RAM/mem_reg[89][3]
         RAM/mem_reg[90][3]
         RAM/mem_reg[91][3]
         RAM/mem_reg[84][3]
         RAM/mem_reg[85][3]
         RAM/mem_reg[86][3]
         RAM/mem_reg[87][3]
         RAM/mem_reg[92][3]
         RAM/mem_reg[93][3]
         RAM/mem_reg[94][3]
         RAM/mem_reg[95][3]
         RAM/mem_reg[208][3]
         RAM/mem_reg[209][3]
         RAM/mem_reg[210][3]
         RAM/mem_reg[211][3]
         RAM/mem_reg[216][3]
         RAM/mem_reg[217][3]
         RAM/mem_reg[218][3]
         RAM/mem_reg[219][3]
         RAM/mem_reg[212][3]
         RAM/mem_reg[213][3]
         RAM/mem_reg[214][3]
         RAM/mem_reg[215][3]
         RAM/mem_reg[224][3]
         RAM/mem_reg[225][3]
         RAM/mem_reg[226][3]
         RAM/mem_reg[227][3]
         RAM/mem_reg[232][3]
         RAM/mem_reg[233][3]
         RAM/mem_reg[234][3]
         RAM/mem_reg[235][3]
         RAM/mem_reg[228][3]
         RAM/mem_reg[229][3]
         RAM/mem_reg[230][3]
         RAM/mem_reg[231][3]
         RAM/mem_reg[236][3]
         RAM/mem_reg[237][3]
         RAM/mem_reg[238][3]
         RAM/mem_reg[239][3]
         RAM/mem_reg[240][3]
         RAM/mem_reg[241][3]
         RAM/mem_reg[242][3]
         RAM/mem_reg[243][3]
         RAM/mem_reg[248][3]
         RAM/mem_reg[249][3]
         RAM/mem_reg[250][3]
         RAM/mem_reg[251][3]
         RAM/mem_reg[244][3]
         RAM/mem_reg[245][3]
         RAM/mem_reg[246][3]
         RAM/mem_reg[247][3]
         RAM/mem_reg[252][3]
         RAM/mem_reg[253][3]
         RAM/mem_reg[254][3]
         RAM/mem_reg[255][3]
         RAM/mem_reg[192][3]
         RAM/mem_reg[193][3]
         RAM/mem_reg[194][3]
         RAM/mem_reg[195][3]
         RAM/mem_reg[200][3]
         RAM/mem_reg[201][3]
         RAM/mem_reg[202][3]
         RAM/mem_reg[203][3]
         RAM/mem_reg[196][3]
         RAM/mem_reg[197][3]
         RAM/mem_reg[198][3]
         RAM/mem_reg[199][3]
         RAM/mem_reg[204][3]
         RAM/mem_reg[205][3]
         RAM/mem_reg[206][3]
         RAM/mem_reg[207][3]
         RAM/mem_reg[12][3]
         RAM/mem_reg[13][3]
         RAM/mem_reg[14][3]
         RAM/mem_reg[15][3]
         RAM/mem_reg[44][3]
         RAM/mem_reg[45][3]
         RAM/mem_reg[46][3]
         RAM/mem_reg[47][3]
         RAM/mem_reg[28][3]
         RAM/mem_reg[29][3]
         RAM/mem_reg[30][3]
         RAM/mem_reg[31][3]
         RAM/mem_reg[60][3]
         RAM/mem_reg[61][3]
         RAM/mem_reg[62][3]
         RAM/mem_reg[63][3]
         RAM/mem_reg[140][3]
         RAM/mem_reg[141][3]
         RAM/mem_reg[142][3]
         RAM/mem_reg[143][3]
         RAM/mem_reg[172][3]
         RAM/mem_reg[173][3]
         RAM/mem_reg[174][3]
         RAM/mem_reg[175][3]
         RAM/mem_reg[156][3]
         RAM/mem_reg[157][3]
         RAM/mem_reg[158][3]
         RAM/mem_reg[159][3]
         RAM/mem_reg[188][3]
         RAM/mem_reg[189][3]
         RAM/mem_reg[190][3]
         RAM/mem_reg[191][3]
         RAM/mem_reg[176][2]
         RAM/mem_reg[177][2]
         RAM/mem_reg[178][2]
         RAM/mem_reg[179][2]
         RAM/mem_reg[184][2]
         RAM/mem_reg[185][2]
         RAM/mem_reg[186][2]
         RAM/mem_reg[187][2]
         RAM/mem_reg[180][2]
         RAM/mem_reg[181][2]
         RAM/mem_reg[182][2]
         RAM/mem_reg[183][2]
         RAM/mem_reg[128][2]
         RAM/mem_reg[129][2]
         RAM/mem_reg[130][2]
         RAM/mem_reg[131][2]
         RAM/mem_reg[140][2]
         RAM/mem_reg[141][2]
         RAM/mem_reg[142][2]
         RAM/mem_reg[143][2]
         RAM/mem_reg[136][2]
         RAM/mem_reg[137][2]
         RAM/mem_reg[138][2]
         RAM/mem_reg[139][2]
         RAM/mem_reg[132][2]
         RAM/mem_reg[133][2]
         RAM/mem_reg[134][2]
         RAM/mem_reg[135][2]
         RAM/mem_reg[160][2]
         RAM/mem_reg[161][2]
         RAM/mem_reg[162][2]
         RAM/mem_reg[163][2]
         RAM/mem_reg[168][2]
         RAM/mem_reg[169][2]
         RAM/mem_reg[170][2]
         RAM/mem_reg[171][2]
         RAM/mem_reg[164][2]
         RAM/mem_reg[165][2]
         RAM/mem_reg[166][2]
         RAM/mem_reg[167][2]
         RAM/mem_reg[172][2]
         RAM/mem_reg[173][2]
         RAM/mem_reg[174][2]
         RAM/mem_reg[175][2]
         RAM/mem_reg[144][2]
         RAM/mem_reg[145][2]
         RAM/mem_reg[146][2]
         RAM/mem_reg[147][2]
         RAM/mem_reg[152][2]
         RAM/mem_reg[153][2]
         RAM/mem_reg[154][2]
         RAM/mem_reg[155][2]
         RAM/mem_reg[148][2]
         RAM/mem_reg[149][2]
         RAM/mem_reg[150][2]
         RAM/mem_reg[151][2]
         RAM/mem_reg[156][2]
         RAM/mem_reg[157][2]
         RAM/mem_reg[158][2]
         RAM/mem_reg[159][2]
         RAM/mem_reg[240][2]
         RAM/mem_reg[241][2]
         RAM/mem_reg[242][2]
         RAM/mem_reg[243][2]
         RAM/mem_reg[248][2]
         RAM/mem_reg[249][2]
         RAM/mem_reg[250][2]
         RAM/mem_reg[251][2]
         RAM/mem_reg[244][2]
         RAM/mem_reg[245][2]
         RAM/mem_reg[246][2]
         RAM/mem_reg[247][2]
         RAM/mem_reg[192][2]
         RAM/mem_reg[193][2]
         RAM/mem_reg[194][2]
         RAM/mem_reg[195][2]
         RAM/mem_reg[200][2]
         RAM/mem_reg[201][2]
         RAM/mem_reg[202][2]
         RAM/mem_reg[203][2]
         RAM/mem_reg[196][2]
         RAM/mem_reg[197][2]
         RAM/mem_reg[198][2]
         RAM/mem_reg[199][2]
         RAM/mem_reg[204][2]
         RAM/mem_reg[205][2]
         RAM/mem_reg[206][2]
         RAM/mem_reg[207][2]
         RAM/mem_reg[224][2]
         RAM/mem_reg[225][2]
         RAM/mem_reg[226][2]
         RAM/mem_reg[227][2]
         RAM/mem_reg[232][2]
         RAM/mem_reg[233][2]
         RAM/mem_reg[234][2]
         RAM/mem_reg[235][2]
         RAM/mem_reg[228][2]
         RAM/mem_reg[229][2]
         RAM/mem_reg[230][2]
         RAM/mem_reg[231][2]
         RAM/mem_reg[236][2]
         RAM/mem_reg[237][2]
         RAM/mem_reg[238][2]
         RAM/mem_reg[239][2]
         RAM/mem_reg[208][2]
         RAM/mem_reg[209][2]
         RAM/mem_reg[210][2]
         RAM/mem_reg[211][2]
         RAM/mem_reg[216][2]
         RAM/mem_reg[217][2]
         RAM/mem_reg[218][2]
         RAM/mem_reg[219][2]
         RAM/mem_reg[212][2]
         RAM/mem_reg[213][2]
         RAM/mem_reg[214][2]
         RAM/mem_reg[215][2]
         RAM/mem_reg[220][2]
         RAM/mem_reg[221][2]
         RAM/mem_reg[222][2]
         RAM/mem_reg[223][2]
         RAM/mem_reg[12][2]
         RAM/mem_reg[13][2]
         RAM/mem_reg[14][2]
         RAM/mem_reg[15][2]
         RAM/mem_reg[44][2]
         RAM/mem_reg[45][2]
         RAM/mem_reg[46][2]
         RAM/mem_reg[47][2]
         RAM/mem_reg[28][2]
         RAM/mem_reg[29][2]
         RAM/mem_reg[30][2]
         RAM/mem_reg[31][2]
         RAM/mem_reg[60][2]
         RAM/mem_reg[61][2]
         RAM/mem_reg[62][2]
         RAM/mem_reg[63][2]
         RAM/mem_reg[68][2]
         RAM/mem_reg[69][2]
         RAM/mem_reg[70][2]
         RAM/mem_reg[71][2]
         RAM/mem_reg[108][2]
         RAM/mem_reg[109][2]
         RAM/mem_reg[110][2]
         RAM/mem_reg[111][2]
         RAM/mem_reg[84][2]
         RAM/mem_reg[85][2]
         RAM/mem_reg[86][2]
         RAM/mem_reg[87][2]
         RAM/mem_reg[120][2]
         RAM/mem_reg[121][2]
         RAM/mem_reg[122][2]
         RAM/mem_reg[123][2]
         RAM/mem_reg[32][1]
         RAM/mem_reg[33][1]
         RAM/mem_reg[34][1]
         RAM/mem_reg[35][1]
         RAM/mem_reg[36][1]
         RAM/mem_reg[37][1]
         RAM/mem_reg[38][1]
         RAM/mem_reg[39][1]
         RAM/mem_reg[40][1]
         RAM/mem_reg[41][1]
         RAM/mem_reg[42][1]
         RAM/mem_reg[43][1]
         RAM/mem_reg[48][1]
         RAM/mem_reg[49][1]
         RAM/mem_reg[50][1]
         RAM/mem_reg[51][1]
         RAM/mem_reg[52][1]
         RAM/mem_reg[53][1]
         RAM/mem_reg[54][1]
         RAM/mem_reg[55][1]
         RAM/mem_reg[56][1]
         RAM/mem_reg[57][1]
         RAM/mem_reg[58][1]
         RAM/mem_reg[59][1]
         RAM/mem_reg[60][1]
         RAM/mem_reg[61][1]
         RAM/mem_reg[62][1]
         RAM/mem_reg[63][1]
         RAM/mem_reg[0][1]
         RAM/mem_reg[1][1]
         RAM/mem_reg[2][1]
         RAM/mem_reg[3][1]
         RAM/mem_reg[8][1]
         RAM/mem_reg[9][1]
         RAM/mem_reg[10][1]
         RAM/mem_reg[11][1]
         RAM/mem_reg[4][1]
         RAM/mem_reg[5][1]
         RAM/mem_reg[6][1]
         RAM/mem_reg[7][1]
         RAM/mem_reg[12][1]
         RAM/mem_reg[13][1]
         RAM/mem_reg[14][1]
         RAM/mem_reg[15][1]
         RAM/mem_reg[24][1]
         RAM/mem_reg[25][1]
         RAM/mem_reg[26][1]
         RAM/mem_reg[27][1]
         RAM/mem_reg[28][1]
         RAM/mem_reg[29][1]
         RAM/mem_reg[30][1]
         RAM/mem_reg[31][1]
         RAM/mem_reg[16][1]
         RAM/mem_reg[17][1]
         RAM/mem_reg[18][1]
         RAM/mem_reg[19][1]
         RAM/mem_reg[20][1]
         RAM/mem_reg[21][1]
         RAM/mem_reg[22][1]
         RAM/mem_reg[23][1]
         RAM/mem_reg[220][1]
         RAM/mem_reg[221][1]
         RAM/mem_reg[222][1]
         RAM/mem_reg[223][1]
         RAM/mem_reg[208][1]
         RAM/mem_reg[209][1]
         RAM/mem_reg[210][1]
         RAM/mem_reg[211][1]
         RAM/mem_reg[216][1]
         RAM/mem_reg[217][1]
         RAM/mem_reg[218][1]
         RAM/mem_reg[219][1]
         RAM/mem_reg[196][1]
         RAM/mem_reg[197][1]
         RAM/mem_reg[198][1]
         RAM/mem_reg[199][1]
         RAM/mem_reg[192][1]
         RAM/mem_reg[193][1]
         RAM/mem_reg[194][1]
         RAM/mem_reg[195][1]
         RAM/mem_reg[204][1]
         RAM/mem_reg[205][1]
         RAM/mem_reg[206][1]
         RAM/mem_reg[207][1]
         RAM/mem_reg[200][1]
         RAM/mem_reg[201][1]
         RAM/mem_reg[202][1]
         RAM/mem_reg[203][1]
         RAM/mem_reg[224][1]
         RAM/mem_reg[225][1]
         RAM/mem_reg[226][1]
         RAM/mem_reg[227][1]
         RAM/mem_reg[228][1]
         RAM/mem_reg[229][1]
         RAM/mem_reg[230][1]
         RAM/mem_reg[231][1]
         RAM/mem_reg[236][1]
         RAM/mem_reg[237][1]
         RAM/mem_reg[238][1]
         RAM/mem_reg[239][1]
         RAM/mem_reg[232][1]
         RAM/mem_reg[233][1]
         RAM/mem_reg[234][1]
         RAM/mem_reg[235][1]
         RAM/mem_reg[252][1]
         RAM/mem_reg[253][1]
         RAM/mem_reg[254][1]
         RAM/mem_reg[255][1]
         RAM/mem_reg[244][1]
         RAM/mem_reg[245][1]
         RAM/mem_reg[246][1]
         RAM/mem_reg[247][1]
         RAM/mem_reg[248][1]
         RAM/mem_reg[249][1]
         RAM/mem_reg[250][1]
         RAM/mem_reg[251][1]
         RAM/mem_reg[240][1]
         RAM/mem_reg[241][1]
         RAM/mem_reg[242][1]
         RAM/mem_reg[243][1]
         RAM/mem_reg[108][1]
         RAM/mem_reg[109][1]
         RAM/mem_reg[110][1]
         RAM/mem_reg[111][1]
         RAM/mem_reg[124][1]
         RAM/mem_reg[125][1]
         RAM/mem_reg[126][1]
         RAM/mem_reg[127][1]
         RAM/mem_reg[92][1]
         RAM/mem_reg[93][1]
         RAM/mem_reg[94][1]
         RAM/mem_reg[95][1]
         RAM/mem_reg[72][1]
         RAM/mem_reg[73][1]
         RAM/mem_reg[74][1]
         RAM/mem_reg[75][1]
         RAM/mem_reg[140][1]
         RAM/mem_reg[141][1]
         RAM/mem_reg[142][1]
         RAM/mem_reg[143][1]
         RAM/mem_reg[172][1]
         RAM/mem_reg[173][1]
         RAM/mem_reg[174][1]
         RAM/mem_reg[175][1]
         RAM/mem_reg[188][1]
         RAM/mem_reg[189][1]
         RAM/mem_reg[190][1]
         RAM/mem_reg[191][1]
         RAM/mem_reg[144][1]
         RAM/mem_reg[145][1]
         RAM/mem_reg[146][1]
         RAM/mem_reg[147][1]
         RAM/mem_reg[64][0]
         RAM/mem_reg[65][0]
         RAM/mem_reg[66][0]
         RAM/mem_reg[67][0]
         RAM/mem_reg[72][0]
         RAM/mem_reg[73][0]
         RAM/mem_reg[74][0]
         RAM/mem_reg[75][0]
         RAM/mem_reg[68][0]
         RAM/mem_reg[69][0]
         RAM/mem_reg[70][0]
         RAM/mem_reg[71][0]
         RAM/mem_reg[100][0]
         RAM/mem_reg[101][0]
         RAM/mem_reg[102][0]
         RAM/mem_reg[103][0]
         RAM/mem_reg[96][0]
         RAM/mem_reg[97][0]
         RAM/mem_reg[98][0]
         RAM/mem_reg[99][0]
         RAM/mem_reg[104][0]
         RAM/mem_reg[105][0]
         RAM/mem_reg[106][0]
         RAM/mem_reg[107][0]
         RAM/mem_reg[108][0]
         RAM/mem_reg[109][0]
         RAM/mem_reg[110][0]
         RAM/mem_reg[111][0]
         RAM/mem_reg[80][0]
         RAM/mem_reg[81][0]
         RAM/mem_reg[82][0]
         RAM/mem_reg[83][0]
         RAM/mem_reg[84][0]
         RAM/mem_reg[85][0]
         RAM/mem_reg[86][0]
         RAM/mem_reg[87][0]
         RAM/mem_reg[88][0]
         RAM/mem_reg[89][0]
         RAM/mem_reg[90][0]
         RAM/mem_reg[91][0]
         RAM/mem_reg[92][0]
         RAM/mem_reg[93][0]
         RAM/mem_reg[94][0]
         RAM/mem_reg[95][0]
         RAM/mem_reg[120][0]
         RAM/mem_reg[121][0]
         RAM/mem_reg[122][0]
         RAM/mem_reg[123][0]
         RAM/mem_reg[112][0]
         RAM/mem_reg[113][0]
         RAM/mem_reg[114][0]
         RAM/mem_reg[115][0]
         RAM/mem_reg[116][0]
         RAM/mem_reg[117][0]
         RAM/mem_reg[118][0]
         RAM/mem_reg[119][0]
         RAM/mem_reg[124][0]
         RAM/mem_reg[125][0]
         RAM/mem_reg[126][0]
         RAM/mem_reg[127][0]
         RAM/mem_reg[60][0]
         RAM/mem_reg[61][0]
         RAM/mem_reg[62][0]
         RAM/mem_reg[63][0]
         RAM/mem_reg[56][0]
         RAM/mem_reg[57][0]
         RAM/mem_reg[58][0]
         RAM/mem_reg[59][0]
         RAM/mem_reg[48][0]
         RAM/mem_reg[49][0]
         RAM/mem_reg[50][0]
         RAM/mem_reg[51][0]
         RAM/mem_reg[0][0]
         RAM/mem_reg[1][0]
         RAM/mem_reg[2][0]
         RAM/mem_reg[3][0]
         RAM/mem_reg[4][0]
         RAM/mem_reg[5][0]
         RAM/mem_reg[6][0]
         RAM/mem_reg[7][0]
         RAM/mem_reg[8][0]
         RAM/mem_reg[9][0]
         RAM/mem_reg[10][0]
         RAM/mem_reg[11][0]
         RAM/mem_reg[12][0]
         RAM/mem_reg[13][0]
         RAM/mem_reg[14][0]
         RAM/mem_reg[15][0]
         RAM/mem_reg[16][0]
         RAM/mem_reg[17][0]
         RAM/mem_reg[18][0]
         RAM/mem_reg[19][0]
         RAM/mem_reg[20][0]
         RAM/mem_reg[21][0]
         RAM/mem_reg[22][0]
         RAM/mem_reg[23][0]
         RAM/mem_reg[28][0]
         RAM/mem_reg[29][0]
         RAM/mem_reg[30][0]
         RAM/mem_reg[31][0]
         RAM/mem_reg[24][0]
         RAM/mem_reg[25][0]
         RAM/mem_reg[26][0]
         RAM/mem_reg[27][0]
         RAM/mem_reg[32][0]
         RAM/mem_reg[33][0]
         RAM/mem_reg[34][0]
         RAM/mem_reg[35][0]
         RAM/mem_reg[36][0]
         RAM/mem_reg[37][0]
         RAM/mem_reg[38][0]
         RAM/mem_reg[39][0]
         RAM/mem_reg[40][0]
         RAM/mem_reg[41][0]
         RAM/mem_reg[42][0]
         RAM/mem_reg[43][0]
         RAM/mem_reg[44][0]
         RAM/mem_reg[45][0]
         RAM/mem_reg[46][0]
         RAM/mem_reg[47][0]
         RAM/mem_reg[140][0]
         RAM/mem_reg[141][0]
         RAM/mem_reg[142][0]
         RAM/mem_reg[143][0]
         RAM/mem_reg[172][0]
         RAM/mem_reg[173][0]
         RAM/mem_reg[174][0]
         RAM/mem_reg[175][0]
         RAM/mem_reg[156][0]
         RAM/mem_reg[157][0]
         RAM/mem_reg[158][0]
         RAM/mem_reg[159][0]
         RAM/mem_reg[188][0]
         RAM/mem_reg[189][0]
         RAM/mem_reg[190][0]
         RAM/mem_reg[191][0]
         RAM/mem_reg[204][0]
         RAM/mem_reg[205][0]
         RAM/mem_reg[206][0]
         RAM/mem_reg[207][0]
         RAM/mem_reg[236][0]
         RAM/mem_reg[237][0]
         RAM/mem_reg[238][0]
         RAM/mem_reg[239][0]
         RAM/mem_reg[220][0]
         RAM/mem_reg[221][0]
         RAM/mem_reg[222][0]
         RAM/mem_reg[223][0]
         RAM/mem_reg[252][0]
         RAM/mem_reg[253][0]
         RAM/mem_reg[254][0]
         RAM/mem_reg[255][0]
         RAM/mem_reg[252][7]
         RAM/mem_reg[253][7]
         RAM/mem_reg[254][7]
         RAM/mem_reg[255][7]
         RAM/mem_reg[28][7]
         RAM/mem_reg[29][7]
         RAM/mem_reg[30][7]
         RAM/mem_reg[31][7]
         RAM/mem_reg[188][6]
         RAM/mem_reg[189][6]
         RAM/mem_reg[190][6]
         RAM/mem_reg[191][6]
         RAM/mem_reg[252][6]
         RAM/mem_reg[253][6]
         RAM/mem_reg[254][6]
         RAM/mem_reg[255][6]
         RAM/mem_reg[60][5]
         RAM/mem_reg[61][5]
         RAM/mem_reg[62][5]
         RAM/mem_reg[63][5]
         RAM/mem_reg[92][5]
         RAM/mem_reg[93][5]
         RAM/mem_reg[94][5]
         RAM/mem_reg[95][5]
         RAM/mem_reg[188][4]
         RAM/mem_reg[189][4]
         RAM/mem_reg[190][4]
         RAM/mem_reg[191][4]
         RAM/mem_reg[252][4]
         RAM/mem_reg[253][4]
         RAM/mem_reg[254][4]
         RAM/mem_reg[255][4]
         RAM/mem_reg[124][3]
         RAM/mem_reg[125][3]
         RAM/mem_reg[126][3]
         RAM/mem_reg[127][3]
         RAM/mem_reg[220][3]
         RAM/mem_reg[221][3]
         RAM/mem_reg[222][3]
         RAM/mem_reg[223][3]
         RAM/mem_reg[188][2]
         RAM/mem_reg[189][2]
         RAM/mem_reg[190][2]
         RAM/mem_reg[191][2]
         RAM/mem_reg[252][2]
         RAM/mem_reg[253][2]
         RAM/mem_reg[254][2]
         RAM/mem_reg[255][2]
         RAM/mem_reg[44][1]
         RAM/mem_reg[45][1]
         RAM/mem_reg[46][1]
         RAM/mem_reg[47][1]
         RAM/mem_reg[212][1]
         RAM/mem_reg[213][1]
         RAM/mem_reg[214][1]
         RAM/mem_reg[215][1]
         RAM/mem_reg[76][0]
         RAM/mem_reg[77][0]
         RAM/mem_reg[78][0]
         RAM/mem_reg[79][0]
         RAM/mem_reg[52][0]
         RAM/mem_reg[53][0]
         RAM/mem_reg[54][0]
         RAM/mem_reg[55][0]
         RAM/addr_internal_reg[3]
         RAM/addr_internal_reg[2]
         RAM/addr_internal_reg[5]
         RAM/addr_internal_reg[0]
         RAM/addr_internal_reg[1]

....Inferring feed-through connections....
Information: Test design rule checking completed. (TEST-123)
  Running test coverage estimation...
 62754 faults were added to fault list.
 ATPG performed for stuck fault model using internal pattern source.
 ----------------------------------------------------------
 #patterns     #faults     #ATPG faults  test      process
 stored     detect/active  red/au/abort  coverage  CPU time
 ---------  -------------  ------------  --------  --------
 Begin deterministic ATPG: #uncollapsed_faults=19471, abort_limit=10...
 0           18099   1372         0/0/0    96.38%      0.03
 0            1103    266         3/0/0    99.27%      0.05
 0             118     43        64/0/1    99.86%      0.43
 0              18      1        79/1/1    99.96%      0.45
 
            Pattern Summary Report
 -----------------------------------------------
 #internal patterns                           0
 -----------------------------------------------
 

     Uncollapsed Stuck Fault Summary Report
 -----------------------------------------------
 fault class                     code   #faults
 ------------------------------  ----  ---------
 Detected                         DT      38109
 Possibly detected                PT          0
 Undetectable                     UD      24629
 ATPG untestable                  AU         15
 Not detected                     ND          1
 -----------------------------------------------
 total faults                             62754
 test coverage                            99.96%
 -----------------------------------------------
  Information: The test coverage above may be inferior
               than the real test coverage with customized
               protocol and test simulation library.
1
