 
****************************************
Report : timing
        -path full
        -delay max
        -max_paths 100
Design : SPI_Wrapper
Version: K-2015.06
Date   : Wed Aug 19 03:47:15 2026
****************************************

 # A fanout number of 1000 was used for high fanout net computations.

Operating Conditions: scmetro_tsmc_cl013g_rvt_ss_1p08v_125c   Library: scmetro_tsmc_cl013g_rvt_ss_1p08v_125c
Wire Load Model Mode: top

  Startpoint: MOSI (input port clocked by clk)
  Endpoint: RAM/mem_reg_0__2_
            (rising edge-triggered flip-flop clocked by clk)
  Path Group: clk
  Path Type: max

  Des/Clust/Port     Wire Load Model       Library
  ------------------------------------------------
  SPI_Wrapper        tsmc13_wl30           scmetro_tsmc_cl013g_rvt_ff_1p32v_m40c

  Point                                                   Incr       Path
  --------------------------------------------------------------------------
  clock clk (rise edge)                                   0.00       0.00
  clock network delay (ideal)                             0.00       0.00
  input external delay                                   20.00      20.00 r
  MOSI (in)                                               0.17      20.17 r
  U4/Y (CLKBUFX2M)                                        0.65      20.82 r
  SPI_slave/MOSI (SPI_Slave_test_1)                       0.00      20.82 r
  SPI_slave/U8/Y (INVXLM)                                 0.59      21.41 f
  SPI_slave/U27/Y (NOR3X6M)                               0.85      22.26 r
  SPI_slave/U37/Y (CLKINVX2M)                             0.99      23.25 f
  SPI_slave/U44/Y (NOR3X4M)                               0.89      24.14 r
  SPI_slave/rx_data[2] (SPI_Slave_test_1)                 0.00      24.14 r
  RAM/din[2] (single_port_Ram_test_1)                     0.00      24.14 r
  RAM/U6776/Y (CLKINVX2M)                                 1.07      25.21 f
  RAM/U6751/Y (CLKBUFX2M)                                 1.05      26.26 f
  RAM/U6750/Y (CLKBUFX2M)                                 1.06      27.32 f
  RAM/U6553/Y (CLKBUFX8M)                                 1.08      28.39 f
  RAM/U6549/Y (CLKBUFX8M)                                 1.08      29.47 f
  RAM/U6573/Y (CLKBUFX6M)                                 1.07      30.54 f
  RAM/U6914/Y (OAI2BB2X1M)                                0.93      31.48 r
  RAM/mem_reg_0__2_/D (SDFFRQX1M)                         0.00      31.48 r
  data arrival time                                                 31.48

  clock clk (rise edge)                                 100.00     100.00
  clock network delay (ideal)                             0.00     100.00
  clock uncertainty                                      -0.20      99.80
  RAM/mem_reg_0__2_/CK (SDFFRQX1M)                        0.00      99.80 r
  library setup time                                     -0.41      99.39
  data required time                                                99.39
  --------------------------------------------------------------------------
  data required time                                                99.39
  data arrival time                                                -31.48
  --------------------------------------------------------------------------
  slack (MET)                                                       67.92


  Startpoint: MOSI (input port clocked by clk)
  Endpoint: RAM/mem_reg_1__2_
            (rising edge-triggered flip-flop clocked by clk)
  Path Group: clk
  Path Type: max

  Des/Clust/Port     Wire Load Model       Library
  ------------------------------------------------
  SPI_Wrapper        tsmc13_wl30           scmetro_tsmc_cl013g_rvt_ff_1p32v_m40c

  Point                                                   Incr       Path
  --------------------------------------------------------------------------
  clock clk (rise edge)                                   0.00       0.00
  clock network delay (ideal)                             0.00       0.00
  input external delay                                   20.00      20.00 r
  MOSI (in)                                               0.17      20.17 r
  U4/Y (CLKBUFX2M)                                        0.65      20.82 r
  SPI_slave/MOSI (SPI_Slave_test_1)                       0.00      20.82 r
  SPI_slave/U8/Y (INVXLM)                                 0.59      21.41 f
  SPI_slave/U27/Y (NOR3X6M)                               0.85      22.26 r
  SPI_slave/U37/Y (CLKINVX2M)                             0.99      23.25 f
  SPI_slave/U44/Y (NOR3X4M)                               0.89      24.14 r
  SPI_slave/rx_data[2] (SPI_Slave_test_1)                 0.00      24.14 r
  RAM/din[2] (single_port_Ram_test_1)                     0.00      24.14 r
  RAM/U6776/Y (CLKINVX2M)                                 1.07      25.21 f
  RAM/U6751/Y (CLKBUFX2M)                                 1.05      26.26 f
  RAM/U6750/Y (CLKBUFX2M)                                 1.06      27.32 f
  RAM/U6553/Y (CLKBUFX8M)                                 1.08      28.39 f
  RAM/U6549/Y (CLKBUFX8M)                                 1.08      29.47 f
  RAM/U6573/Y (CLKBUFX6M)                                 1.07      30.54 f
  RAM/U6922/Y (OAI2BB2X1M)                                0.93      31.48 r
  RAM/mem_reg_1__2_/D (SDFFRQX1M)                         0.00      31.48 r
  data arrival time                                                 31.48

  clock clk (rise edge)                                 100.00     100.00
  clock network delay (ideal)                             0.00     100.00
  clock uncertainty                                      -0.20      99.80
  RAM/mem_reg_1__2_/CK (SDFFRQX1M)                        0.00      99.80 r
  library setup time                                     -0.41      99.39
  data required time                                                99.39
  --------------------------------------------------------------------------
  data required time                                                99.39
  data arrival time                                                -31.48
  --------------------------------------------------------------------------
  slack (MET)                                                       67.92


  Startpoint: MOSI (input port clocked by clk)
  Endpoint: RAM/mem_reg_2__2_
            (rising edge-triggered flip-flop clocked by clk)
  Path Group: clk
  Path Type: max

  Des/Clust/Port     Wire Load Model       Library
  ------------------------------------------------
  SPI_Wrapper        tsmc13_wl30           scmetro_tsmc_cl013g_rvt_ff_1p32v_m40c

  Point                                                   Incr       Path
  --------------------------------------------------------------------------
  clock clk (rise edge)                                   0.00       0.00
  clock network delay (ideal)                             0.00       0.00
  input external delay                                   20.00      20.00 r
  MOSI (in)                                               0.17      20.17 r
  U4/Y (CLKBUFX2M)                                        0.65      20.82 r
  SPI_slave/MOSI (SPI_Slave_test_1)                       0.00      20.82 r
  SPI_slave/U8/Y (INVXLM)                                 0.59      21.41 f
  SPI_slave/U27/Y (NOR3X6M)                               0.85      22.26 r
  SPI_slave/U37/Y (CLKINVX2M)                             0.99      23.25 f
  SPI_slave/U44/Y (NOR3X4M)                               0.89      24.14 r
  SPI_slave/rx_data[2] (SPI_Slave_test_1)                 0.00      24.14 r
  RAM/din[2] (single_port_Ram_test_1)                     0.00      24.14 r
  RAM/U6776/Y (CLKINVX2M)                                 1.07      25.21 f
  RAM/U6751/Y (CLKBUFX2M)                                 1.05      26.26 f
  RAM/U6750/Y (CLKBUFX2M)                                 1.06      27.32 f
  RAM/U6553/Y (CLKBUFX8M)                                 1.08      28.39 f
  RAM/U6549/Y (CLKBUFX8M)                                 1.08      29.47 f
  RAM/U6573/Y (CLKBUFX6M)                                 1.07      30.54 f
  RAM/U6930/Y (OAI2BB2X1M)                                0.93      31.48 r
  RAM/mem_reg_2__2_/D (SDFFRQX1M)                         0.00      31.48 r
  data arrival time                                                 31.48

  clock clk (rise edge)                                 100.00     100.00
  clock network delay (ideal)                             0.00     100.00
  clock uncertainty                                      -0.20      99.80
  RAM/mem_reg_2__2_/CK (SDFFRQX1M)                        0.00      99.80 r
  library setup time                                     -0.41      99.39
  data required time                                                99.39
  --------------------------------------------------------------------------
  data required time                                                99.39
  data arrival time                                                -31.48
  --------------------------------------------------------------------------
  slack (MET)                                                       67.92


  Startpoint: MOSI (input port clocked by clk)
  Endpoint: RAM/mem_reg_3__2_
            (rising edge-triggered flip-flop clocked by clk)
  Path Group: clk
  Path Type: max

  Des/Clust/Port     Wire Load Model       Library
  ------------------------------------------------
  SPI_Wrapper        tsmc13_wl30           scmetro_tsmc_cl013g_rvt_ff_1p32v_m40c

  Point                                                   Incr       Path
  --------------------------------------------------------------------------
  clock clk (rise edge)                                   0.00       0.00
  clock network delay (ideal)                             0.00       0.00
  input external delay                                   20.00      20.00 r
  MOSI (in)                                               0.17      20.17 r
  U4/Y (CLKBUFX2M)                                        0.65      20.82 r
  SPI_slave/MOSI (SPI_Slave_test_1)                       0.00      20.82 r
  SPI_slave/U8/Y (INVXLM)                                 0.59      21.41 f
  SPI_slave/U27/Y (NOR3X6M)                               0.85      22.26 r
  SPI_slave/U37/Y (CLKINVX2M)                             0.99      23.25 f
  SPI_slave/U44/Y (NOR3X4M)                               0.89      24.14 r
  SPI_slave/rx_data[2] (SPI_Slave_test_1)                 0.00      24.14 r
  RAM/din[2] (single_port_Ram_test_1)                     0.00      24.14 r
  RAM/U6776/Y (CLKINVX2M)                                 1.07      25.21 f
  RAM/U6751/Y (CLKBUFX2M)                                 1.05      26.26 f
  RAM/U6750/Y (CLKBUFX2M)                                 1.06      27.32 f
  RAM/U6553/Y (CLKBUFX8M)                                 1.08      28.39 f
  RAM/U6549/Y (CLKBUFX8M)                                 1.08      29.47 f
  RAM/U6573/Y (CLKBUFX6M)                                 1.07      30.54 f
  RAM/U6938/Y (OAI2BB2X1M)                                0.93      31.48 r
  RAM/mem_reg_3__2_/D (SDFFRQX1M)                         0.00      31.48 r
  data arrival time                                                 31.48

  clock clk (rise edge)                                 100.00     100.00
  clock network delay (ideal)                             0.00     100.00
  clock uncertainty                                      -0.20      99.80
  RAM/mem_reg_3__2_/CK (SDFFRQX1M)                        0.00      99.80 r
  library setup time                                     -0.41      99.39
  data required time                                                99.39
  --------------------------------------------------------------------------
  data required time                                                99.39
  data arrival time                                                -31.48
  --------------------------------------------------------------------------
  slack (MET)                                                       67.92


  Startpoint: MOSI (input port clocked by clk)
  Endpoint: RAM/mem_reg_4__2_
            (rising edge-triggered flip-flop clocked by clk)
  Path Group: clk
  Path Type: max

  Des/Clust/Port     Wire Load Model       Library
  ------------------------------------------------
  SPI_Wrapper        tsmc13_wl30           scmetro_tsmc_cl013g_rvt_ff_1p32v_m40c

  Point                                                   Incr       Path
  --------------------------------------------------------------------------
  clock clk (rise edge)                                   0.00       0.00
  clock network delay (ideal)                             0.00       0.00
  input external delay                                   20.00      20.00 r
  MOSI (in)                                               0.17      20.17 r
  U4/Y (CLKBUFX2M)                                        0.65      20.82 r
  SPI_slave/MOSI (SPI_Slave_test_1)                       0.00      20.82 r
  SPI_slave/U8/Y (INVXLM)                                 0.59      21.41 f
  SPI_slave/U27/Y (NOR3X6M)                               0.85      22.26 r
  SPI_slave/U37/Y (CLKINVX2M)                             0.99      23.25 f
  SPI_slave/U44/Y (NOR3X4M)                               0.89      24.14 r
  SPI_slave/rx_data[2] (SPI_Slave_test_1)                 0.00      24.14 r
  RAM/din[2] (single_port_Ram_test_1)                     0.00      24.14 r
  RAM/U6776/Y (CLKINVX2M)                                 1.07      25.21 f
  RAM/U6751/Y (CLKBUFX2M)                                 1.05      26.26 f
  RAM/U6750/Y (CLKBUFX2M)                                 1.06      27.32 f
  RAM/U6553/Y (CLKBUFX8M)                                 1.08      28.39 f
  RAM/U6549/Y (CLKBUFX8M)                                 1.08      29.47 f
  RAM/U6573/Y (CLKBUFX6M)                                 1.07      30.54 f
  RAM/U6946/Y (OAI2BB2X1M)                                0.93      31.48 r
  RAM/mem_reg_4__2_/D (SDFFRQX1M)                         0.00      31.48 r
  data arrival time                                                 31.48

  clock clk (rise edge)                                 100.00     100.00
  clock network delay (ideal)                             0.00     100.00
  clock uncertainty                                      -0.20      99.80
  RAM/mem_reg_4__2_/CK (SDFFRQX1M)                        0.00      99.80 r
  library setup time                                     -0.41      99.39
  data required time                                                99.39
  --------------------------------------------------------------------------
  data required time                                                99.39
  data arrival time                                                -31.48
  --------------------------------------------------------------------------
  slack (MET)                                                       67.92


  Startpoint: MOSI (input port clocked by clk)
  Endpoint: RAM/mem_reg_5__2_
            (rising edge-triggered flip-flop clocked by clk)
  Path Group: clk
  Path Type: max

  Des/Clust/Port     Wire Load Model       Library
  ------------------------------------------------
  SPI_Wrapper        tsmc13_wl30           scmetro_tsmc_cl013g_rvt_ff_1p32v_m40c

  Point                                                   Incr       Path
  --------------------------------------------------------------------------
  clock clk (rise edge)                                   0.00       0.00
  clock network delay (ideal)                             0.00       0.00
  input external delay                                   20.00      20.00 r
  MOSI (in)                                               0.17      20.17 r
  U4/Y (CLKBUFX2M)                                        0.65      20.82 r
  SPI_slave/MOSI (SPI_Slave_test_1)                       0.00      20.82 r
  SPI_slave/U8/Y (INVXLM)                                 0.59      21.41 f
  SPI_slave/U27/Y (NOR3X6M)                               0.85      22.26 r
  SPI_slave/U37/Y (CLKINVX2M)                             0.99      23.25 f
  SPI_slave/U44/Y (NOR3X4M)                               0.89      24.14 r
  SPI_slave/rx_data[2] (SPI_Slave_test_1)                 0.00      24.14 r
  RAM/din[2] (single_port_Ram_test_1)                     0.00      24.14 r
  RAM/U6776/Y (CLKINVX2M)                                 1.07      25.21 f
  RAM/U6751/Y (CLKBUFX2M)                                 1.05      26.26 f
  RAM/U6750/Y (CLKBUFX2M)                                 1.06      27.32 f
  RAM/U6553/Y (CLKBUFX8M)                                 1.08      28.39 f
  RAM/U6549/Y (CLKBUFX8M)                                 1.08      29.47 f
  RAM/U6573/Y (CLKBUFX6M)                                 1.07      30.54 f
  RAM/U6954/Y (OAI2BB2X1M)                                0.93      31.48 r
  RAM/mem_reg_5__2_/D (SDFFRQX1M)                         0.00      31.48 r
  data arrival time                                                 31.48

  clock clk (rise edge)                                 100.00     100.00
  clock network delay (ideal)                             0.00     100.00
  clock uncertainty                                      -0.20      99.80
  RAM/mem_reg_5__2_/CK (SDFFRQX1M)                        0.00      99.80 r
  library setup time                                     -0.41      99.39
  data required time                                                99.39
  --------------------------------------------------------------------------
  data required time                                                99.39
  data arrival time                                                -31.48
  --------------------------------------------------------------------------
  slack (MET)                                                       67.92


  Startpoint: MOSI (input port clocked by clk)
  Endpoint: RAM/mem_reg_6__2_
            (rising edge-triggered flip-flop clocked by clk)
  Path Group: clk
  Path Type: max

  Des/Clust/Port     Wire Load Model       Library
  ------------------------------------------------
  SPI_Wrapper        tsmc13_wl30           scmetro_tsmc_cl013g_rvt_ff_1p32v_m40c

  Point                                                   Incr       Path
  --------------------------------------------------------------------------
  clock clk (rise edge)                                   0.00       0.00
  clock network delay (ideal)                             0.00       0.00
  input external delay                                   20.00      20.00 r
  MOSI (in)                                               0.17      20.17 r
  U4/Y (CLKBUFX2M)                                        0.65      20.82 r
  SPI_slave/MOSI (SPI_Slave_test_1)                       0.00      20.82 r
  SPI_slave/U8/Y (INVXLM)                                 0.59      21.41 f
  SPI_slave/U27/Y (NOR3X6M)                               0.85      22.26 r
  SPI_slave/U37/Y (CLKINVX2M)                             0.99      23.25 f
  SPI_slave/U44/Y (NOR3X4M)                               0.89      24.14 r
  SPI_slave/rx_data[2] (SPI_Slave_test_1)                 0.00      24.14 r
  RAM/din[2] (single_port_Ram_test_1)                     0.00      24.14 r
  RAM/U6776/Y (CLKINVX2M)                                 1.07      25.21 f
  RAM/U6751/Y (CLKBUFX2M)                                 1.05      26.26 f
  RAM/U6750/Y (CLKBUFX2M)                                 1.06      27.32 f
  RAM/U6553/Y (CLKBUFX8M)                                 1.08      28.39 f
  RAM/U6549/Y (CLKBUFX8M)                                 1.08      29.47 f
  RAM/U6573/Y (CLKBUFX6M)                                 1.07      30.54 f
  RAM/U6962/Y (OAI2BB2X1M)                                0.93      31.48 r
  RAM/mem_reg_6__2_/D (SDFFRQX1M)                         0.00      31.48 r
  data arrival time                                                 31.48

  clock clk (rise edge)                                 100.00     100.00
  clock network delay (ideal)                             0.00     100.00
  clock uncertainty                                      -0.20      99.80
  RAM/mem_reg_6__2_/CK (SDFFRQX1M)                        0.00      99.80 r
  library setup time                                     -0.41      99.39
  data required time                                                99.39
  --------------------------------------------------------------------------
  data required time                                                99.39
  data arrival time                                                -31.48
  --------------------------------------------------------------------------
  slack (MET)                                                       67.92


  Startpoint: MOSI (input port clocked by clk)
  Endpoint: RAM/mem_reg_96__2_
            (rising edge-triggered flip-flop clocked by clk)
  Path Group: clk
  Path Type: max

  Des/Clust/Port     Wire Load Model       Library
  ------------------------------------------------
  SPI_Wrapper        tsmc13_wl30           scmetro_tsmc_cl013g_rvt_ff_1p32v_m40c

  Point                                                   Incr       Path
  --------------------------------------------------------------------------
  clock clk (rise edge)                                   0.00       0.00
  clock network delay (ideal)                             0.00       0.00
  input external delay                                   20.00      20.00 r
  MOSI (in)                                               0.17      20.17 r
  U4/Y (CLKBUFX2M)                                        0.65      20.82 r
  SPI_slave/MOSI (SPI_Slave_test_1)                       0.00      20.82 r
  SPI_slave/U8/Y (INVXLM)                                 0.59      21.41 f
  SPI_slave/U27/Y (NOR3X6M)                               0.85      22.26 r
  SPI_slave/U37/Y (CLKINVX2M)                             0.99      23.25 f
  SPI_slave/U44/Y (NOR3X4M)                               0.89      24.14 r
  SPI_slave/rx_data[2] (SPI_Slave_test_1)                 0.00      24.14 r
  RAM/din[2] (single_port_Ram_test_1)                     0.00      24.14 r
  RAM/U6776/Y (CLKINVX2M)                                 1.07      25.21 f
  RAM/U6751/Y (CLKBUFX2M)                                 1.05      26.26 f
  RAM/U6750/Y (CLKBUFX2M)                                 1.06      27.32 f
  RAM/U6553/Y (CLKBUFX8M)                                 1.08      28.39 f
  RAM/U6549/Y (CLKBUFX8M)                                 1.08      29.47 f
  RAM/U6573/Y (CLKBUFX6M)                                 1.07      30.54 f
  RAM/U7672/Y (OAI2BB2X1M)                                0.93      31.48 r
  RAM/mem_reg_96__2_/D (SDFFRQX1M)                        0.00      31.48 r
  data arrival time                                                 31.48

  clock clk (rise edge)                                 100.00     100.00
  clock network delay (ideal)                             0.00     100.00
  clock uncertainty                                      -0.20      99.80
  RAM/mem_reg_96__2_/CK (SDFFRQX1M)                       0.00      99.80 r
  library setup time                                     -0.41      99.39
  data required time                                                99.39
  --------------------------------------------------------------------------
  data required time                                                99.39
  data arrival time                                                -31.48
  --------------------------------------------------------------------------
  slack (MET)                                                       67.92


  Startpoint: MOSI (input port clocked by clk)
  Endpoint: RAM/mem_reg_60__2_
            (rising edge-triggered flip-flop clocked by clk)
  Path Group: clk
  Path Type: max

  Des/Clust/Port     Wire Load Model       Library
  ------------------------------------------------
  SPI_Wrapper        tsmc13_wl30           scmetro_tsmc_cl013g_rvt_ff_1p32v_m40c

  Point                                                   Incr       Path
  --------------------------------------------------------------------------
  clock clk (rise edge)                                   0.00       0.00
  clock network delay (ideal)                             0.00       0.00
  input external delay                                   20.00      20.00 r
  MOSI (in)                                               0.17      20.17 r
  U4/Y (CLKBUFX2M)                                        0.65      20.82 r
  SPI_slave/MOSI (SPI_Slave_test_1)                       0.00      20.82 r
  SPI_slave/U8/Y (INVXLM)                                 0.59      21.41 f
  SPI_slave/U27/Y (NOR3X6M)                               0.85      22.26 r
  SPI_slave/U37/Y (CLKINVX2M)                             0.99      23.25 f
  SPI_slave/U44/Y (NOR3X4M)                               0.89      24.14 r
  SPI_slave/rx_data[2] (SPI_Slave_test_1)                 0.00      24.14 r
  RAM/din[2] (single_port_Ram_test_1)                     0.00      24.14 r
  RAM/U6776/Y (CLKINVX2M)                                 1.07      25.21 f
  RAM/U6751/Y (CLKBUFX2M)                                 1.05      26.26 f
  RAM/U6750/Y (CLKBUFX2M)                                 1.06      27.32 f
  RAM/U6553/Y (CLKBUFX8M)                                 1.08      28.39 f
  RAM/U6549/Y (CLKBUFX8M)                                 1.08      29.47 f
  RAM/U6573/Y (CLKBUFX6M)                                 1.07      30.54 f
  RAM/U7384/Y (OAI2BB2X1M)                                0.93      31.48 r
  RAM/mem_reg_60__2_/D (SDFFRQX1M)                        0.00      31.48 r
  data arrival time                                                 31.48

  clock clk (rise edge)                                 100.00     100.00
  clock network delay (ideal)                             0.00     100.00
  clock uncertainty                                      -0.20      99.80
  RAM/mem_reg_60__2_/CK (SDFFRQX1M)                       0.00      99.80 r
  library setup time                                     -0.41      99.39
  data required time                                                99.39
  --------------------------------------------------------------------------
  data required time                                                99.39
  data arrival time                                                -31.48
  --------------------------------------------------------------------------
  slack (MET)                                                       67.92


  Startpoint: MOSI (input port clocked by clk)
  Endpoint: RAM/mem_reg_86__2_
            (rising edge-triggered flip-flop clocked by clk)
  Path Group: clk
  Path Type: max

  Des/Clust/Port     Wire Load Model       Library
  ------------------------------------------------
  SPI_Wrapper        tsmc13_wl30           scmetro_tsmc_cl013g_rvt_ff_1p32v_m40c

  Point                                                   Incr       Path
  --------------------------------------------------------------------------
  clock clk (rise edge)                                   0.00       0.00
  clock network delay (ideal)                             0.00       0.00
  input external delay                                   20.00      20.00 r
  MOSI (in)                                               0.17      20.17 r
  U4/Y (CLKBUFX2M)                                        0.65      20.82 r
  SPI_slave/MOSI (SPI_Slave_test_1)                       0.00      20.82 r
  SPI_slave/U8/Y (INVXLM)                                 0.59      21.41 f
  SPI_slave/U27/Y (NOR3X6M)                               0.85      22.26 r
  SPI_slave/U37/Y (CLKINVX2M)                             0.99      23.25 f
  SPI_slave/U44/Y (NOR3X4M)                               0.89      24.14 r
  SPI_slave/rx_data[2] (SPI_Slave_test_1)                 0.00      24.14 r
  RAM/din[2] (single_port_Ram_test_1)                     0.00      24.14 r
  RAM/U6776/Y (CLKINVX2M)                                 1.07      25.21 f
  RAM/U6751/Y (CLKBUFX2M)                                 1.05      26.26 f
  RAM/U6750/Y (CLKBUFX2M)                                 1.06      27.32 f
  RAM/U6553/Y (CLKBUFX8M)                                 1.08      28.39 f
  RAM/U6549/Y (CLKBUFX8M)                                 1.08      29.47 f
  RAM/U6573/Y (CLKBUFX6M)                                 1.07      30.54 f
  RAM/U7592/Y (OAI2BB2X1M)                                0.93      31.48 r
  RAM/mem_reg_86__2_/D (SDFFRQX1M)                        0.00      31.48 r
  data arrival time                                                 31.48

  clock clk (rise edge)                                 100.00     100.00
  clock network delay (ideal)                             0.00     100.00
  clock uncertainty                                      -0.20      99.80
  RAM/mem_reg_86__2_/CK (SDFFRQX1M)                       0.00      99.80 r
  library setup time                                     -0.41      99.39
  data required time                                                99.39
  --------------------------------------------------------------------------
  data required time                                                99.39
  data arrival time                                                -31.48
  --------------------------------------------------------------------------
  slack (MET)                                                       67.92


  Startpoint: MOSI (input port clocked by clk)
  Endpoint: RAM/mem_reg_254__2_
            (rising edge-triggered flip-flop clocked by clk)
  Path Group: clk
  Path Type: max

  Des/Clust/Port     Wire Load Model       Library
  ------------------------------------------------
  SPI_Wrapper        tsmc13_wl30           scmetro_tsmc_cl013g_rvt_ff_1p32v_m40c

  Point                                                   Incr       Path
  --------------------------------------------------------------------------
  clock clk (rise edge)                                   0.00       0.00
  clock network delay (ideal)                             0.00       0.00
  input external delay                                   20.00      20.00 r
  MOSI (in)                                               0.17      20.17 r
  U4/Y (CLKBUFX2M)                                        0.65      20.82 r
  SPI_slave/MOSI (SPI_Slave_test_1)                       0.00      20.82 r
  SPI_slave/U8/Y (INVXLM)                                 0.59      21.41 f
  SPI_slave/U27/Y (NOR3X6M)                               0.85      22.26 r
  SPI_slave/U37/Y (CLKINVX2M)                             0.99      23.25 f
  SPI_slave/U44/Y (NOR3X4M)                               0.89      24.14 r
  SPI_slave/rx_data[2] (SPI_Slave_test_1)                 0.00      24.14 r
  RAM/din[2] (single_port_Ram_test_1)                     0.00      24.14 r
  RAM/U6776/Y (CLKINVX2M)                                 1.07      25.21 f
  RAM/U6751/Y (CLKBUFX2M)                                 1.05      26.26 f
  RAM/U6750/Y (CLKBUFX2M)                                 1.06      27.32 f
  RAM/U6553/Y (CLKBUFX8M)                                 1.08      28.39 f
  RAM/U6549/Y (CLKBUFX8M)                                 1.08      29.47 f
  RAM/U6573/Y (CLKBUFX6M)                                 1.07      30.54 f
  RAM/U8936/Y (OAI2BB2X1M)                                0.93      31.48 r
  RAM/mem_reg_254__2_/D (SDFFRQX1M)                       0.00      31.48 r
  data arrival time                                                 31.48

  clock clk (rise edge)                                 100.00     100.00
  clock network delay (ideal)                             0.00     100.00
  clock uncertainty                                      -0.20      99.80
  RAM/mem_reg_254__2_/CK (SDFFRQX1M)                      0.00      99.80 r
  library setup time                                     -0.41      99.39
  data required time                                                99.39
  --------------------------------------------------------------------------
  data required time                                                99.39
  data arrival time                                                -31.48
  --------------------------------------------------------------------------
  slack (MET)                                                       67.92


  Startpoint: MOSI (input port clocked by clk)
  Endpoint: RAM/mem_reg_255__2_
            (rising edge-triggered flip-flop clocked by clk)
  Path Group: clk
  Path Type: max

  Des/Clust/Port     Wire Load Model       Library
  ------------------------------------------------
  SPI_Wrapper        tsmc13_wl30           scmetro_tsmc_cl013g_rvt_ff_1p32v_m40c

  Point                                                   Incr       Path
  --------------------------------------------------------------------------
  clock clk (rise edge)                                   0.00       0.00
  clock network delay (ideal)                             0.00       0.00
  input external delay                                   20.00      20.00 r
  MOSI (in)                                               0.17      20.17 r
  U4/Y (CLKBUFX2M)                                        0.65      20.82 r
  SPI_slave/MOSI (SPI_Slave_test_1)                       0.00      20.82 r
  SPI_slave/U8/Y (INVXLM)                                 0.59      21.41 f
  SPI_slave/U27/Y (NOR3X6M)                               0.85      22.26 r
  SPI_slave/U37/Y (CLKINVX2M)                             0.99      23.25 f
  SPI_slave/U44/Y (NOR3X4M)                               0.89      24.14 r
  SPI_slave/rx_data[2] (SPI_Slave_test_1)                 0.00      24.14 r
  RAM/din[2] (single_port_Ram_test_1)                     0.00      24.14 r
  RAM/U6776/Y (CLKINVX2M)                                 1.07      25.21 f
  RAM/U6751/Y (CLKBUFX2M)                                 1.05      26.26 f
  RAM/U6750/Y (CLKBUFX2M)                                 1.06      27.32 f
  RAM/U6553/Y (CLKBUFX8M)                                 1.08      28.39 f
  RAM/U6549/Y (CLKBUFX8M)                                 1.08      29.47 f
  RAM/U6573/Y (CLKBUFX6M)                                 1.07      30.54 f
  RAM/U8944/Y (OAI2BB2X1M)                                0.93      31.48 r
  RAM/mem_reg_255__2_/D (SDFFRQX1M)                       0.00      31.48 r
  data arrival time                                                 31.48

  clock clk (rise edge)                                 100.00     100.00
  clock network delay (ideal)                             0.00     100.00
  clock uncertainty                                      -0.20      99.80
  RAM/mem_reg_255__2_/CK (SDFFRQX1M)                      0.00      99.80 r
  library setup time                                     -0.41      99.39
  data required time                                                99.39
  --------------------------------------------------------------------------
  data required time                                                99.39
  data arrival time                                                -31.48
  --------------------------------------------------------------------------
  slack (MET)                                                       67.92


  Startpoint: MOSI (input port clocked by clk)
  Endpoint: RAM/mem_reg_100__1_
            (rising edge-triggered flip-flop clocked by clk)
  Path Group: clk
  Path Type: max

  Des/Clust/Port     Wire Load Model       Library
  ------------------------------------------------
  SPI_Wrapper        tsmc13_wl30           scmetro_tsmc_cl013g_rvt_ff_1p32v_m40c

  Point                                                   Incr       Path
  --------------------------------------------------------------------------
  clock clk (rise edge)                                   0.00       0.00
  clock network delay (ideal)                             0.00       0.00
  input external delay                                   20.00      20.00 r
  MOSI (in)                                               0.17      20.17 r
  U4/Y (CLKBUFX2M)                                        0.65      20.82 r
  SPI_slave/MOSI (SPI_Slave_test_1)                       0.00      20.82 r
  SPI_slave/U8/Y (INVXLM)                                 0.59      21.41 f
  SPI_slave/U27/Y (NOR3X6M)                               0.85      22.26 r
  SPI_slave/U33/Y (NAND2X2M)                              0.99      23.25 f
  SPI_slave/U32/Y (NOR2X2M)                               0.98      24.23 r
  SPI_slave/rx_data[1] (SPI_Slave_test_1)                 0.00      24.23 r
  RAM/din[1] (single_port_Ram_test_1)                     0.00      24.23 r
  RAM/U6741/Y (CLKINVX2M)                                 1.10      25.33 f
  RAM/U6667/Y (CLKBUFX2M)                                 1.06      26.39 f
  RAM/U6495/Y (CLKBUFX8M)                                 1.12      27.51 f
  RAM/U6494/Y (CLKBUFX8M)                                 1.14      28.65 f
  RAM/U6501/Y (CLKBUFX8M)                                 1.14      29.78 f
  RAM/U7703/Y (OAI2BB2X1M)                                0.96      30.74 r
  RAM/mem_reg_100__1_/D (SDFFRQX1M)                       0.00      30.74 r
  data arrival time                                                 30.74

  clock clk (rise edge)                                 100.00     100.00
  clock network delay (ideal)                             0.00     100.00
  clock uncertainty                                      -0.20      99.80
  RAM/mem_reg_100__1_/CK (SDFFRQX1M)                      0.00      99.80 r
  library setup time                                     -0.41      99.39
  data required time                                                99.39
  --------------------------------------------------------------------------
  data required time                                                99.39
  data arrival time                                                -30.74
  --------------------------------------------------------------------------
  slack (MET)                                                       68.65


  Startpoint: MOSI (input port clocked by clk)
  Endpoint: RAM/mem_reg_80__1_
            (rising edge-triggered flip-flop clocked by clk)
  Path Group: clk
  Path Type: max

  Des/Clust/Port     Wire Load Model       Library
  ------------------------------------------------
  SPI_Wrapper        tsmc13_wl30           scmetro_tsmc_cl013g_rvt_ff_1p32v_m40c

  Point                                                   Incr       Path
  --------------------------------------------------------------------------
  clock clk (rise edge)                                   0.00       0.00
  clock network delay (ideal)                             0.00       0.00
  input external delay                                   20.00      20.00 r
  MOSI (in)                                               0.17      20.17 r
  U4/Y (CLKBUFX2M)                                        0.65      20.82 r
  SPI_slave/MOSI (SPI_Slave_test_1)                       0.00      20.82 r
  SPI_slave/U8/Y (INVXLM)                                 0.59      21.41 f
  SPI_slave/U27/Y (NOR3X6M)                               0.85      22.26 r
  SPI_slave/U33/Y (NAND2X2M)                              0.99      23.25 f
  SPI_slave/U32/Y (NOR2X2M)                               0.98      24.23 r
  SPI_slave/rx_data[1] (SPI_Slave_test_1)                 0.00      24.23 r
  RAM/din[1] (single_port_Ram_test_1)                     0.00      24.23 r
  RAM/U6741/Y (CLKINVX2M)                                 1.10      25.33 f
  RAM/U6667/Y (CLKBUFX2M)                                 1.06      26.39 f
  RAM/U6495/Y (CLKBUFX8M)                                 1.12      27.51 f
  RAM/U6494/Y (CLKBUFX8M)                                 1.14      28.65 f
  RAM/U6501/Y (CLKBUFX8M)                                 1.14      29.78 f
  RAM/U7543/Y (OAI2BB2X1M)                                0.96      30.74 r
  RAM/mem_reg_80__1_/D (SDFFRQX1M)                        0.00      30.74 r
  data arrival time                                                 30.74

  clock clk (rise edge)                                 100.00     100.00
  clock network delay (ideal)                             0.00     100.00
  clock uncertainty                                      -0.20      99.80
  RAM/mem_reg_80__1_/CK (SDFFRQX1M)                       0.00      99.80 r
  library setup time                                     -0.41      99.39
  data required time                                                99.39
  --------------------------------------------------------------------------
  data required time                                                99.39
  data arrival time                                                -30.74
  --------------------------------------------------------------------------
  slack (MET)                                                       68.65


  Startpoint: MOSI (input port clocked by clk)
  Endpoint: RAM/mem_reg_81__1_
            (rising edge-triggered flip-flop clocked by clk)
  Path Group: clk
  Path Type: max

  Des/Clust/Port     Wire Load Model       Library
  ------------------------------------------------
  SPI_Wrapper        tsmc13_wl30           scmetro_tsmc_cl013g_rvt_ff_1p32v_m40c

  Point                                                   Incr       Path
  --------------------------------------------------------------------------
  clock clk (rise edge)                                   0.00       0.00
  clock network delay (ideal)                             0.00       0.00
  input external delay                                   20.00      20.00 r
  MOSI (in)                                               0.17      20.17 r
  U4/Y (CLKBUFX2M)                                        0.65      20.82 r
  SPI_slave/MOSI (SPI_Slave_test_1)                       0.00      20.82 r
  SPI_slave/U8/Y (INVXLM)                                 0.59      21.41 f
  SPI_slave/U27/Y (NOR3X6M)                               0.85      22.26 r
  SPI_slave/U33/Y (NAND2X2M)                              0.99      23.25 f
  SPI_slave/U32/Y (NOR2X2M)                               0.98      24.23 r
  SPI_slave/rx_data[1] (SPI_Slave_test_1)                 0.00      24.23 r
  RAM/din[1] (single_port_Ram_test_1)                     0.00      24.23 r
  RAM/U6741/Y (CLKINVX2M)                                 1.10      25.33 f
  RAM/U6667/Y (CLKBUFX2M)                                 1.06      26.39 f
  RAM/U6495/Y (CLKBUFX8M)                                 1.12      27.51 f
  RAM/U6494/Y (CLKBUFX8M)                                 1.14      28.65 f
  RAM/U6501/Y (CLKBUFX8M)                                 1.14      29.78 f
  RAM/U7551/Y (OAI2BB2X1M)                                0.96      30.74 r
  RAM/mem_reg_81__1_/D (SDFFRQX1M)                        0.00      30.74 r
  data arrival time                                                 30.74

  clock clk (rise edge)                                 100.00     100.00
  clock network delay (ideal)                             0.00     100.00
  clock uncertainty                                      -0.20      99.80
  RAM/mem_reg_81__1_/CK (SDFFRQX1M)                       0.00      99.80 r
  library setup time                                     -0.41      99.39
  data required time                                                99.39
  --------------------------------------------------------------------------
  data required time                                                99.39
  data arrival time                                                -30.74
  --------------------------------------------------------------------------
  slack (MET)                                                       68.65


  Startpoint: MOSI (input port clocked by clk)
  Endpoint: RAM/mem_reg_82__1_
            (rising edge-triggered flip-flop clocked by clk)
  Path Group: clk
  Path Type: max

  Des/Clust/Port     Wire Load Model       Library
  ------------------------------------------------
  SPI_Wrapper        tsmc13_wl30           scmetro_tsmc_cl013g_rvt_ff_1p32v_m40c

  Point                                                   Incr       Path
  --------------------------------------------------------------------------
  clock clk (rise edge)                                   0.00       0.00
  clock network delay (ideal)                             0.00       0.00
  input external delay                                   20.00      20.00 r
  MOSI (in)                                               0.17      20.17 r
  U4/Y (CLKBUFX2M)                                        0.65      20.82 r
  SPI_slave/MOSI (SPI_Slave_test_1)                       0.00      20.82 r
  SPI_slave/U8/Y (INVXLM)                                 0.59      21.41 f
  SPI_slave/U27/Y (NOR3X6M)                               0.85      22.26 r
  SPI_slave/U33/Y (NAND2X2M)                              0.99      23.25 f
  SPI_slave/U32/Y (NOR2X2M)                               0.98      24.23 r
  SPI_slave/rx_data[1] (SPI_Slave_test_1)                 0.00      24.23 r
  RAM/din[1] (single_port_Ram_test_1)                     0.00      24.23 r
  RAM/U6741/Y (CLKINVX2M)                                 1.10      25.33 f
  RAM/U6667/Y (CLKBUFX2M)                                 1.06      26.39 f
  RAM/U6495/Y (CLKBUFX8M)                                 1.12      27.51 f
  RAM/U6494/Y (CLKBUFX8M)                                 1.14      28.65 f
  RAM/U6501/Y (CLKBUFX8M)                                 1.14      29.78 f
  RAM/U7559/Y (OAI2BB2X1M)                                0.96      30.74 r
  RAM/mem_reg_82__1_/D (SDFFRQX1M)                        0.00      30.74 r
  data arrival time                                                 30.74

  clock clk (rise edge)                                 100.00     100.00
  clock network delay (ideal)                             0.00     100.00
  clock uncertainty                                      -0.20      99.80
  RAM/mem_reg_82__1_/CK (SDFFRQX1M)                       0.00      99.80 r
  library setup time                                     -0.41      99.39
  data required time                                                99.39
  --------------------------------------------------------------------------
  data required time                                                99.39
  data arrival time                                                -30.74
  --------------------------------------------------------------------------
  slack (MET)                                                       68.65


  Startpoint: MOSI (input port clocked by clk)
  Endpoint: RAM/mem_reg_83__1_
            (rising edge-triggered flip-flop clocked by clk)
  Path Group: clk
  Path Type: max

  Des/Clust/Port     Wire Load Model       Library
  ------------------------------------------------
  SPI_Wrapper        tsmc13_wl30           scmetro_tsmc_cl013g_rvt_ff_1p32v_m40c

  Point                                                   Incr       Path
  --------------------------------------------------------------------------
  clock clk (rise edge)                                   0.00       0.00
  clock network delay (ideal)                             0.00       0.00
  input external delay                                   20.00      20.00 r
  MOSI (in)                                               0.17      20.17 r
  U4/Y (CLKBUFX2M)                                        0.65      20.82 r
  SPI_slave/MOSI (SPI_Slave_test_1)                       0.00      20.82 r
  SPI_slave/U8/Y (INVXLM)                                 0.59      21.41 f
  SPI_slave/U27/Y (NOR3X6M)                               0.85      22.26 r
  SPI_slave/U33/Y (NAND2X2M)                              0.99      23.25 f
  SPI_slave/U32/Y (NOR2X2M)                               0.98      24.23 r
  SPI_slave/rx_data[1] (SPI_Slave_test_1)                 0.00      24.23 r
  RAM/din[1] (single_port_Ram_test_1)                     0.00      24.23 r
  RAM/U6741/Y (CLKINVX2M)                                 1.10      25.33 f
  RAM/U6667/Y (CLKBUFX2M)                                 1.06      26.39 f
  RAM/U6495/Y (CLKBUFX8M)                                 1.12      27.51 f
  RAM/U6494/Y (CLKBUFX8M)                                 1.14      28.65 f
  RAM/U6501/Y (CLKBUFX8M)                                 1.14      29.78 f
  RAM/U7567/Y (OAI2BB2X1M)                                0.96      30.74 r
  RAM/mem_reg_83__1_/D (SDFFRQX1M)                        0.00      30.74 r
  data arrival time                                                 30.74

  clock clk (rise edge)                                 100.00     100.00
  clock network delay (ideal)                             0.00     100.00
  clock uncertainty                                      -0.20      99.80
  RAM/mem_reg_83__1_/CK (SDFFRQX1M)                       0.00      99.80 r
  library setup time                                     -0.41      99.39
  data required time                                                99.39
  --------------------------------------------------------------------------
  data required time                                                99.39
  data arrival time                                                -30.74
  --------------------------------------------------------------------------
  slack (MET)                                                       68.65


  Startpoint: MOSI (input port clocked by clk)
  Endpoint: RAM/mem_reg_76__1_
            (rising edge-triggered flip-flop clocked by clk)
  Path Group: clk
  Path Type: max

  Des/Clust/Port     Wire Load Model       Library
  ------------------------------------------------
  SPI_Wrapper        tsmc13_wl30           scmetro_tsmc_cl013g_rvt_ff_1p32v_m40c

  Point                                                   Incr       Path
  --------------------------------------------------------------------------
  clock clk (rise edge)                                   0.00       0.00
  clock network delay (ideal)                             0.00       0.00
  input external delay                                   20.00      20.00 r
  MOSI (in)                                               0.17      20.17 r
  U4/Y (CLKBUFX2M)                                        0.65      20.82 r
  SPI_slave/MOSI (SPI_Slave_test_1)                       0.00      20.82 r
  SPI_slave/U8/Y (INVXLM)                                 0.59      21.41 f
  SPI_slave/U27/Y (NOR3X6M)                               0.85      22.26 r
  SPI_slave/U33/Y (NAND2X2M)                              0.99      23.25 f
  SPI_slave/U32/Y (NOR2X2M)                               0.98      24.23 r
  SPI_slave/rx_data[1] (SPI_Slave_test_1)                 0.00      24.23 r
  RAM/din[1] (single_port_Ram_test_1)                     0.00      24.23 r
  RAM/U6741/Y (CLKINVX2M)                                 1.10      25.33 f
  RAM/U6667/Y (CLKBUFX2M)                                 1.06      26.39 f
  RAM/U6495/Y (CLKBUFX8M)                                 1.12      27.51 f
  RAM/U6494/Y (CLKBUFX8M)                                 1.14      28.65 f
  RAM/U6501/Y (CLKBUFX8M)                                 1.14      29.78 f
  RAM/U7511/Y (OAI2BB2X1M)                                0.96      30.74 r
  RAM/mem_reg_76__1_/D (SDFFRQX1M)                        0.00      30.74 r
  data arrival time                                                 30.74

  clock clk (rise edge)                                 100.00     100.00
  clock network delay (ideal)                             0.00     100.00
  clock uncertainty                                      -0.20      99.80
  RAM/mem_reg_76__1_/CK (SDFFRQX1M)                       0.00      99.80 r
  library setup time                                     -0.41      99.39
  data required time                                                99.39
  --------------------------------------------------------------------------
  data required time                                                99.39
  data arrival time                                                -30.74
  --------------------------------------------------------------------------
  slack (MET)                                                       68.65


  Startpoint: MOSI (input port clocked by clk)
  Endpoint: RAM/mem_reg_77__1_
            (rising edge-triggered flip-flop clocked by clk)
  Path Group: clk
  Path Type: max

  Des/Clust/Port     Wire Load Model       Library
  ------------------------------------------------
  SPI_Wrapper        tsmc13_wl30           scmetro_tsmc_cl013g_rvt_ff_1p32v_m40c

  Point                                                   Incr       Path
  --------------------------------------------------------------------------
  clock clk (rise edge)                                   0.00       0.00
  clock network delay (ideal)                             0.00       0.00
  input external delay                                   20.00      20.00 r
  MOSI (in)                                               0.17      20.17 r
  U4/Y (CLKBUFX2M)                                        0.65      20.82 r
  SPI_slave/MOSI (SPI_Slave_test_1)                       0.00      20.82 r
  SPI_slave/U8/Y (INVXLM)                                 0.59      21.41 f
  SPI_slave/U27/Y (NOR3X6M)                               0.85      22.26 r
  SPI_slave/U33/Y (NAND2X2M)                              0.99      23.25 f
  SPI_slave/U32/Y (NOR2X2M)                               0.98      24.23 r
  SPI_slave/rx_data[1] (SPI_Slave_test_1)                 0.00      24.23 r
  RAM/din[1] (single_port_Ram_test_1)                     0.00      24.23 r
  RAM/U6741/Y (CLKINVX2M)                                 1.10      25.33 f
  RAM/U6667/Y (CLKBUFX2M)                                 1.06      26.39 f
  RAM/U6495/Y (CLKBUFX8M)                                 1.12      27.51 f
  RAM/U6494/Y (CLKBUFX8M)                                 1.14      28.65 f
  RAM/U6501/Y (CLKBUFX8M)                                 1.14      29.78 f
  RAM/U7519/Y (OAI2BB2X1M)                                0.96      30.74 r
  RAM/mem_reg_77__1_/D (SDFFRQX1M)                        0.00      30.74 r
  data arrival time                                                 30.74

  clock clk (rise edge)                                 100.00     100.00
  clock network delay (ideal)                             0.00     100.00
  clock uncertainty                                      -0.20      99.80
  RAM/mem_reg_77__1_/CK (SDFFRQX1M)                       0.00      99.80 r
  library setup time                                     -0.41      99.39
  data required time                                                99.39
  --------------------------------------------------------------------------
  data required time                                                99.39
  data arrival time                                                -30.74
  --------------------------------------------------------------------------
  slack (MET)                                                       68.65


  Startpoint: MOSI (input port clocked by clk)
  Endpoint: RAM/mem_reg_78__1_
            (rising edge-triggered flip-flop clocked by clk)
  Path Group: clk
  Path Type: max

  Des/Clust/Port     Wire Load Model       Library
  ------------------------------------------------
  SPI_Wrapper        tsmc13_wl30           scmetro_tsmc_cl013g_rvt_ff_1p32v_m40c

  Point                                                   Incr       Path
  --------------------------------------------------------------------------
  clock clk (rise edge)                                   0.00       0.00
  clock network delay (ideal)                             0.00       0.00
  input external delay                                   20.00      20.00 r
  MOSI (in)                                               0.17      20.17 r
  U4/Y (CLKBUFX2M)                                        0.65      20.82 r
  SPI_slave/MOSI (SPI_Slave_test_1)                       0.00      20.82 r
  SPI_slave/U8/Y (INVXLM)                                 0.59      21.41 f
  SPI_slave/U27/Y (NOR3X6M)                               0.85      22.26 r
  SPI_slave/U33/Y (NAND2X2M)                              0.99      23.25 f
  SPI_slave/U32/Y (NOR2X2M)                               0.98      24.23 r
  SPI_slave/rx_data[1] (SPI_Slave_test_1)                 0.00      24.23 r
  RAM/din[1] (single_port_Ram_test_1)                     0.00      24.23 r
  RAM/U6741/Y (CLKINVX2M)                                 1.10      25.33 f
  RAM/U6667/Y (CLKBUFX2M)                                 1.06      26.39 f
  RAM/U6495/Y (CLKBUFX8M)                                 1.12      27.51 f
  RAM/U6494/Y (CLKBUFX8M)                                 1.14      28.65 f
  RAM/U6501/Y (CLKBUFX8M)                                 1.14      29.78 f
  RAM/U7527/Y (OAI2BB2X1M)                                0.96      30.74 r
  RAM/mem_reg_78__1_/D (SDFFRQX1M)                        0.00      30.74 r
  data arrival time                                                 30.74

  clock clk (rise edge)                                 100.00     100.00
  clock network delay (ideal)                             0.00     100.00
  clock uncertainty                                      -0.20      99.80
  RAM/mem_reg_78__1_/CK (SDFFRQX1M)                       0.00      99.80 r
  library setup time                                     -0.41      99.39
  data required time                                                99.39
  --------------------------------------------------------------------------
  data required time                                                99.39
  data arrival time                                                -30.74
  --------------------------------------------------------------------------
  slack (MET)                                                       68.65


  Startpoint: MOSI (input port clocked by clk)
  Endpoint: RAM/mem_reg_79__1_
            (rising edge-triggered flip-flop clocked by clk)
  Path Group: clk
  Path Type: max

  Des/Clust/Port     Wire Load Model       Library
  ------------------------------------------------
  SPI_Wrapper        tsmc13_wl30           scmetro_tsmc_cl013g_rvt_ff_1p32v_m40c

  Point                                                   Incr       Path
  --------------------------------------------------------------------------
  clock clk (rise edge)                                   0.00       0.00
  clock network delay (ideal)                             0.00       0.00
  input external delay                                   20.00      20.00 r
  MOSI (in)                                               0.17      20.17 r
  U4/Y (CLKBUFX2M)                                        0.65      20.82 r
  SPI_slave/MOSI (SPI_Slave_test_1)                       0.00      20.82 r
  SPI_slave/U8/Y (INVXLM)                                 0.59      21.41 f
  SPI_slave/U27/Y (NOR3X6M)                               0.85      22.26 r
  SPI_slave/U33/Y (NAND2X2M)                              0.99      23.25 f
  SPI_slave/U32/Y (NOR2X2M)                               0.98      24.23 r
  SPI_slave/rx_data[1] (SPI_Slave_test_1)                 0.00      24.23 r
  RAM/din[1] (single_port_Ram_test_1)                     0.00      24.23 r
  RAM/U6741/Y (CLKINVX2M)                                 1.10      25.33 f
  RAM/U6667/Y (CLKBUFX2M)                                 1.06      26.39 f
  RAM/U6495/Y (CLKBUFX8M)                                 1.12      27.51 f
  RAM/U6494/Y (CLKBUFX8M)                                 1.14      28.65 f
  RAM/U6501/Y (CLKBUFX8M)                                 1.14      29.78 f
  RAM/U7535/Y (OAI2BB2X1M)                                0.96      30.74 r
  RAM/mem_reg_79__1_/D (SDFFRQX1M)                        0.00      30.74 r
  data arrival time                                                 30.74

  clock clk (rise edge)                                 100.00     100.00
  clock network delay (ideal)                             0.00     100.00
  clock uncertainty                                      -0.20      99.80
  RAM/mem_reg_79__1_/CK (SDFFRQX1M)                       0.00      99.80 r
  library setup time                                     -0.41      99.39
  data required time                                                99.39
  --------------------------------------------------------------------------
  data required time                                                99.39
  data arrival time                                                -30.74
  --------------------------------------------------------------------------
  slack (MET)                                                       68.65


  Startpoint: MOSI (input port clocked by clk)
  Endpoint: RAM/mem_reg_134__1_
            (rising edge-triggered flip-flop clocked by clk)
  Path Group: clk
  Path Type: max

  Des/Clust/Port     Wire Load Model       Library
  ------------------------------------------------
  SPI_Wrapper        tsmc13_wl30           scmetro_tsmc_cl013g_rvt_ff_1p32v_m40c

  Point                                                   Incr       Path
  --------------------------------------------------------------------------
  clock clk (rise edge)                                   0.00       0.00
  clock network delay (ideal)                             0.00       0.00
  input external delay                                   20.00      20.00 r
  MOSI (in)                                               0.17      20.17 r
  U4/Y (CLKBUFX2M)                                        0.65      20.82 r
  SPI_slave/MOSI (SPI_Slave_test_1)                       0.00      20.82 r
  SPI_slave/U8/Y (INVXLM)                                 0.59      21.41 f
  SPI_slave/U27/Y (NOR3X6M)                               0.85      22.26 r
  SPI_slave/U33/Y (NAND2X2M)                              0.99      23.25 f
  SPI_slave/U32/Y (NOR2X2M)                               0.98      24.23 r
  SPI_slave/rx_data[1] (SPI_Slave_test_1)                 0.00      24.23 r
  RAM/din[1] (single_port_Ram_test_1)                     0.00      24.23 r
  RAM/U6741/Y (CLKINVX2M)                                 1.10      25.33 f
  RAM/U6667/Y (CLKBUFX2M)                                 1.06      26.39 f
  RAM/U6495/Y (CLKBUFX8M)                                 1.12      27.51 f
  RAM/U6494/Y (CLKBUFX8M)                                 1.14      28.65 f
  RAM/U6501/Y (CLKBUFX8M)                                 1.14      29.78 f
  RAM/U7975/Y (OAI2BB2X1M)                                0.96      30.74 r
  RAM/mem_reg_134__1_/D (SDFFRQX1M)                       0.00      30.74 r
  data arrival time                                                 30.74

  clock clk (rise edge)                                 100.00     100.00
  clock network delay (ideal)                             0.00     100.00
  clock uncertainty                                      -0.20      99.80
  RAM/mem_reg_134__1_/CK (SDFFRQX1M)                      0.00      99.80 r
  library setup time                                     -0.41      99.39
  data required time                                                99.39
  --------------------------------------------------------------------------
  data required time                                                99.39
  data arrival time                                                -30.74
  --------------------------------------------------------------------------
  slack (MET)                                                       68.65


  Startpoint: MOSI (input port clocked by clk)
  Endpoint: RAM/mem_reg_160__1_
            (rising edge-triggered flip-flop clocked by clk)
  Path Group: clk
  Path Type: max

  Des/Clust/Port     Wire Load Model       Library
  ------------------------------------------------
  SPI_Wrapper        tsmc13_wl30           scmetro_tsmc_cl013g_rvt_ff_1p32v_m40c

  Point                                                   Incr       Path
  --------------------------------------------------------------------------
  clock clk (rise edge)                                   0.00       0.00
  clock network delay (ideal)                             0.00       0.00
  input external delay                                   20.00      20.00 r
  MOSI (in)                                               0.17      20.17 r
  U4/Y (CLKBUFX2M)                                        0.65      20.82 r
  SPI_slave/MOSI (SPI_Slave_test_1)                       0.00      20.82 r
  SPI_slave/U8/Y (INVXLM)                                 0.59      21.41 f
  SPI_slave/U27/Y (NOR3X6M)                               0.85      22.26 r
  SPI_slave/U33/Y (NAND2X2M)                              0.99      23.25 f
  SPI_slave/U32/Y (NOR2X2M)                               0.98      24.23 r
  SPI_slave/rx_data[1] (SPI_Slave_test_1)                 0.00      24.23 r
  RAM/din[1] (single_port_Ram_test_1)                     0.00      24.23 r
  RAM/U6741/Y (CLKINVX2M)                                 1.10      25.33 f
  RAM/U6667/Y (CLKBUFX2M)                                 1.06      26.39 f
  RAM/U6495/Y (CLKBUFX8M)                                 1.12      27.51 f
  RAM/U6494/Y (CLKBUFX8M)                                 1.14      28.65 f
  RAM/U6501/Y (CLKBUFX8M)                                 1.14      29.78 f
  RAM/U8183/Y (OAI2BB2X1M)                                0.96      30.74 r
  RAM/mem_reg_160__1_/D (SDFFRQX1M)                       0.00      30.74 r
  data arrival time                                                 30.74

  clock clk (rise edge)                                 100.00     100.00
  clock network delay (ideal)                             0.00     100.00
  clock uncertainty                                      -0.20      99.80
  RAM/mem_reg_160__1_/CK (SDFFRQX1M)                      0.00      99.80 r
  library setup time                                     -0.41      99.39
  data required time                                                99.39
  --------------------------------------------------------------------------
  data required time                                                99.39
  data arrival time                                                -30.74
  --------------------------------------------------------------------------
  slack (MET)                                                       68.65


  Startpoint: MOSI (input port clocked by clk)
  Endpoint: RAM/mem_reg_201__1_
            (rising edge-triggered flip-flop clocked by clk)
  Path Group: clk
  Path Type: max

  Des/Clust/Port     Wire Load Model       Library
  ------------------------------------------------
  SPI_Wrapper        tsmc13_wl30           scmetro_tsmc_cl013g_rvt_ff_1p32v_m40c

  Point                                                   Incr       Path
  --------------------------------------------------------------------------
  clock clk (rise edge)                                   0.00       0.00
  clock network delay (ideal)                             0.00       0.00
  input external delay                                   20.00      20.00 r
  MOSI (in)                                               0.17      20.17 r
  U4/Y (CLKBUFX2M)                                        0.65      20.82 r
  SPI_slave/MOSI (SPI_Slave_test_1)                       0.00      20.82 r
  SPI_slave/U8/Y (INVXLM)                                 0.59      21.41 f
  SPI_slave/U27/Y (NOR3X6M)                               0.85      22.26 r
  SPI_slave/U33/Y (NAND2X2M)                              0.99      23.25 f
  SPI_slave/U32/Y (NOR2X2M)                               0.98      24.23 r
  SPI_slave/rx_data[1] (SPI_Slave_test_1)                 0.00      24.23 r
  RAM/din[1] (single_port_Ram_test_1)                     0.00      24.23 r
  RAM/U6741/Y (CLKINVX2M)                                 1.10      25.33 f
  RAM/U6667/Y (CLKBUFX2M)                                 1.06      26.39 f
  RAM/U6495/Y (CLKBUFX8M)                                 1.12      27.51 f
  RAM/U6494/Y (CLKBUFX8M)                                 1.14      28.65 f
  RAM/U6501/Y (CLKBUFX8M)                                 1.14      29.78 f
  RAM/U8511/Y (OAI2BB2X1M)                                0.96      30.74 r
  RAM/mem_reg_201__1_/D (SDFFRQX1M)                       0.00      30.74 r
  data arrival time                                                 30.74

  clock clk (rise edge)                                 100.00     100.00
  clock network delay (ideal)                             0.00     100.00
  clock uncertainty                                      -0.20      99.80
  RAM/mem_reg_201__1_/CK (SDFFRQX1M)                      0.00      99.80 r
  library setup time                                     -0.41      99.39
  data required time                                                99.39
  --------------------------------------------------------------------------
  data required time                                                99.39
  data arrival time                                                -30.74
  --------------------------------------------------------------------------
  slack (MET)                                                       68.65


  Startpoint: MOSI (input port clocked by clk)
  Endpoint: RAM/mem_reg_73__1_
            (rising edge-triggered flip-flop clocked by clk)
  Path Group: clk
  Path Type: max

  Des/Clust/Port     Wire Load Model       Library
  ------------------------------------------------
  SPI_Wrapper        tsmc13_wl30           scmetro_tsmc_cl013g_rvt_ff_1p32v_m40c

  Point                                                   Incr       Path
  --------------------------------------------------------------------------
  clock clk (rise edge)                                   0.00       0.00
  clock network delay (ideal)                             0.00       0.00
  input external delay                                   20.00      20.00 r
  MOSI (in)                                               0.17      20.17 r
  U4/Y (CLKBUFX2M)                                        0.65      20.82 r
  SPI_slave/MOSI (SPI_Slave_test_1)                       0.00      20.82 r
  SPI_slave/U8/Y (INVXLM)                                 0.59      21.41 f
  SPI_slave/U27/Y (NOR3X6M)                               0.85      22.26 r
  SPI_slave/U33/Y (NAND2X2M)                              0.99      23.25 f
  SPI_slave/U32/Y (NOR2X2M)                               0.98      24.23 r
  SPI_slave/rx_data[1] (SPI_Slave_test_1)                 0.00      24.23 r
  RAM/din[1] (single_port_Ram_test_1)                     0.00      24.23 r
  RAM/U6741/Y (CLKINVX2M)                                 1.10      25.33 f
  RAM/U6667/Y (CLKBUFX2M)                                 1.06      26.39 f
  RAM/U6495/Y (CLKBUFX8M)                                 1.12      27.51 f
  RAM/U6494/Y (CLKBUFX8M)                                 1.14      28.65 f
  RAM/U6501/Y (CLKBUFX8M)                                 1.14      29.78 f
  RAM/U7487/Y (OAI2BB2X1M)                                0.96      30.74 r
  RAM/mem_reg_73__1_/D (SDFFRQX1M)                        0.00      30.74 r
  data arrival time                                                 30.74

  clock clk (rise edge)                                 100.00     100.00
  clock network delay (ideal)                             0.00     100.00
  clock uncertainty                                      -0.20      99.80
  RAM/mem_reg_73__1_/CK (SDFFRQX1M)                       0.00      99.80 r
  library setup time                                     -0.41      99.39
  data required time                                                99.39
  --------------------------------------------------------------------------
  data required time                                                99.39
  data arrival time                                                -30.74
  --------------------------------------------------------------------------
  slack (MET)                                                       68.65


  Startpoint: MOSI (input port clocked by clk)
  Endpoint: RAM/mem_reg_74__1_
            (rising edge-triggered flip-flop clocked by clk)
  Path Group: clk
  Path Type: max

  Des/Clust/Port     Wire Load Model       Library
  ------------------------------------------------
  SPI_Wrapper        tsmc13_wl30           scmetro_tsmc_cl013g_rvt_ff_1p32v_m40c

  Point                                                   Incr       Path
  --------------------------------------------------------------------------
  clock clk (rise edge)                                   0.00       0.00
  clock network delay (ideal)                             0.00       0.00
  input external delay                                   20.00      20.00 r
  MOSI (in)                                               0.17      20.17 r
  U4/Y (CLKBUFX2M)                                        0.65      20.82 r
  SPI_slave/MOSI (SPI_Slave_test_1)                       0.00      20.82 r
  SPI_slave/U8/Y (INVXLM)                                 0.59      21.41 f
  SPI_slave/U27/Y (NOR3X6M)                               0.85      22.26 r
  SPI_slave/U33/Y (NAND2X2M)                              0.99      23.25 f
  SPI_slave/U32/Y (NOR2X2M)                               0.98      24.23 r
  SPI_slave/rx_data[1] (SPI_Slave_test_1)                 0.00      24.23 r
  RAM/din[1] (single_port_Ram_test_1)                     0.00      24.23 r
  RAM/U6741/Y (CLKINVX2M)                                 1.10      25.33 f
  RAM/U6667/Y (CLKBUFX2M)                                 1.06      26.39 f
  RAM/U6495/Y (CLKBUFX8M)                                 1.12      27.51 f
  RAM/U6494/Y (CLKBUFX8M)                                 1.14      28.65 f
  RAM/U6501/Y (CLKBUFX8M)                                 1.14      29.78 f
  RAM/U7495/Y (OAI2BB2X1M)                                0.96      30.74 r
  RAM/mem_reg_74__1_/D (SDFFRQX1M)                        0.00      30.74 r
  data arrival time                                                 30.74

  clock clk (rise edge)                                 100.00     100.00
  clock network delay (ideal)                             0.00     100.00
  clock uncertainty                                      -0.20      99.80
  RAM/mem_reg_74__1_/CK (SDFFRQX1M)                       0.00      99.80 r
  library setup time                                     -0.41      99.39
  data required time                                                99.39
  --------------------------------------------------------------------------
  data required time                                                99.39
  data arrival time                                                -30.74
  --------------------------------------------------------------------------
  slack (MET)                                                       68.65


  Startpoint: MOSI (input port clocked by clk)
  Endpoint: RAM/mem_reg_75__1_
            (rising edge-triggered flip-flop clocked by clk)
  Path Group: clk
  Path Type: max

  Des/Clust/Port     Wire Load Model       Library
  ------------------------------------------------
  SPI_Wrapper        tsmc13_wl30           scmetro_tsmc_cl013g_rvt_ff_1p32v_m40c

  Point                                                   Incr       Path
  --------------------------------------------------------------------------
  clock clk (rise edge)                                   0.00       0.00
  clock network delay (ideal)                             0.00       0.00
  input external delay                                   20.00      20.00 r
  MOSI (in)                                               0.17      20.17 r
  U4/Y (CLKBUFX2M)                                        0.65      20.82 r
  SPI_slave/MOSI (SPI_Slave_test_1)                       0.00      20.82 r
  SPI_slave/U8/Y (INVXLM)                                 0.59      21.41 f
  SPI_slave/U27/Y (NOR3X6M)                               0.85      22.26 r
  SPI_slave/U33/Y (NAND2X2M)                              0.99      23.25 f
  SPI_slave/U32/Y (NOR2X2M)                               0.98      24.23 r
  SPI_slave/rx_data[1] (SPI_Slave_test_1)                 0.00      24.23 r
  RAM/din[1] (single_port_Ram_test_1)                     0.00      24.23 r
  RAM/U6741/Y (CLKINVX2M)                                 1.10      25.33 f
  RAM/U6667/Y (CLKBUFX2M)                                 1.06      26.39 f
  RAM/U6495/Y (CLKBUFX8M)                                 1.12      27.51 f
  RAM/U6494/Y (CLKBUFX8M)                                 1.14      28.65 f
  RAM/U6501/Y (CLKBUFX8M)                                 1.14      29.78 f
  RAM/U7503/Y (OAI2BB2X1M)                                0.96      30.74 r
  RAM/mem_reg_75__1_/D (SDFFRQX1M)                        0.00      30.74 r
  data arrival time                                                 30.74

  clock clk (rise edge)                                 100.00     100.00
  clock network delay (ideal)                             0.00     100.00
  clock uncertainty                                      -0.20      99.80
  RAM/mem_reg_75__1_/CK (SDFFRQX1M)                       0.00      99.80 r
  library setup time                                     -0.41      99.39
  data required time                                                99.39
  --------------------------------------------------------------------------
  data required time                                                99.39
  data arrival time                                                -30.74
  --------------------------------------------------------------------------
  slack (MET)                                                       68.65


  Startpoint: MOSI (input port clocked by clk)
  Endpoint: RAM/mem_reg_143__1_
            (rising edge-triggered flip-flop clocked by clk)
  Path Group: clk
  Path Type: max

  Des/Clust/Port     Wire Load Model       Library
  ------------------------------------------------
  SPI_Wrapper        tsmc13_wl30           scmetro_tsmc_cl013g_rvt_ff_1p32v_m40c

  Point                                                   Incr       Path
  --------------------------------------------------------------------------
  clock clk (rise edge)                                   0.00       0.00
  clock network delay (ideal)                             0.00       0.00
  input external delay                                   20.00      20.00 r
  MOSI (in)                                               0.17      20.17 r
  U4/Y (CLKBUFX2M)                                        0.65      20.82 r
  SPI_slave/MOSI (SPI_Slave_test_1)                       0.00      20.82 r
  SPI_slave/U8/Y (INVXLM)                                 0.59      21.41 f
  SPI_slave/U27/Y (NOR3X6M)                               0.85      22.26 r
  SPI_slave/U33/Y (NAND2X2M)                              0.99      23.25 f
  SPI_slave/U32/Y (NOR2X2M)                               0.98      24.23 r
  SPI_slave/rx_data[1] (SPI_Slave_test_1)                 0.00      24.23 r
  RAM/din[1] (single_port_Ram_test_1)                     0.00      24.23 r
  RAM/U6741/Y (CLKINVX2M)                                 1.10      25.33 f
  RAM/U6667/Y (CLKBUFX2M)                                 1.06      26.39 f
  RAM/U6495/Y (CLKBUFX8M)                                 1.12      27.51 f
  RAM/U6494/Y (CLKBUFX8M)                                 1.14      28.65 f
  RAM/U6501/Y (CLKBUFX8M)                                 1.14      29.78 f
  RAM/U8047/Y (OAI2BB2X1M)                                0.96      30.74 r
  RAM/mem_reg_143__1_/D (SDFFRQX1M)                       0.00      30.74 r
  data arrival time                                                 30.74

  clock clk (rise edge)                                 100.00     100.00
  clock network delay (ideal)                             0.00     100.00
  clock uncertainty                                      -0.20      99.80
  RAM/mem_reg_143__1_/CK (SDFFRQX1M)                      0.00      99.80 r
  library setup time                                     -0.41      99.39
  data required time                                                99.39
  --------------------------------------------------------------------------
  data required time                                                99.39
  data arrival time                                                -30.74
  --------------------------------------------------------------------------
  slack (MET)                                                       68.65


  Startpoint: MOSI (input port clocked by clk)
  Endpoint: RAM/mem_reg_173__1_
            (rising edge-triggered flip-flop clocked by clk)
  Path Group: clk
  Path Type: max

  Des/Clust/Port     Wire Load Model       Library
  ------------------------------------------------
  SPI_Wrapper        tsmc13_wl30           scmetro_tsmc_cl013g_rvt_ff_1p32v_m40c

  Point                                                   Incr       Path
  --------------------------------------------------------------------------
  clock clk (rise edge)                                   0.00       0.00
  clock network delay (ideal)                             0.00       0.00
  input external delay                                   20.00      20.00 r
  MOSI (in)                                               0.17      20.17 r
  U4/Y (CLKBUFX2M)                                        0.65      20.82 r
  SPI_slave/MOSI (SPI_Slave_test_1)                       0.00      20.82 r
  SPI_slave/U8/Y (INVXLM)                                 0.59      21.41 f
  SPI_slave/U27/Y (NOR3X6M)                               0.85      22.26 r
  SPI_slave/U33/Y (NAND2X2M)                              0.99      23.25 f
  SPI_slave/U32/Y (NOR2X2M)                               0.98      24.23 r
  SPI_slave/rx_data[1] (SPI_Slave_test_1)                 0.00      24.23 r
  RAM/din[1] (single_port_Ram_test_1)                     0.00      24.23 r
  RAM/U6741/Y (CLKINVX2M)                                 1.10      25.33 f
  RAM/U6667/Y (CLKBUFX2M)                                 1.06      26.39 f
  RAM/U6495/Y (CLKBUFX8M)                                 1.12      27.51 f
  RAM/U6494/Y (CLKBUFX8M)                                 1.14      28.65 f
  RAM/U6501/Y (CLKBUFX8M)                                 1.14      29.78 f
  RAM/U8287/Y (OAI2BB2X1M)                                0.96      30.74 r
  RAM/mem_reg_173__1_/D (SDFFRQX1M)                       0.00      30.74 r
  data arrival time                                                 30.74

  clock clk (rise edge)                                 100.00     100.00
  clock network delay (ideal)                             0.00     100.00
  clock uncertainty                                      -0.20      99.80
  RAM/mem_reg_173__1_/CK (SDFFRQX1M)                      0.00      99.80 r
  library setup time                                     -0.41      99.39
  data required time                                                99.39
  --------------------------------------------------------------------------
  data required time                                                99.39
  data arrival time                                                -30.74
  --------------------------------------------------------------------------
  slack (MET)                                                       68.65


  Startpoint: MOSI (input port clocked by clk)
  Endpoint: RAM/mem_reg_68__1_
            (rising edge-triggered flip-flop clocked by clk)
  Path Group: clk
  Path Type: max

  Des/Clust/Port     Wire Load Model       Library
  ------------------------------------------------
  SPI_Wrapper        tsmc13_wl30           scmetro_tsmc_cl013g_rvt_ff_1p32v_m40c

  Point                                                   Incr       Path
  --------------------------------------------------------------------------
  clock clk (rise edge)                                   0.00       0.00
  clock network delay (ideal)                             0.00       0.00
  input external delay                                   20.00      20.00 r
  MOSI (in)                                               0.17      20.17 r
  U4/Y (CLKBUFX2M)                                        0.65      20.82 r
  SPI_slave/MOSI (SPI_Slave_test_1)                       0.00      20.82 r
  SPI_slave/U8/Y (INVXLM)                                 0.59      21.41 f
  SPI_slave/U27/Y (NOR3X6M)                               0.85      22.26 r
  SPI_slave/U33/Y (NAND2X2M)                              0.99      23.25 f
  SPI_slave/U32/Y (NOR2X2M)                               0.98      24.23 r
  SPI_slave/rx_data[1] (SPI_Slave_test_1)                 0.00      24.23 r
  RAM/din[1] (single_port_Ram_test_1)                     0.00      24.23 r
  RAM/U6741/Y (CLKINVX2M)                                 1.10      25.33 f
  RAM/U6666/Y (CLKBUFX2M)                                 1.04      26.36 f
  RAM/U6578/Y (CLKBUFX2M)                                 1.06      27.42 f
  RAM/U6503/Y (CLKBUFX8M)                                 1.12      28.54 f
  RAM/U6497/Y (CLKBUFX8M)                                 1.14      29.68 f
  RAM/U7447/Y (OAI2BB2X1M)                                0.96      30.64 r
  RAM/mem_reg_68__1_/D (SDFFRQX1M)                        0.00      30.64 r
  data arrival time                                                 30.64

  clock clk (rise edge)                                 100.00     100.00
  clock network delay (ideal)                             0.00     100.00
  clock uncertainty                                      -0.20      99.80
  RAM/mem_reg_68__1_/CK (SDFFRQX1M)                       0.00      99.80 r
  library setup time                                     -0.41      99.39
  data required time                                                99.39
  --------------------------------------------------------------------------
  data required time                                                99.39
  data arrival time                                                -30.64
  --------------------------------------------------------------------------
  slack (MET)                                                       68.76


  Startpoint: MOSI (input port clocked by clk)
  Endpoint: RAM/mem_reg_69__1_
            (rising edge-triggered flip-flop clocked by clk)
  Path Group: clk
  Path Type: max

  Des/Clust/Port     Wire Load Model       Library
  ------------------------------------------------
  SPI_Wrapper        tsmc13_wl30           scmetro_tsmc_cl013g_rvt_ff_1p32v_m40c

  Point                                                   Incr       Path
  --------------------------------------------------------------------------
  clock clk (rise edge)                                   0.00       0.00
  clock network delay (ideal)                             0.00       0.00
  input external delay                                   20.00      20.00 r
  MOSI (in)                                               0.17      20.17 r
  U4/Y (CLKBUFX2M)                                        0.65      20.82 r
  SPI_slave/MOSI (SPI_Slave_test_1)                       0.00      20.82 r
  SPI_slave/U8/Y (INVXLM)                                 0.59      21.41 f
  SPI_slave/U27/Y (NOR3X6M)                               0.85      22.26 r
  SPI_slave/U33/Y (NAND2X2M)                              0.99      23.25 f
  SPI_slave/U32/Y (NOR2X2M)                               0.98      24.23 r
  SPI_slave/rx_data[1] (SPI_Slave_test_1)                 0.00      24.23 r
  RAM/din[1] (single_port_Ram_test_1)                     0.00      24.23 r
  RAM/U6741/Y (CLKINVX2M)                                 1.10      25.33 f
  RAM/U6666/Y (CLKBUFX2M)                                 1.04      26.36 f
  RAM/U6578/Y (CLKBUFX2M)                                 1.06      27.42 f
  RAM/U6503/Y (CLKBUFX8M)                                 1.12      28.54 f
  RAM/U6497/Y (CLKBUFX8M)                                 1.14      29.68 f
  RAM/U7455/Y (OAI2BB2X1M)                                0.96      30.64 r
  RAM/mem_reg_69__1_/D (SDFFRQX1M)                        0.00      30.64 r
  data arrival time                                                 30.64

  clock clk (rise edge)                                 100.00     100.00
  clock network delay (ideal)                             0.00     100.00
  clock uncertainty                                      -0.20      99.80
  RAM/mem_reg_69__1_/CK (SDFFRQX1M)                       0.00      99.80 r
  library setup time                                     -0.41      99.39
  data required time                                                99.39
  --------------------------------------------------------------------------
  data required time                                                99.39
  data arrival time                                                -30.64
  --------------------------------------------------------------------------
  slack (MET)                                                       68.76


  Startpoint: MOSI (input port clocked by clk)
  Endpoint: RAM/mem_reg_70__1_
            (rising edge-triggered flip-flop clocked by clk)
  Path Group: clk
  Path Type: max

  Des/Clust/Port     Wire Load Model       Library
  ------------------------------------------------
  SPI_Wrapper        tsmc13_wl30           scmetro_tsmc_cl013g_rvt_ff_1p32v_m40c

  Point                                                   Incr       Path
  --------------------------------------------------------------------------
  clock clk (rise edge)                                   0.00       0.00
  clock network delay (ideal)                             0.00       0.00
  input external delay                                   20.00      20.00 r
  MOSI (in)                                               0.17      20.17 r
  U4/Y (CLKBUFX2M)                                        0.65      20.82 r
  SPI_slave/MOSI (SPI_Slave_test_1)                       0.00      20.82 r
  SPI_slave/U8/Y (INVXLM)                                 0.59      21.41 f
  SPI_slave/U27/Y (NOR3X6M)                               0.85      22.26 r
  SPI_slave/U33/Y (NAND2X2M)                              0.99      23.25 f
  SPI_slave/U32/Y (NOR2X2M)                               0.98      24.23 r
  SPI_slave/rx_data[1] (SPI_Slave_test_1)                 0.00      24.23 r
  RAM/din[1] (single_port_Ram_test_1)                     0.00      24.23 r
  RAM/U6741/Y (CLKINVX2M)                                 1.10      25.33 f
  RAM/U6666/Y (CLKBUFX2M)                                 1.04      26.36 f
  RAM/U6578/Y (CLKBUFX2M)                                 1.06      27.42 f
  RAM/U6503/Y (CLKBUFX8M)                                 1.12      28.54 f
  RAM/U6497/Y (CLKBUFX8M)                                 1.14      29.68 f
  RAM/U7463/Y (OAI2BB2X1M)                                0.96      30.64 r
  RAM/mem_reg_70__1_/D (SDFFRQX1M)                        0.00      30.64 r
  data arrival time                                                 30.64

  clock clk (rise edge)                                 100.00     100.00
  clock network delay (ideal)                             0.00     100.00
  clock uncertainty                                      -0.20      99.80
  RAM/mem_reg_70__1_/CK (SDFFRQX1M)                       0.00      99.80 r
  library setup time                                     -0.41      99.39
  data required time                                                99.39
  --------------------------------------------------------------------------
  data required time                                                99.39
  data arrival time                                                -30.64
  --------------------------------------------------------------------------
  slack (MET)                                                       68.76


  Startpoint: MOSI (input port clocked by clk)
  Endpoint: RAM/mem_reg_71__1_
            (rising edge-triggered flip-flop clocked by clk)
  Path Group: clk
  Path Type: max

  Des/Clust/Port     Wire Load Model       Library
  ------------------------------------------------
  SPI_Wrapper        tsmc13_wl30           scmetro_tsmc_cl013g_rvt_ff_1p32v_m40c

  Point                                                   Incr       Path
  --------------------------------------------------------------------------
  clock clk (rise edge)                                   0.00       0.00
  clock network delay (ideal)                             0.00       0.00
  input external delay                                   20.00      20.00 r
  MOSI (in)                                               0.17      20.17 r
  U4/Y (CLKBUFX2M)                                        0.65      20.82 r
  SPI_slave/MOSI (SPI_Slave_test_1)                       0.00      20.82 r
  SPI_slave/U8/Y (INVXLM)                                 0.59      21.41 f
  SPI_slave/U27/Y (NOR3X6M)                               0.85      22.26 r
  SPI_slave/U33/Y (NAND2X2M)                              0.99      23.25 f
  SPI_slave/U32/Y (NOR2X2M)                               0.98      24.23 r
  SPI_slave/rx_data[1] (SPI_Slave_test_1)                 0.00      24.23 r
  RAM/din[1] (single_port_Ram_test_1)                     0.00      24.23 r
  RAM/U6741/Y (CLKINVX2M)                                 1.10      25.33 f
  RAM/U6666/Y (CLKBUFX2M)                                 1.04      26.36 f
  RAM/U6578/Y (CLKBUFX2M)                                 1.06      27.42 f
  RAM/U6503/Y (CLKBUFX8M)                                 1.12      28.54 f
  RAM/U6497/Y (CLKBUFX8M)                                 1.14      29.68 f
  RAM/U7471/Y (OAI2BB2X1M)                                0.96      30.64 r
  RAM/mem_reg_71__1_/D (SDFFRQX1M)                        0.00      30.64 r
  data arrival time                                                 30.64

  clock clk (rise edge)                                 100.00     100.00
  clock network delay (ideal)                             0.00     100.00
  clock uncertainty                                      -0.20      99.80
  RAM/mem_reg_71__1_/CK (SDFFRQX1M)                       0.00      99.80 r
  library setup time                                     -0.41      99.39
  data required time                                                99.39
  --------------------------------------------------------------------------
  data required time                                                99.39
  data arrival time                                                -30.64
  --------------------------------------------------------------------------
  slack (MET)                                                       68.76


  Startpoint: MOSI (input port clocked by clk)
  Endpoint: RAM/mem_reg_64__1_
            (rising edge-triggered flip-flop clocked by clk)
  Path Group: clk
  Path Type: max

  Des/Clust/Port     Wire Load Model       Library
  ------------------------------------------------
  SPI_Wrapper        tsmc13_wl30           scmetro_tsmc_cl013g_rvt_ff_1p32v_m40c

  Point                                                   Incr       Path
  --------------------------------------------------------------------------
  clock clk (rise edge)                                   0.00       0.00
  clock network delay (ideal)                             0.00       0.00
  input external delay                                   20.00      20.00 r
  MOSI (in)                                               0.17      20.17 r
  U4/Y (CLKBUFX2M)                                        0.65      20.82 r
  SPI_slave/MOSI (SPI_Slave_test_1)                       0.00      20.82 r
  SPI_slave/U8/Y (INVXLM)                                 0.59      21.41 f
  SPI_slave/U27/Y (NOR3X6M)                               0.85      22.26 r
  SPI_slave/U33/Y (NAND2X2M)                              0.99      23.25 f
  SPI_slave/U32/Y (NOR2X2M)                               0.98      24.23 r
  SPI_slave/rx_data[1] (SPI_Slave_test_1)                 0.00      24.23 r
  RAM/din[1] (single_port_Ram_test_1)                     0.00      24.23 r
  RAM/U6741/Y (CLKINVX2M)                                 1.10      25.33 f
  RAM/U6666/Y (CLKBUFX2M)                                 1.04      26.36 f
  RAM/U6578/Y (CLKBUFX2M)                                 1.06      27.42 f
  RAM/U6503/Y (CLKBUFX8M)                                 1.12      28.54 f
  RAM/U6497/Y (CLKBUFX8M)                                 1.14      29.68 f
  RAM/U7415/Y (OAI2BB2X1M)                                0.96      30.64 r
  RAM/mem_reg_64__1_/D (SDFFRQX1M)                        0.00      30.64 r
  data arrival time                                                 30.64

  clock clk (rise edge)                                 100.00     100.00
  clock network delay (ideal)                             0.00     100.00
  clock uncertainty                                      -0.20      99.80
  RAM/mem_reg_64__1_/CK (SDFFRQX1M)                       0.00      99.80 r
  library setup time                                     -0.41      99.39
  data required time                                                99.39
  --------------------------------------------------------------------------
  data required time                                                99.39
  data arrival time                                                -30.64
  --------------------------------------------------------------------------
  slack (MET)                                                       68.76


  Startpoint: MOSI (input port clocked by clk)
  Endpoint: RAM/mem_reg_65__1_
            (rising edge-triggered flip-flop clocked by clk)
  Path Group: clk
  Path Type: max

  Des/Clust/Port     Wire Load Model       Library
  ------------------------------------------------
  SPI_Wrapper        tsmc13_wl30           scmetro_tsmc_cl013g_rvt_ff_1p32v_m40c

  Point                                                   Incr       Path
  --------------------------------------------------------------------------
  clock clk (rise edge)                                   0.00       0.00
  clock network delay (ideal)                             0.00       0.00
  input external delay                                   20.00      20.00 r
  MOSI (in)                                               0.17      20.17 r
  U4/Y (CLKBUFX2M)                                        0.65      20.82 r
  SPI_slave/MOSI (SPI_Slave_test_1)                       0.00      20.82 r
  SPI_slave/U8/Y (INVXLM)                                 0.59      21.41 f
  SPI_slave/U27/Y (NOR3X6M)                               0.85      22.26 r
  SPI_slave/U33/Y (NAND2X2M)                              0.99      23.25 f
  SPI_slave/U32/Y (NOR2X2M)                               0.98      24.23 r
  SPI_slave/rx_data[1] (SPI_Slave_test_1)                 0.00      24.23 r
  RAM/din[1] (single_port_Ram_test_1)                     0.00      24.23 r
  RAM/U6741/Y (CLKINVX2M)                                 1.10      25.33 f
  RAM/U6666/Y (CLKBUFX2M)                                 1.04      26.36 f
  RAM/U6578/Y (CLKBUFX2M)                                 1.06      27.42 f
  RAM/U6503/Y (CLKBUFX8M)                                 1.12      28.54 f
  RAM/U6497/Y (CLKBUFX8M)                                 1.14      29.68 f
  RAM/U7423/Y (OAI2BB2X1M)                                0.96      30.64 r
  RAM/mem_reg_65__1_/D (SDFFRQX1M)                        0.00      30.64 r
  data arrival time                                                 30.64

  clock clk (rise edge)                                 100.00     100.00
  clock network delay (ideal)                             0.00     100.00
  clock uncertainty                                      -0.20      99.80
  RAM/mem_reg_65__1_/CK (SDFFRQX1M)                       0.00      99.80 r
  library setup time                                     -0.41      99.39
  data required time                                                99.39
  --------------------------------------------------------------------------
  data required time                                                99.39
  data arrival time                                                -30.64
  --------------------------------------------------------------------------
  slack (MET)                                                       68.76


  Startpoint: MOSI (input port clocked by clk)
  Endpoint: RAM/mem_reg_66__1_
            (rising edge-triggered flip-flop clocked by clk)
  Path Group: clk
  Path Type: max

  Des/Clust/Port     Wire Load Model       Library
  ------------------------------------------------
  SPI_Wrapper        tsmc13_wl30           scmetro_tsmc_cl013g_rvt_ff_1p32v_m40c

  Point                                                   Incr       Path
  --------------------------------------------------------------------------
  clock clk (rise edge)                                   0.00       0.00
  clock network delay (ideal)                             0.00       0.00
  input external delay                                   20.00      20.00 r
  MOSI (in)                                               0.17      20.17 r
  U4/Y (CLKBUFX2M)                                        0.65      20.82 r
  SPI_slave/MOSI (SPI_Slave_test_1)                       0.00      20.82 r
  SPI_slave/U8/Y (INVXLM)                                 0.59      21.41 f
  SPI_slave/U27/Y (NOR3X6M)                               0.85      22.26 r
  SPI_slave/U33/Y (NAND2X2M)                              0.99      23.25 f
  SPI_slave/U32/Y (NOR2X2M)                               0.98      24.23 r
  SPI_slave/rx_data[1] (SPI_Slave_test_1)                 0.00      24.23 r
  RAM/din[1] (single_port_Ram_test_1)                     0.00      24.23 r
  RAM/U6741/Y (CLKINVX2M)                                 1.10      25.33 f
  RAM/U6666/Y (CLKBUFX2M)                                 1.04      26.36 f
  RAM/U6578/Y (CLKBUFX2M)                                 1.06      27.42 f
  RAM/U6503/Y (CLKBUFX8M)                                 1.12      28.54 f
  RAM/U6497/Y (CLKBUFX8M)                                 1.14      29.68 f
  RAM/U7431/Y (OAI2BB2X1M)                                0.96      30.64 r
  RAM/mem_reg_66__1_/D (SDFFRQX1M)                        0.00      30.64 r
  data arrival time                                                 30.64

  clock clk (rise edge)                                 100.00     100.00
  clock network delay (ideal)                             0.00     100.00
  clock uncertainty                                      -0.20      99.80
  RAM/mem_reg_66__1_/CK (SDFFRQX1M)                       0.00      99.80 r
  library setup time                                     -0.41      99.39
  data required time                                                99.39
  --------------------------------------------------------------------------
  data required time                                                99.39
  data arrival time                                                -30.64
  --------------------------------------------------------------------------
  slack (MET)                                                       68.76


  Startpoint: MOSI (input port clocked by clk)
  Endpoint: RAM/mem_reg_67__1_
            (rising edge-triggered flip-flop clocked by clk)
  Path Group: clk
  Path Type: max

  Des/Clust/Port     Wire Load Model       Library
  ------------------------------------------------
  SPI_Wrapper        tsmc13_wl30           scmetro_tsmc_cl013g_rvt_ff_1p32v_m40c

  Point                                                   Incr       Path
  --------------------------------------------------------------------------
  clock clk (rise edge)                                   0.00       0.00
  clock network delay (ideal)                             0.00       0.00
  input external delay                                   20.00      20.00 r
  MOSI (in)                                               0.17      20.17 r
  U4/Y (CLKBUFX2M)                                        0.65      20.82 r
  SPI_slave/MOSI (SPI_Slave_test_1)                       0.00      20.82 r
  SPI_slave/U8/Y (INVXLM)                                 0.59      21.41 f
  SPI_slave/U27/Y (NOR3X6M)                               0.85      22.26 r
  SPI_slave/U33/Y (NAND2X2M)                              0.99      23.25 f
  SPI_slave/U32/Y (NOR2X2M)                               0.98      24.23 r
  SPI_slave/rx_data[1] (SPI_Slave_test_1)                 0.00      24.23 r
  RAM/din[1] (single_port_Ram_test_1)                     0.00      24.23 r
  RAM/U6741/Y (CLKINVX2M)                                 1.10      25.33 f
  RAM/U6666/Y (CLKBUFX2M)                                 1.04      26.36 f
  RAM/U6578/Y (CLKBUFX2M)                                 1.06      27.42 f
  RAM/U6503/Y (CLKBUFX8M)                                 1.12      28.54 f
  RAM/U6497/Y (CLKBUFX8M)                                 1.14      29.68 f
  RAM/U7439/Y (OAI2BB2X1M)                                0.96      30.64 r
  RAM/mem_reg_67__1_/D (SDFFRQX1M)                        0.00      30.64 r
  data arrival time                                                 30.64

  clock clk (rise edge)                                 100.00     100.00
  clock network delay (ideal)                             0.00     100.00
  clock uncertainty                                      -0.20      99.80
  RAM/mem_reg_67__1_/CK (SDFFRQX1M)                       0.00      99.80 r
  library setup time                                     -0.41      99.39
  data required time                                                99.39
  --------------------------------------------------------------------------
  data required time                                                99.39
  data arrival time                                                -30.64
  --------------------------------------------------------------------------
  slack (MET)                                                       68.76


  Startpoint: MOSI (input port clocked by clk)
  Endpoint: RAM/mem_reg_161__1_
            (rising edge-triggered flip-flop clocked by clk)
  Path Group: clk
  Path Type: max

  Des/Clust/Port     Wire Load Model       Library
  ------------------------------------------------
  SPI_Wrapper        tsmc13_wl30           scmetro_tsmc_cl013g_rvt_ff_1p32v_m40c

  Point                                                   Incr       Path
  --------------------------------------------------------------------------
  clock clk (rise edge)                                   0.00       0.00
  clock network delay (ideal)                             0.00       0.00
  input external delay                                   20.00      20.00 r
  MOSI (in)                                               0.17      20.17 r
  U4/Y (CLKBUFX2M)                                        0.65      20.82 r
  SPI_slave/MOSI (SPI_Slave_test_1)                       0.00      20.82 r
  SPI_slave/U8/Y (INVXLM)                                 0.59      21.41 f
  SPI_slave/U27/Y (NOR3X6M)                               0.85      22.26 r
  SPI_slave/U33/Y (NAND2X2M)                              0.99      23.25 f
  SPI_slave/U32/Y (NOR2X2M)                               0.98      24.23 r
  SPI_slave/rx_data[1] (SPI_Slave_test_1)                 0.00      24.23 r
  RAM/din[1] (single_port_Ram_test_1)                     0.00      24.23 r
  RAM/U6741/Y (CLKINVX2M)                                 1.10      25.33 f
  RAM/U6666/Y (CLKBUFX2M)                                 1.04      26.36 f
  RAM/U6578/Y (CLKBUFX2M)                                 1.06      27.42 f
  RAM/U6503/Y (CLKBUFX8M)                                 1.12      28.54 f
  RAM/U6497/Y (CLKBUFX8M)                                 1.14      29.68 f
  RAM/U8191/Y (OAI2BB2X1M)                                0.96      30.64 r
  RAM/mem_reg_161__1_/D (SDFFRQX1M)                       0.00      30.64 r
  data arrival time                                                 30.64

  clock clk (rise edge)                                 100.00     100.00
  clock network delay (ideal)                             0.00     100.00
  clock uncertainty                                      -0.20      99.80
  RAM/mem_reg_161__1_/CK (SDFFRQX1M)                      0.00      99.80 r
  library setup time                                     -0.41      99.39
  data required time                                                99.39
  --------------------------------------------------------------------------
  data required time                                                99.39
  data arrival time                                                -30.64
  --------------------------------------------------------------------------
  slack (MET)                                                       68.76


  Startpoint: MOSI (input port clocked by clk)
  Endpoint: RAM/mem_reg_157__1_
            (rising edge-triggered flip-flop clocked by clk)
  Path Group: clk
  Path Type: max

  Des/Clust/Port     Wire Load Model       Library
  ------------------------------------------------
  SPI_Wrapper        tsmc13_wl30           scmetro_tsmc_cl013g_rvt_ff_1p32v_m40c

  Point                                                   Incr       Path
  --------------------------------------------------------------------------
  clock clk (rise edge)                                   0.00       0.00
  clock network delay (ideal)                             0.00       0.00
  input external delay                                   20.00      20.00 r
  MOSI (in)                                               0.17      20.17 r
  U4/Y (CLKBUFX2M)                                        0.65      20.82 r
  SPI_slave/MOSI (SPI_Slave_test_1)                       0.00      20.82 r
  SPI_slave/U8/Y (INVXLM)                                 0.59      21.41 f
  SPI_slave/U27/Y (NOR3X6M)                               0.85      22.26 r
  SPI_slave/U33/Y (NAND2X2M)                              0.99      23.25 f
  SPI_slave/U32/Y (NOR2X2M)                               0.98      24.23 r
  SPI_slave/rx_data[1] (SPI_Slave_test_1)                 0.00      24.23 r
  RAM/din[1] (single_port_Ram_test_1)                     0.00      24.23 r
  RAM/U6741/Y (CLKINVX2M)                                 1.10      25.33 f
  RAM/U6666/Y (CLKBUFX2M)                                 1.04      26.36 f
  RAM/U6578/Y (CLKBUFX2M)                                 1.06      27.42 f
  RAM/U6503/Y (CLKBUFX8M)                                 1.12      28.54 f
  RAM/U6497/Y (CLKBUFX8M)                                 1.14      29.68 f
  RAM/U8159/Y (OAI2BB2X1M)                                0.96      30.64 r
  RAM/mem_reg_157__1_/D (SDFFRQX1M)                       0.00      30.64 r
  data arrival time                                                 30.64

  clock clk (rise edge)                                 100.00     100.00
  clock network delay (ideal)                             0.00     100.00
  clock uncertainty                                      -0.20      99.80
  RAM/mem_reg_157__1_/CK (SDFFRQX1M)                      0.00      99.80 r
  library setup time                                     -0.41      99.39
  data required time                                                99.39
  --------------------------------------------------------------------------
  data required time                                                99.39
  data arrival time                                                -30.64
  --------------------------------------------------------------------------
  slack (MET)                                                       68.76


  Startpoint: MOSI (input port clocked by clk)
  Endpoint: RAM/mem_reg_59__1_
            (rising edge-triggered flip-flop clocked by clk)
  Path Group: clk
  Path Type: max

  Des/Clust/Port     Wire Load Model       Library
  ------------------------------------------------
  SPI_Wrapper        tsmc13_wl30           scmetro_tsmc_cl013g_rvt_ff_1p32v_m40c

  Point                                                   Incr       Path
  --------------------------------------------------------------------------
  clock clk (rise edge)                                   0.00       0.00
  clock network delay (ideal)                             0.00       0.00
  input external delay                                   20.00      20.00 r
  MOSI (in)                                               0.17      20.17 r
  U4/Y (CLKBUFX2M)                                        0.65      20.82 r
  SPI_slave/MOSI (SPI_Slave_test_1)                       0.00      20.82 r
  SPI_slave/U8/Y (INVXLM)                                 0.59      21.41 f
  SPI_slave/U27/Y (NOR3X6M)                               0.85      22.26 r
  SPI_slave/U33/Y (NAND2X2M)                              0.99      23.25 f
  SPI_slave/U32/Y (NOR2X2M)                               0.98      24.23 r
  SPI_slave/rx_data[1] (SPI_Slave_test_1)                 0.00      24.23 r
  RAM/din[1] (single_port_Ram_test_1)                     0.00      24.23 r
  RAM/U6741/Y (CLKINVX2M)                                 1.10      25.33 f
  RAM/U6666/Y (CLKBUFX2M)                                 1.04      26.36 f
  RAM/U6578/Y (CLKBUFX2M)                                 1.06      27.42 f
  RAM/U6503/Y (CLKBUFX8M)                                 1.12      28.54 f
  RAM/U6497/Y (CLKBUFX8M)                                 1.14      29.68 f
  RAM/U7375/Y (OAI2BB2X1M)                                0.96      30.64 r
  RAM/mem_reg_59__1_/D (SDFFRQX1M)                        0.00      30.64 r
  data arrival time                                                 30.64

  clock clk (rise edge)                                 100.00     100.00
  clock network delay (ideal)                             0.00     100.00
  clock uncertainty                                      -0.20      99.80
  RAM/mem_reg_59__1_/CK (SDFFRQX1M)                       0.00      99.80 r
  library setup time                                     -0.41      99.39
  data required time                                                99.39
  --------------------------------------------------------------------------
  data required time                                                99.39
  data arrival time                                                -30.64
  --------------------------------------------------------------------------
  slack (MET)                                                       68.76


  Startpoint: MOSI (input port clocked by clk)
  Endpoint: RAM/mem_reg_60__1_
            (rising edge-triggered flip-flop clocked by clk)
  Path Group: clk
  Path Type: max

  Des/Clust/Port     Wire Load Model       Library
  ------------------------------------------------
  SPI_Wrapper        tsmc13_wl30           scmetro_tsmc_cl013g_rvt_ff_1p32v_m40c

  Point                                                   Incr       Path
  --------------------------------------------------------------------------
  clock clk (rise edge)                                   0.00       0.00
  clock network delay (ideal)                             0.00       0.00
  input external delay                                   20.00      20.00 r
  MOSI (in)                                               0.17      20.17 r
  U4/Y (CLKBUFX2M)                                        0.65      20.82 r
  SPI_slave/MOSI (SPI_Slave_test_1)                       0.00      20.82 r
  SPI_slave/U8/Y (INVXLM)                                 0.59      21.41 f
  SPI_slave/U27/Y (NOR3X6M)                               0.85      22.26 r
  SPI_slave/U33/Y (NAND2X2M)                              0.99      23.25 f
  SPI_slave/U32/Y (NOR2X2M)                               0.98      24.23 r
  SPI_slave/rx_data[1] (SPI_Slave_test_1)                 0.00      24.23 r
  RAM/din[1] (single_port_Ram_test_1)                     0.00      24.23 r
  RAM/U6741/Y (CLKINVX2M)                                 1.10      25.33 f
  RAM/U6666/Y (CLKBUFX2M)                                 1.04      26.36 f
  RAM/U6578/Y (CLKBUFX2M)                                 1.06      27.42 f
  RAM/U6503/Y (CLKBUFX8M)                                 1.12      28.54 f
  RAM/U6497/Y (CLKBUFX8M)                                 1.14      29.68 f
  RAM/U7383/Y (OAI2BB2X1M)                                0.96      30.64 r
  RAM/mem_reg_60__1_/D (SDFFRQX1M)                        0.00      30.64 r
  data arrival time                                                 30.64

  clock clk (rise edge)                                 100.00     100.00
  clock network delay (ideal)                             0.00     100.00
  clock uncertainty                                      -0.20      99.80
  RAM/mem_reg_60__1_/CK (SDFFRQX1M)                       0.00      99.80 r
  library setup time                                     -0.41      99.39
  data required time                                                99.39
  --------------------------------------------------------------------------
  data required time                                                99.39
  data arrival time                                                -30.64
  --------------------------------------------------------------------------
  slack (MET)                                                       68.76


  Startpoint: MOSI (input port clocked by clk)
  Endpoint: RAM/mem_reg_61__1_
            (rising edge-triggered flip-flop clocked by clk)
  Path Group: clk
  Path Type: max

  Des/Clust/Port     Wire Load Model       Library
  ------------------------------------------------
  SPI_Wrapper        tsmc13_wl30           scmetro_tsmc_cl013g_rvt_ff_1p32v_m40c

  Point                                                   Incr       Path
  --------------------------------------------------------------------------
  clock clk (rise edge)                                   0.00       0.00
  clock network delay (ideal)                             0.00       0.00
  input external delay                                   20.00      20.00 r
  MOSI (in)                                               0.17      20.17 r
  U4/Y (CLKBUFX2M)                                        0.65      20.82 r
  SPI_slave/MOSI (SPI_Slave_test_1)                       0.00      20.82 r
  SPI_slave/U8/Y (INVXLM)                                 0.59      21.41 f
  SPI_slave/U27/Y (NOR3X6M)                               0.85      22.26 r
  SPI_slave/U33/Y (NAND2X2M)                              0.99      23.25 f
  SPI_slave/U32/Y (NOR2X2M)                               0.98      24.23 r
  SPI_slave/rx_data[1] (SPI_Slave_test_1)                 0.00      24.23 r
  RAM/din[1] (single_port_Ram_test_1)                     0.00      24.23 r
  RAM/U6741/Y (CLKINVX2M)                                 1.10      25.33 f
  RAM/U6666/Y (CLKBUFX2M)                                 1.04      26.36 f
  RAM/U6578/Y (CLKBUFX2M)                                 1.06      27.42 f
  RAM/U6503/Y (CLKBUFX8M)                                 1.12      28.54 f
  RAM/U6497/Y (CLKBUFX8M)                                 1.14      29.68 f
  RAM/U7391/Y (OAI2BB2X1M)                                0.96      30.64 r
  RAM/mem_reg_61__1_/D (SDFFRQX1M)                        0.00      30.64 r
  data arrival time                                                 30.64

  clock clk (rise edge)                                 100.00     100.00
  clock network delay (ideal)                             0.00     100.00
  clock uncertainty                                      -0.20      99.80
  RAM/mem_reg_61__1_/CK (SDFFRQX1M)                       0.00      99.80 r
  library setup time                                     -0.41      99.39
  data required time                                                99.39
  --------------------------------------------------------------------------
  data required time                                                99.39
  data arrival time                                                -30.64
  --------------------------------------------------------------------------
  slack (MET)                                                       68.76


  Startpoint: MOSI (input port clocked by clk)
  Endpoint: RAM/mem_reg_62__1_
            (rising edge-triggered flip-flop clocked by clk)
  Path Group: clk
  Path Type: max

  Des/Clust/Port     Wire Load Model       Library
  ------------------------------------------------
  SPI_Wrapper        tsmc13_wl30           scmetro_tsmc_cl013g_rvt_ff_1p32v_m40c

  Point                                                   Incr       Path
  --------------------------------------------------------------------------
  clock clk (rise edge)                                   0.00       0.00
  clock network delay (ideal)                             0.00       0.00
  input external delay                                   20.00      20.00 r
  MOSI (in)                                               0.17      20.17 r
  U4/Y (CLKBUFX2M)                                        0.65      20.82 r
  SPI_slave/MOSI (SPI_Slave_test_1)                       0.00      20.82 r
  SPI_slave/U8/Y (INVXLM)                                 0.59      21.41 f
  SPI_slave/U27/Y (NOR3X6M)                               0.85      22.26 r
  SPI_slave/U33/Y (NAND2X2M)                              0.99      23.25 f
  SPI_slave/U32/Y (NOR2X2M)                               0.98      24.23 r
  SPI_slave/rx_data[1] (SPI_Slave_test_1)                 0.00      24.23 r
  RAM/din[1] (single_port_Ram_test_1)                     0.00      24.23 r
  RAM/U6741/Y (CLKINVX2M)                                 1.10      25.33 f
  RAM/U6666/Y (CLKBUFX2M)                                 1.04      26.36 f
  RAM/U6578/Y (CLKBUFX2M)                                 1.06      27.42 f
  RAM/U6503/Y (CLKBUFX8M)                                 1.12      28.54 f
  RAM/U6497/Y (CLKBUFX8M)                                 1.14      29.68 f
  RAM/U7399/Y (OAI2BB2X1M)                                0.96      30.64 r
  RAM/mem_reg_62__1_/D (SDFFRQX1M)                        0.00      30.64 r
  data arrival time                                                 30.64

  clock clk (rise edge)                                 100.00     100.00
  clock network delay (ideal)                             0.00     100.00
  clock uncertainty                                      -0.20      99.80
  RAM/mem_reg_62__1_/CK (SDFFRQX1M)                       0.00      99.80 r
  library setup time                                     -0.41      99.39
  data required time                                                99.39
  --------------------------------------------------------------------------
  data required time                                                99.39
  data arrival time                                                -30.64
  --------------------------------------------------------------------------
  slack (MET)                                                       68.76


  Startpoint: MOSI (input port clocked by clk)
  Endpoint: RAM/mem_reg_63__1_
            (rising edge-triggered flip-flop clocked by clk)
  Path Group: clk
  Path Type: max

  Des/Clust/Port     Wire Load Model       Library
  ------------------------------------------------
  SPI_Wrapper        tsmc13_wl30           scmetro_tsmc_cl013g_rvt_ff_1p32v_m40c

  Point                                                   Incr       Path
  --------------------------------------------------------------------------
  clock clk (rise edge)                                   0.00       0.00
  clock network delay (ideal)                             0.00       0.00
  input external delay                                   20.00      20.00 r
  MOSI (in)                                               0.17      20.17 r
  U4/Y (CLKBUFX2M)                                        0.65      20.82 r
  SPI_slave/MOSI (SPI_Slave_test_1)                       0.00      20.82 r
  SPI_slave/U8/Y (INVXLM)                                 0.59      21.41 f
  SPI_slave/U27/Y (NOR3X6M)                               0.85      22.26 r
  SPI_slave/U33/Y (NAND2X2M)                              0.99      23.25 f
  SPI_slave/U32/Y (NOR2X2M)                               0.98      24.23 r
  SPI_slave/rx_data[1] (SPI_Slave_test_1)                 0.00      24.23 r
  RAM/din[1] (single_port_Ram_test_1)                     0.00      24.23 r
  RAM/U6741/Y (CLKINVX2M)                                 1.10      25.33 f
  RAM/U6666/Y (CLKBUFX2M)                                 1.04      26.36 f
  RAM/U6578/Y (CLKBUFX2M)                                 1.06      27.42 f
  RAM/U6503/Y (CLKBUFX8M)                                 1.12      28.54 f
  RAM/U6497/Y (CLKBUFX8M)                                 1.14      29.68 f
  RAM/U7407/Y (OAI2BB2X1M)                                0.96      30.64 r
  RAM/mem_reg_63__1_/D (SDFFRQX1M)                        0.00      30.64 r
  data arrival time                                                 30.64

  clock clk (rise edge)                                 100.00     100.00
  clock network delay (ideal)                             0.00     100.00
  clock uncertainty                                      -0.20      99.80
  RAM/mem_reg_63__1_/CK (SDFFRQX1M)                       0.00      99.80 r
  library setup time                                     -0.41      99.39
  data required time                                                99.39
  --------------------------------------------------------------------------
  data required time                                                99.39
  data arrival time                                                -30.64
  --------------------------------------------------------------------------
  slack (MET)                                                       68.76


  Startpoint: MOSI (input port clocked by clk)
  Endpoint: RAM/mem_reg_195__1_
            (rising edge-triggered flip-flop clocked by clk)
  Path Group: clk
  Path Type: max

  Des/Clust/Port     Wire Load Model       Library
  ------------------------------------------------
  SPI_Wrapper        tsmc13_wl30           scmetro_tsmc_cl013g_rvt_ff_1p32v_m40c

  Point                                                   Incr       Path
  --------------------------------------------------------------------------
  clock clk (rise edge)                                   0.00       0.00
  clock network delay (ideal)                             0.00       0.00
  input external delay                                   20.00      20.00 r
  MOSI (in)                                               0.17      20.17 r
  U4/Y (CLKBUFX2M)                                        0.65      20.82 r
  SPI_slave/MOSI (SPI_Slave_test_1)                       0.00      20.82 r
  SPI_slave/U8/Y (INVXLM)                                 0.59      21.41 f
  SPI_slave/U27/Y (NOR3X6M)                               0.85      22.26 r
  SPI_slave/U33/Y (NAND2X2M)                              0.99      23.25 f
  SPI_slave/U32/Y (NOR2X2M)                               0.98      24.23 r
  SPI_slave/rx_data[1] (SPI_Slave_test_1)                 0.00      24.23 r
  RAM/din[1] (single_port_Ram_test_1)                     0.00      24.23 r
  RAM/U6741/Y (CLKINVX2M)                                 1.10      25.33 f
  RAM/U6666/Y (CLKBUFX2M)                                 1.04      26.36 f
  RAM/U6578/Y (CLKBUFX2M)                                 1.06      27.42 f
  RAM/U6503/Y (CLKBUFX8M)                                 1.12      28.54 f
  RAM/U6497/Y (CLKBUFX8M)                                 1.14      29.68 f
  RAM/U8463/Y (OAI2BB2X1M)                                0.96      30.64 r
  RAM/mem_reg_195__1_/D (SDFFRQX1M)                       0.00      30.64 r
  data arrival time                                                 30.64

  clock clk (rise edge)                                 100.00     100.00
  clock network delay (ideal)                             0.00     100.00
  clock uncertainty                                      -0.20      99.80
  RAM/mem_reg_195__1_/CK (SDFFRQX1M)                      0.00      99.80 r
  library setup time                                     -0.41      99.39
  data required time                                                99.39
  --------------------------------------------------------------------------
  data required time                                                99.39
  data arrival time                                                -30.64
  --------------------------------------------------------------------------
  slack (MET)                                                       68.76


  Startpoint: MOSI (input port clocked by clk)
  Endpoint: RAM/mem_reg_207__1_
            (rising edge-triggered flip-flop clocked by clk)
  Path Group: clk
  Path Type: max

  Des/Clust/Port     Wire Load Model       Library
  ------------------------------------------------
  SPI_Wrapper        tsmc13_wl30           scmetro_tsmc_cl013g_rvt_ff_1p32v_m40c

  Point                                                   Incr       Path
  --------------------------------------------------------------------------
  clock clk (rise edge)                                   0.00       0.00
  clock network delay (ideal)                             0.00       0.00
  input external delay                                   20.00      20.00 r
  MOSI (in)                                               0.17      20.17 r
  U4/Y (CLKBUFX2M)                                        0.65      20.82 r
  SPI_slave/MOSI (SPI_Slave_test_1)                       0.00      20.82 r
  SPI_slave/U8/Y (INVXLM)                                 0.59      21.41 f
  SPI_slave/U27/Y (NOR3X6M)                               0.85      22.26 r
  SPI_slave/U33/Y (NAND2X2M)                              0.99      23.25 f
  SPI_slave/U32/Y (NOR2X2M)                               0.98      24.23 r
  SPI_slave/rx_data[1] (SPI_Slave_test_1)                 0.00      24.23 r
  RAM/din[1] (single_port_Ram_test_1)                     0.00      24.23 r
  RAM/U6741/Y (CLKINVX2M)                                 1.10      25.33 f
  RAM/U6666/Y (CLKBUFX2M)                                 1.04      26.36 f
  RAM/U6578/Y (CLKBUFX2M)                                 1.06      27.42 f
  RAM/U6503/Y (CLKBUFX8M)                                 1.12      28.54 f
  RAM/U6497/Y (CLKBUFX8M)                                 1.14      29.68 f
  RAM/U8559/Y (OAI2BB2X1M)                                0.96      30.64 r
  RAM/mem_reg_207__1_/D (SDFFRQX1M)                       0.00      30.64 r
  data arrival time                                                 30.64

  clock clk (rise edge)                                 100.00     100.00
  clock network delay (ideal)                             0.00     100.00
  clock uncertainty                                      -0.20      99.80
  RAM/mem_reg_207__1_/CK (SDFFRQX1M)                      0.00      99.80 r
  library setup time                                     -0.41      99.39
  data required time                                                99.39
  --------------------------------------------------------------------------
  data required time                                                99.39
  data arrival time                                                -30.64
  --------------------------------------------------------------------------
  slack (MET)                                                       68.76


  Startpoint: MOSI (input port clocked by clk)
  Endpoint: RAM/mem_reg_163__7_
            (rising edge-triggered flip-flop clocked by clk)
  Path Group: clk
  Path Type: max

  Des/Clust/Port     Wire Load Model       Library
  ------------------------------------------------
  SPI_Wrapper        tsmc13_wl30           scmetro_tsmc_cl013g_rvt_ff_1p32v_m40c

  Point                                                   Incr       Path
  --------------------------------------------------------------------------
  clock clk (rise edge)                                   0.00       0.00
  clock network delay (ideal)                             0.00       0.00
  input external delay                                   20.00      20.00 r
  MOSI (in)                                               0.17      20.17 r
  U4/Y (CLKBUFX2M)                                        0.65      20.82 r
  SPI_slave/MOSI (SPI_Slave_test_1)                       0.00      20.82 r
  SPI_slave/U8/Y (INVXLM)                                 0.59      21.41 f
  SPI_slave/U27/Y (NOR3X6M)                               0.85      22.26 r
  SPI_slave/U33/Y (NAND2X2M)                              0.99      23.25 f
  SPI_slave/U41/Y (NOR3X4M)                               0.93      24.18 r
  SPI_slave/rx_data[7] (SPI_Slave_test_1)                 0.00      24.18 r
  RAM/din[7] (single_port_Ram_test_1)                     0.00      24.18 r
  RAM/U6779/Y (CLKINVX2M)                                 1.08      25.26 f
  RAM/U6748/Y (CLKBUFX2M)                                 1.06      26.32 f
  RAM/U6676/Y (CLKBUFX2M)                                 1.06      27.38 f
  RAM/U6552/Y (CLKBUFX8M)                                 1.13      28.51 f
  RAM/U6544/Y (CLKBUFX8M)                                 1.14      29.64 f
  RAM/U8213/Y (OAI2BB2X1M)                                0.96      30.60 r
  RAM/mem_reg_163__7_/D (SDFFRQX1M)                       0.00      30.60 r
  data arrival time                                                 30.60

  clock clk (rise edge)                                 100.00     100.00
  clock network delay (ideal)                             0.00     100.00
  clock uncertainty                                      -0.20      99.80
  RAM/mem_reg_163__7_/CK (SDFFRQX1M)                      0.00      99.80 r
  library setup time                                     -0.41      99.39
  data required time                                                99.39
  --------------------------------------------------------------------------
  data required time                                                99.39
  data arrival time                                                -30.60
  --------------------------------------------------------------------------
  slack (MET)                                                       68.79


  Startpoint: MOSI (input port clocked by clk)
  Endpoint: RAM/mem_reg_168__7_
            (rising edge-triggered flip-flop clocked by clk)
  Path Group: clk
  Path Type: max

  Des/Clust/Port     Wire Load Model       Library
  ------------------------------------------------
  SPI_Wrapper        tsmc13_wl30           scmetro_tsmc_cl013g_rvt_ff_1p32v_m40c

  Point                                                   Incr       Path
  --------------------------------------------------------------------------
  clock clk (rise edge)                                   0.00       0.00
  clock network delay (ideal)                             0.00       0.00
  input external delay                                   20.00      20.00 r
  MOSI (in)                                               0.17      20.17 r
  U4/Y (CLKBUFX2M)                                        0.65      20.82 r
  SPI_slave/MOSI (SPI_Slave_test_1)                       0.00      20.82 r
  SPI_slave/U8/Y (INVXLM)                                 0.59      21.41 f
  SPI_slave/U27/Y (NOR3X6M)                               0.85      22.26 r
  SPI_slave/U33/Y (NAND2X2M)                              0.99      23.25 f
  SPI_slave/U41/Y (NOR3X4M)                               0.93      24.18 r
  SPI_slave/rx_data[7] (SPI_Slave_test_1)                 0.00      24.18 r
  RAM/din[7] (single_port_Ram_test_1)                     0.00      24.18 r
  RAM/U6779/Y (CLKINVX2M)                                 1.08      25.26 f
  RAM/U6748/Y (CLKBUFX2M)                                 1.06      26.32 f
  RAM/U6676/Y (CLKBUFX2M)                                 1.06      27.38 f
  RAM/U6552/Y (CLKBUFX8M)                                 1.13      28.51 f
  RAM/U6544/Y (CLKBUFX8M)                                 1.14      29.64 f
  RAM/U8253/Y (OAI2BB2X1M)                                0.96      30.60 r
  RAM/mem_reg_168__7_/D (SDFFRQX1M)                       0.00      30.60 r
  data arrival time                                                 30.60

  clock clk (rise edge)                                 100.00     100.00
  clock network delay (ideal)                             0.00     100.00
  clock uncertainty                                      -0.20      99.80
  RAM/mem_reg_168__7_/CK (SDFFRQX1M)                      0.00      99.80 r
  library setup time                                     -0.41      99.39
  data required time                                                99.39
  --------------------------------------------------------------------------
  data required time                                                99.39
  data arrival time                                                -30.60
  --------------------------------------------------------------------------
  slack (MET)                                                       68.79


  Startpoint: MOSI (input port clocked by clk)
  Endpoint: RAM/mem_reg_169__7_
            (rising edge-triggered flip-flop clocked by clk)
  Path Group: clk
  Path Type: max

  Des/Clust/Port     Wire Load Model       Library
  ------------------------------------------------
  SPI_Wrapper        tsmc13_wl30           scmetro_tsmc_cl013g_rvt_ff_1p32v_m40c

  Point                                                   Incr       Path
  --------------------------------------------------------------------------
  clock clk (rise edge)                                   0.00       0.00
  clock network delay (ideal)                             0.00       0.00
  input external delay                                   20.00      20.00 r
  MOSI (in)                                               0.17      20.17 r
  U4/Y (CLKBUFX2M)                                        0.65      20.82 r
  SPI_slave/MOSI (SPI_Slave_test_1)                       0.00      20.82 r
  SPI_slave/U8/Y (INVXLM)                                 0.59      21.41 f
  SPI_slave/U27/Y (NOR3X6M)                               0.85      22.26 r
  SPI_slave/U33/Y (NAND2X2M)                              0.99      23.25 f
  SPI_slave/U41/Y (NOR3X4M)                               0.93      24.18 r
  SPI_slave/rx_data[7] (SPI_Slave_test_1)                 0.00      24.18 r
  RAM/din[7] (single_port_Ram_test_1)                     0.00      24.18 r
  RAM/U6779/Y (CLKINVX2M)                                 1.08      25.26 f
  RAM/U6748/Y (CLKBUFX2M)                                 1.06      26.32 f
  RAM/U6676/Y (CLKBUFX2M)                                 1.06      27.38 f
  RAM/U6552/Y (CLKBUFX8M)                                 1.13      28.51 f
  RAM/U6544/Y (CLKBUFX8M)                                 1.14      29.64 f
  RAM/U8261/Y (OAI2BB2X1M)                                0.96      30.60 r
  RAM/mem_reg_169__7_/D (SDFFRQX1M)                       0.00      30.60 r
  data arrival time                                                 30.60

  clock clk (rise edge)                                 100.00     100.00
  clock network delay (ideal)                             0.00     100.00
  clock uncertainty                                      -0.20      99.80
  RAM/mem_reg_169__7_/CK (SDFFRQX1M)                      0.00      99.80 r
  library setup time                                     -0.41      99.39
  data required time                                                99.39
  --------------------------------------------------------------------------
  data required time                                                99.39
  data arrival time                                                -30.60
  --------------------------------------------------------------------------
  slack (MET)                                                       68.79


  Startpoint: MOSI (input port clocked by clk)
  Endpoint: RAM/mem_reg_170__7_
            (rising edge-triggered flip-flop clocked by clk)
  Path Group: clk
  Path Type: max

  Des/Clust/Port     Wire Load Model       Library
  ------------------------------------------------
  SPI_Wrapper        tsmc13_wl30           scmetro_tsmc_cl013g_rvt_ff_1p32v_m40c

  Point                                                   Incr       Path
  --------------------------------------------------------------------------
  clock clk (rise edge)                                   0.00       0.00
  clock network delay (ideal)                             0.00       0.00
  input external delay                                   20.00      20.00 r
  MOSI (in)                                               0.17      20.17 r
  U4/Y (CLKBUFX2M)                                        0.65      20.82 r
  SPI_slave/MOSI (SPI_Slave_test_1)                       0.00      20.82 r
  SPI_slave/U8/Y (INVXLM)                                 0.59      21.41 f
  SPI_slave/U27/Y (NOR3X6M)                               0.85      22.26 r
  SPI_slave/U33/Y (NAND2X2M)                              0.99      23.25 f
  SPI_slave/U41/Y (NOR3X4M)                               0.93      24.18 r
  SPI_slave/rx_data[7] (SPI_Slave_test_1)                 0.00      24.18 r
  RAM/din[7] (single_port_Ram_test_1)                     0.00      24.18 r
  RAM/U6779/Y (CLKINVX2M)                                 1.08      25.26 f
  RAM/U6748/Y (CLKBUFX2M)                                 1.06      26.32 f
  RAM/U6676/Y (CLKBUFX2M)                                 1.06      27.38 f
  RAM/U6552/Y (CLKBUFX8M)                                 1.13      28.51 f
  RAM/U6544/Y (CLKBUFX8M)                                 1.14      29.64 f
  RAM/U8269/Y (OAI2BB2X1M)                                0.96      30.60 r
  RAM/mem_reg_170__7_/D (SDFFRQX1M)                       0.00      30.60 r
  data arrival time                                                 30.60

  clock clk (rise edge)                                 100.00     100.00
  clock network delay (ideal)                             0.00     100.00
  clock uncertainty                                      -0.20      99.80
  RAM/mem_reg_170__7_/CK (SDFFRQX1M)                      0.00      99.80 r
  library setup time                                     -0.41      99.39
  data required time                                                99.39
  --------------------------------------------------------------------------
  data required time                                                99.39
  data arrival time                                                -30.60
  --------------------------------------------------------------------------
  slack (MET)                                                       68.79


  Startpoint: MOSI (input port clocked by clk)
  Endpoint: RAM/mem_reg_171__7_
            (rising edge-triggered flip-flop clocked by clk)
  Path Group: clk
  Path Type: max

  Des/Clust/Port     Wire Load Model       Library
  ------------------------------------------------
  SPI_Wrapper        tsmc13_wl30           scmetro_tsmc_cl013g_rvt_ff_1p32v_m40c

  Point                                                   Incr       Path
  --------------------------------------------------------------------------
  clock clk (rise edge)                                   0.00       0.00
  clock network delay (ideal)                             0.00       0.00
  input external delay                                   20.00      20.00 r
  MOSI (in)                                               0.17      20.17 r
  U4/Y (CLKBUFX2M)                                        0.65      20.82 r
  SPI_slave/MOSI (SPI_Slave_test_1)                       0.00      20.82 r
  SPI_slave/U8/Y (INVXLM)                                 0.59      21.41 f
  SPI_slave/U27/Y (NOR3X6M)                               0.85      22.26 r
  SPI_slave/U33/Y (NAND2X2M)                              0.99      23.25 f
  SPI_slave/U41/Y (NOR3X4M)                               0.93      24.18 r
  SPI_slave/rx_data[7] (SPI_Slave_test_1)                 0.00      24.18 r
  RAM/din[7] (single_port_Ram_test_1)                     0.00      24.18 r
  RAM/U6779/Y (CLKINVX2M)                                 1.08      25.26 f
  RAM/U6748/Y (CLKBUFX2M)                                 1.06      26.32 f
  RAM/U6676/Y (CLKBUFX2M)                                 1.06      27.38 f
  RAM/U6552/Y (CLKBUFX8M)                                 1.13      28.51 f
  RAM/U6544/Y (CLKBUFX8M)                                 1.14      29.64 f
  RAM/U8277/Y (OAI2BB2X1M)                                0.96      30.60 r
  RAM/mem_reg_171__7_/D (SDFFRQX1M)                       0.00      30.60 r
  data arrival time                                                 30.60

  clock clk (rise edge)                                 100.00     100.00
  clock network delay (ideal)                             0.00     100.00
  clock uncertainty                                      -0.20      99.80
  RAM/mem_reg_171__7_/CK (SDFFRQX1M)                      0.00      99.80 r
  library setup time                                     -0.41      99.39
  data required time                                                99.39
  --------------------------------------------------------------------------
  data required time                                                99.39
  data arrival time                                                -30.60
  --------------------------------------------------------------------------
  slack (MET)                                                       68.79


  Startpoint: MOSI (input port clocked by clk)
  Endpoint: RAM/mem_reg_164__7_
            (rising edge-triggered flip-flop clocked by clk)
  Path Group: clk
  Path Type: max

  Des/Clust/Port     Wire Load Model       Library
  ------------------------------------------------
  SPI_Wrapper        tsmc13_wl30           scmetro_tsmc_cl013g_rvt_ff_1p32v_m40c

  Point                                                   Incr       Path
  --------------------------------------------------------------------------
  clock clk (rise edge)                                   0.00       0.00
  clock network delay (ideal)                             0.00       0.00
  input external delay                                   20.00      20.00 r
  MOSI (in)                                               0.17      20.17 r
  U4/Y (CLKBUFX2M)                                        0.65      20.82 r
  SPI_slave/MOSI (SPI_Slave_test_1)                       0.00      20.82 r
  SPI_slave/U8/Y (INVXLM)                                 0.59      21.41 f
  SPI_slave/U27/Y (NOR3X6M)                               0.85      22.26 r
  SPI_slave/U33/Y (NAND2X2M)                              0.99      23.25 f
  SPI_slave/U41/Y (NOR3X4M)                               0.93      24.18 r
  SPI_slave/rx_data[7] (SPI_Slave_test_1)                 0.00      24.18 r
  RAM/din[7] (single_port_Ram_test_1)                     0.00      24.18 r
  RAM/U6779/Y (CLKINVX2M)                                 1.08      25.26 f
  RAM/U6748/Y (CLKBUFX2M)                                 1.06      26.32 f
  RAM/U6676/Y (CLKBUFX2M)                                 1.06      27.38 f
  RAM/U6552/Y (CLKBUFX8M)                                 1.13      28.51 f
  RAM/U6544/Y (CLKBUFX8M)                                 1.14      29.64 f
  RAM/U8221/Y (OAI2BB2X1M)                                0.96      30.60 r
  RAM/mem_reg_164__7_/D (SDFFRQX1M)                       0.00      30.60 r
  data arrival time                                                 30.60

  clock clk (rise edge)                                 100.00     100.00
  clock network delay (ideal)                             0.00     100.00
  clock uncertainty                                      -0.20      99.80
  RAM/mem_reg_164__7_/CK (SDFFRQX1M)                      0.00      99.80 r
  library setup time                                     -0.41      99.39
  data required time                                                99.39
  --------------------------------------------------------------------------
  data required time                                                99.39
  data arrival time                                                -30.60
  --------------------------------------------------------------------------
  slack (MET)                                                       68.79


  Startpoint: MOSI (input port clocked by clk)
  Endpoint: RAM/mem_reg_165__7_
            (rising edge-triggered flip-flop clocked by clk)
  Path Group: clk
  Path Type: max

  Des/Clust/Port     Wire Load Model       Library
  ------------------------------------------------
  SPI_Wrapper        tsmc13_wl30           scmetro_tsmc_cl013g_rvt_ff_1p32v_m40c

  Point                                                   Incr       Path
  --------------------------------------------------------------------------
  clock clk (rise edge)                                   0.00       0.00
  clock network delay (ideal)                             0.00       0.00
  input external delay                                   20.00      20.00 r
  MOSI (in)                                               0.17      20.17 r
  U4/Y (CLKBUFX2M)                                        0.65      20.82 r
  SPI_slave/MOSI (SPI_Slave_test_1)                       0.00      20.82 r
  SPI_slave/U8/Y (INVXLM)                                 0.59      21.41 f
  SPI_slave/U27/Y (NOR3X6M)                               0.85      22.26 r
  SPI_slave/U33/Y (NAND2X2M)                              0.99      23.25 f
  SPI_slave/U41/Y (NOR3X4M)                               0.93      24.18 r
  SPI_slave/rx_data[7] (SPI_Slave_test_1)                 0.00      24.18 r
  RAM/din[7] (single_port_Ram_test_1)                     0.00      24.18 r
  RAM/U6779/Y (CLKINVX2M)                                 1.08      25.26 f
  RAM/U6748/Y (CLKBUFX2M)                                 1.06      26.32 f
  RAM/U6676/Y (CLKBUFX2M)                                 1.06      27.38 f
  RAM/U6552/Y (CLKBUFX8M)                                 1.13      28.51 f
  RAM/U6544/Y (CLKBUFX8M)                                 1.14      29.64 f
  RAM/U8229/Y (OAI2BB2X1M)                                0.96      30.60 r
  RAM/mem_reg_165__7_/D (SDFFRQX1M)                       0.00      30.60 r
  data arrival time                                                 30.60

  clock clk (rise edge)                                 100.00     100.00
  clock network delay (ideal)                             0.00     100.00
  clock uncertainty                                      -0.20      99.80
  RAM/mem_reg_165__7_/CK (SDFFRQX1M)                      0.00      99.80 r
  library setup time                                     -0.41      99.39
  data required time                                                99.39
  --------------------------------------------------------------------------
  data required time                                                99.39
  data arrival time                                                -30.60
  --------------------------------------------------------------------------
  slack (MET)                                                       68.79


  Startpoint: MOSI (input port clocked by clk)
  Endpoint: RAM/mem_reg_166__7_
            (rising edge-triggered flip-flop clocked by clk)
  Path Group: clk
  Path Type: max

  Des/Clust/Port     Wire Load Model       Library
  ------------------------------------------------
  SPI_Wrapper        tsmc13_wl30           scmetro_tsmc_cl013g_rvt_ff_1p32v_m40c

  Point                                                   Incr       Path
  --------------------------------------------------------------------------
  clock clk (rise edge)                                   0.00       0.00
  clock network delay (ideal)                             0.00       0.00
  input external delay                                   20.00      20.00 r
  MOSI (in)                                               0.17      20.17 r
  U4/Y (CLKBUFX2M)                                        0.65      20.82 r
  SPI_slave/MOSI (SPI_Slave_test_1)                       0.00      20.82 r
  SPI_slave/U8/Y (INVXLM)                                 0.59      21.41 f
  SPI_slave/U27/Y (NOR3X6M)                               0.85      22.26 r
  SPI_slave/U33/Y (NAND2X2M)                              0.99      23.25 f
  SPI_slave/U41/Y (NOR3X4M)                               0.93      24.18 r
  SPI_slave/rx_data[7] (SPI_Slave_test_1)                 0.00      24.18 r
  RAM/din[7] (single_port_Ram_test_1)                     0.00      24.18 r
  RAM/U6779/Y (CLKINVX2M)                                 1.08      25.26 f
  RAM/U6748/Y (CLKBUFX2M)                                 1.06      26.32 f
  RAM/U6676/Y (CLKBUFX2M)                                 1.06      27.38 f
  RAM/U6552/Y (CLKBUFX8M)                                 1.13      28.51 f
  RAM/U6544/Y (CLKBUFX8M)                                 1.14      29.64 f
  RAM/U8237/Y (OAI2BB2X1M)                                0.96      30.60 r
  RAM/mem_reg_166__7_/D (SDFFRQX1M)                       0.00      30.60 r
  data arrival time                                                 30.60

  clock clk (rise edge)                                 100.00     100.00
  clock network delay (ideal)                             0.00     100.00
  clock uncertainty                                      -0.20      99.80
  RAM/mem_reg_166__7_/CK (SDFFRQX1M)                      0.00      99.80 r
  library setup time                                     -0.41      99.39
  data required time                                                99.39
  --------------------------------------------------------------------------
  data required time                                                99.39
  data arrival time                                                -30.60
  --------------------------------------------------------------------------
  slack (MET)                                                       68.79


  Startpoint: MOSI (input port clocked by clk)
  Endpoint: RAM/mem_reg_167__7_
            (rising edge-triggered flip-flop clocked by clk)
  Path Group: clk
  Path Type: max

  Des/Clust/Port     Wire Load Model       Library
  ------------------------------------------------
  SPI_Wrapper        tsmc13_wl30           scmetro_tsmc_cl013g_rvt_ff_1p32v_m40c

  Point                                                   Incr       Path
  --------------------------------------------------------------------------
  clock clk (rise edge)                                   0.00       0.00
  clock network delay (ideal)                             0.00       0.00
  input external delay                                   20.00      20.00 r
  MOSI (in)                                               0.17      20.17 r
  U4/Y (CLKBUFX2M)                                        0.65      20.82 r
  SPI_slave/MOSI (SPI_Slave_test_1)                       0.00      20.82 r
  SPI_slave/U8/Y (INVXLM)                                 0.59      21.41 f
  SPI_slave/U27/Y (NOR3X6M)                               0.85      22.26 r
  SPI_slave/U33/Y (NAND2X2M)                              0.99      23.25 f
  SPI_slave/U41/Y (NOR3X4M)                               0.93      24.18 r
  SPI_slave/rx_data[7] (SPI_Slave_test_1)                 0.00      24.18 r
  RAM/din[7] (single_port_Ram_test_1)                     0.00      24.18 r
  RAM/U6779/Y (CLKINVX2M)                                 1.08      25.26 f
  RAM/U6748/Y (CLKBUFX2M)                                 1.06      26.32 f
  RAM/U6676/Y (CLKBUFX2M)                                 1.06      27.38 f
  RAM/U6552/Y (CLKBUFX8M)                                 1.13      28.51 f
  RAM/U6544/Y (CLKBUFX8M)                                 1.14      29.64 f
  RAM/U8245/Y (OAI2BB2X1M)                                0.96      30.60 r
  RAM/mem_reg_167__7_/D (SDFFRQX1M)                       0.00      30.60 r
  data arrival time                                                 30.60

  clock clk (rise edge)                                 100.00     100.00
  clock network delay (ideal)                             0.00     100.00
  clock uncertainty                                      -0.20      99.80
  RAM/mem_reg_167__7_/CK (SDFFRQX1M)                      0.00      99.80 r
  library setup time                                     -0.41      99.39
  data required time                                                99.39
  --------------------------------------------------------------------------
  data required time                                                99.39
  data arrival time                                                -30.60
  --------------------------------------------------------------------------
  slack (MET)                                                       68.79


  Startpoint: MOSI (input port clocked by clk)
  Endpoint: RAM/mem_reg_66__7_
            (rising edge-triggered flip-flop clocked by clk)
  Path Group: clk
  Path Type: max

  Des/Clust/Port     Wire Load Model       Library
  ------------------------------------------------
  SPI_Wrapper        tsmc13_wl30           scmetro_tsmc_cl013g_rvt_ff_1p32v_m40c

  Point                                                   Incr       Path
  --------------------------------------------------------------------------
  clock clk (rise edge)                                   0.00       0.00
  clock network delay (ideal)                             0.00       0.00
  input external delay                                   20.00      20.00 r
  MOSI (in)                                               0.17      20.17 r
  U4/Y (CLKBUFX2M)                                        0.65      20.82 r
  SPI_slave/MOSI (SPI_Slave_test_1)                       0.00      20.82 r
  SPI_slave/U8/Y (INVXLM)                                 0.59      21.41 f
  SPI_slave/U27/Y (NOR3X6M)                               0.85      22.26 r
  SPI_slave/U33/Y (NAND2X2M)                              0.99      23.25 f
  SPI_slave/U41/Y (NOR3X4M)                               0.93      24.18 r
  SPI_slave/rx_data[7] (SPI_Slave_test_1)                 0.00      24.18 r
  RAM/din[7] (single_port_Ram_test_1)                     0.00      24.18 r
  RAM/U6779/Y (CLKINVX2M)                                 1.08      25.26 f
  RAM/U6748/Y (CLKBUFX2M)                                 1.06      26.32 f
  RAM/U6676/Y (CLKBUFX2M)                                 1.06      27.38 f
  RAM/U6552/Y (CLKBUFX8M)                                 1.13      28.51 f
  RAM/U6544/Y (CLKBUFX8M)                                 1.14      29.64 f
  RAM/U7437/Y (OAI2BB2X1M)                                0.96      30.60 r
  RAM/mem_reg_66__7_/D (SDFFRQX1M)                        0.00      30.60 r
  data arrival time                                                 30.60

  clock clk (rise edge)                                 100.00     100.00
  clock network delay (ideal)                             0.00     100.00
  clock uncertainty                                      -0.20      99.80
  RAM/mem_reg_66__7_/CK (SDFFRQX1M)                       0.00      99.80 r
  library setup time                                     -0.41      99.39
  data required time                                                99.39
  --------------------------------------------------------------------------
  data required time                                                99.39
  data arrival time                                                -30.60
  --------------------------------------------------------------------------
  slack (MET)                                                       68.79


  Startpoint: MOSI (input port clocked by clk)
  Endpoint: RAM/mem_reg_74__7_
            (rising edge-triggered flip-flop clocked by clk)
  Path Group: clk
  Path Type: max

  Des/Clust/Port     Wire Load Model       Library
  ------------------------------------------------
  SPI_Wrapper        tsmc13_wl30           scmetro_tsmc_cl013g_rvt_ff_1p32v_m40c

  Point                                                   Incr       Path
  --------------------------------------------------------------------------
  clock clk (rise edge)                                   0.00       0.00
  clock network delay (ideal)                             0.00       0.00
  input external delay                                   20.00      20.00 r
  MOSI (in)                                               0.17      20.17 r
  U4/Y (CLKBUFX2M)                                        0.65      20.82 r
  SPI_slave/MOSI (SPI_Slave_test_1)                       0.00      20.82 r
  SPI_slave/U8/Y (INVXLM)                                 0.59      21.41 f
  SPI_slave/U27/Y (NOR3X6M)                               0.85      22.26 r
  SPI_slave/U33/Y (NAND2X2M)                              0.99      23.25 f
  SPI_slave/U41/Y (NOR3X4M)                               0.93      24.18 r
  SPI_slave/rx_data[7] (SPI_Slave_test_1)                 0.00      24.18 r
  RAM/din[7] (single_port_Ram_test_1)                     0.00      24.18 r
  RAM/U6779/Y (CLKINVX2M)                                 1.08      25.26 f
  RAM/U6748/Y (CLKBUFX2M)                                 1.06      26.32 f
  RAM/U6676/Y (CLKBUFX2M)                                 1.06      27.38 f
  RAM/U6552/Y (CLKBUFX8M)                                 1.13      28.51 f
  RAM/U6544/Y (CLKBUFX8M)                                 1.14      29.64 f
  RAM/U7501/Y (OAI2BB2X1M)                                0.96      30.60 r
  RAM/mem_reg_74__7_/D (SDFFRQX1M)                        0.00      30.60 r
  data arrival time                                                 30.60

  clock clk (rise edge)                                 100.00     100.00
  clock network delay (ideal)                             0.00     100.00
  clock uncertainty                                      -0.20      99.80
  RAM/mem_reg_74__7_/CK (SDFFRQX1M)                       0.00      99.80 r
  library setup time                                     -0.41      99.39
  data required time                                                99.39
  --------------------------------------------------------------------------
  data required time                                                99.39
  data arrival time                                                -30.60
  --------------------------------------------------------------------------
  slack (MET)                                                       68.79


  Startpoint: MOSI (input port clocked by clk)
  Endpoint: RAM/mem_reg_105__7_
            (rising edge-triggered flip-flop clocked by clk)
  Path Group: clk
  Path Type: max

  Des/Clust/Port     Wire Load Model       Library
  ------------------------------------------------
  SPI_Wrapper        tsmc13_wl30           scmetro_tsmc_cl013g_rvt_ff_1p32v_m40c

  Point                                                   Incr       Path
  --------------------------------------------------------------------------
  clock clk (rise edge)                                   0.00       0.00
  clock network delay (ideal)                             0.00       0.00
  input external delay                                   20.00      20.00 r
  MOSI (in)                                               0.17      20.17 r
  U4/Y (CLKBUFX2M)                                        0.65      20.82 r
  SPI_slave/MOSI (SPI_Slave_test_1)                       0.00      20.82 r
  SPI_slave/U8/Y (INVXLM)                                 0.59      21.41 f
  SPI_slave/U27/Y (NOR3X6M)                               0.85      22.26 r
  SPI_slave/U33/Y (NAND2X2M)                              0.99      23.25 f
  SPI_slave/U41/Y (NOR3X4M)                               0.93      24.18 r
  SPI_slave/rx_data[7] (SPI_Slave_test_1)                 0.00      24.18 r
  RAM/din[7] (single_port_Ram_test_1)                     0.00      24.18 r
  RAM/U6779/Y (CLKINVX2M)                                 1.08      25.26 f
  RAM/U6748/Y (CLKBUFX2M)                                 1.06      26.32 f
  RAM/U6676/Y (CLKBUFX2M)                                 1.06      27.38 f
  RAM/U6552/Y (CLKBUFX8M)                                 1.13      28.51 f
  RAM/U6544/Y (CLKBUFX8M)                                 1.14      29.64 f
  RAM/U7749/Y (OAI2BB2X1M)                                0.96      30.60 r
  RAM/mem_reg_105__7_/D (SDFFRQX1M)                       0.00      30.60 r
  data arrival time                                                 30.60

  clock clk (rise edge)                                 100.00     100.00
  clock network delay (ideal)                             0.00     100.00
  clock uncertainty                                      -0.20      99.80
  RAM/mem_reg_105__7_/CK (SDFFRQX1M)                      0.00      99.80 r
  library setup time                                     -0.41      99.39
  data required time                                                99.39
  --------------------------------------------------------------------------
  data required time                                                99.39
  data arrival time                                                -30.60
  --------------------------------------------------------------------------
  slack (MET)                                                       68.79


  Startpoint: MOSI (input port clocked by clk)
  Endpoint: RAM/mem_reg_87__7_
            (rising edge-triggered flip-flop clocked by clk)
  Path Group: clk
  Path Type: max

  Des/Clust/Port     Wire Load Model       Library
  ------------------------------------------------
  SPI_Wrapper        tsmc13_wl30           scmetro_tsmc_cl013g_rvt_ff_1p32v_m40c

  Point                                                   Incr       Path
  --------------------------------------------------------------------------
  clock clk (rise edge)                                   0.00       0.00
  clock network delay (ideal)                             0.00       0.00
  input external delay                                   20.00      20.00 r
  MOSI (in)                                               0.17      20.17 r
  U4/Y (CLKBUFX2M)                                        0.65      20.82 r
  SPI_slave/MOSI (SPI_Slave_test_1)                       0.00      20.82 r
  SPI_slave/U8/Y (INVXLM)                                 0.59      21.41 f
  SPI_slave/U27/Y (NOR3X6M)                               0.85      22.26 r
  SPI_slave/U33/Y (NAND2X2M)                              0.99      23.25 f
  SPI_slave/U41/Y (NOR3X4M)                               0.93      24.18 r
  SPI_slave/rx_data[7] (SPI_Slave_test_1)                 0.00      24.18 r
  RAM/din[7] (single_port_Ram_test_1)                     0.00      24.18 r
  RAM/U6779/Y (CLKINVX2M)                                 1.08      25.26 f
  RAM/U6748/Y (CLKBUFX2M)                                 1.06      26.32 f
  RAM/U6676/Y (CLKBUFX2M)                                 1.06      27.38 f
  RAM/U6552/Y (CLKBUFX8M)                                 1.13      28.51 f
  RAM/U6544/Y (CLKBUFX8M)                                 1.14      29.64 f
  RAM/U7605/Y (OAI2BB2X1M)                                0.96      30.60 r
  RAM/mem_reg_87__7_/D (SDFFRQX1M)                        0.00      30.60 r
  data arrival time                                                 30.60

  clock clk (rise edge)                                 100.00     100.00
  clock network delay (ideal)                             0.00     100.00
  clock uncertainty                                      -0.20      99.80
  RAM/mem_reg_87__7_/CK (SDFFRQX1M)                       0.00      99.80 r
  library setup time                                     -0.41      99.39
  data required time                                                99.39
  --------------------------------------------------------------------------
  data required time                                                99.39
  data arrival time                                                -30.60
  --------------------------------------------------------------------------
  slack (MET)                                                       68.79


  Startpoint: MOSI (input port clocked by clk)
  Endpoint: RAM/mem_reg_172__7_
            (rising edge-triggered flip-flop clocked by clk)
  Path Group: clk
  Path Type: max

  Des/Clust/Port     Wire Load Model       Library
  ------------------------------------------------
  SPI_Wrapper        tsmc13_wl30           scmetro_tsmc_cl013g_rvt_ff_1p32v_m40c

  Point                                                   Incr       Path
  --------------------------------------------------------------------------
  clock clk (rise edge)                                   0.00       0.00
  clock network delay (ideal)                             0.00       0.00
  input external delay                                   20.00      20.00 r
  MOSI (in)                                               0.17      20.17 r
  U4/Y (CLKBUFX2M)                                        0.65      20.82 r
  SPI_slave/MOSI (SPI_Slave_test_1)                       0.00      20.82 r
  SPI_slave/U8/Y (INVXLM)                                 0.59      21.41 f
  SPI_slave/U27/Y (NOR3X6M)                               0.85      22.26 r
  SPI_slave/U33/Y (NAND2X2M)                              0.99      23.25 f
  SPI_slave/U41/Y (NOR3X4M)                               0.93      24.18 r
  SPI_slave/rx_data[7] (SPI_Slave_test_1)                 0.00      24.18 r
  RAM/din[7] (single_port_Ram_test_1)                     0.00      24.18 r
  RAM/U6779/Y (CLKINVX2M)                                 1.08      25.26 f
  RAM/U6748/Y (CLKBUFX2M)                                 1.06      26.32 f
  RAM/U6676/Y (CLKBUFX2M)                                 1.06      27.38 f
  RAM/U6552/Y (CLKBUFX8M)                                 1.13      28.51 f
  RAM/U6544/Y (CLKBUFX8M)                                 1.14      29.64 f
  RAM/U8285/Y (OAI2BB2X1M)                                0.96      30.60 r
  RAM/mem_reg_172__7_/D (SDFFRQX1M)                       0.00      30.60 r
  data arrival time                                                 30.60

  clock clk (rise edge)                                 100.00     100.00
  clock network delay (ideal)                             0.00     100.00
  clock uncertainty                                      -0.20      99.80
  RAM/mem_reg_172__7_/CK (SDFFRQX1M)                      0.00      99.80 r
  library setup time                                     -0.41      99.39
  data required time                                                99.39
  --------------------------------------------------------------------------
  data required time                                                99.39
  data arrival time                                                -30.60
  --------------------------------------------------------------------------
  slack (MET)                                                       68.79


  Startpoint: MOSI (input port clocked by clk)
  Endpoint: RAM/mem_reg_173__7_
            (rising edge-triggered flip-flop clocked by clk)
  Path Group: clk
  Path Type: max

  Des/Clust/Port     Wire Load Model       Library
  ------------------------------------------------
  SPI_Wrapper        tsmc13_wl30           scmetro_tsmc_cl013g_rvt_ff_1p32v_m40c

  Point                                                   Incr       Path
  --------------------------------------------------------------------------
  clock clk (rise edge)                                   0.00       0.00
  clock network delay (ideal)                             0.00       0.00
  input external delay                                   20.00      20.00 r
  MOSI (in)                                               0.17      20.17 r
  U4/Y (CLKBUFX2M)                                        0.65      20.82 r
  SPI_slave/MOSI (SPI_Slave_test_1)                       0.00      20.82 r
  SPI_slave/U8/Y (INVXLM)                                 0.59      21.41 f
  SPI_slave/U27/Y (NOR3X6M)                               0.85      22.26 r
  SPI_slave/U33/Y (NAND2X2M)                              0.99      23.25 f
  SPI_slave/U41/Y (NOR3X4M)                               0.93      24.18 r
  SPI_slave/rx_data[7] (SPI_Slave_test_1)                 0.00      24.18 r
  RAM/din[7] (single_port_Ram_test_1)                     0.00      24.18 r
  RAM/U6779/Y (CLKINVX2M)                                 1.08      25.26 f
  RAM/U6748/Y (CLKBUFX2M)                                 1.06      26.32 f
  RAM/U6676/Y (CLKBUFX2M)                                 1.06      27.38 f
  RAM/U6552/Y (CLKBUFX8M)                                 1.13      28.51 f
  RAM/U6544/Y (CLKBUFX8M)                                 1.14      29.64 f
  RAM/U8293/Y (OAI2BB2X1M)                                0.96      30.60 r
  RAM/mem_reg_173__7_/D (SDFFRQX1M)                       0.00      30.60 r
  data arrival time                                                 30.60

  clock clk (rise edge)                                 100.00     100.00
  clock network delay (ideal)                             0.00     100.00
  clock uncertainty                                      -0.20      99.80
  RAM/mem_reg_173__7_/CK (SDFFRQX1M)                      0.00      99.80 r
  library setup time                                     -0.41      99.39
  data required time                                                99.39
  --------------------------------------------------------------------------
  data required time                                                99.39
  data arrival time                                                -30.60
  --------------------------------------------------------------------------
  slack (MET)                                                       68.79


  Startpoint: MOSI (input port clocked by clk)
  Endpoint: RAM/mem_reg_174__7_
            (rising edge-triggered flip-flop clocked by clk)
  Path Group: clk
  Path Type: max

  Des/Clust/Port     Wire Load Model       Library
  ------------------------------------------------
  SPI_Wrapper        tsmc13_wl30           scmetro_tsmc_cl013g_rvt_ff_1p32v_m40c

  Point                                                   Incr       Path
  --------------------------------------------------------------------------
  clock clk (rise edge)                                   0.00       0.00
  clock network delay (ideal)                             0.00       0.00
  input external delay                                   20.00      20.00 r
  MOSI (in)                                               0.17      20.17 r
  U4/Y (CLKBUFX2M)                                        0.65      20.82 r
  SPI_slave/MOSI (SPI_Slave_test_1)                       0.00      20.82 r
  SPI_slave/U8/Y (INVXLM)                                 0.59      21.41 f
  SPI_slave/U27/Y (NOR3X6M)                               0.85      22.26 r
  SPI_slave/U33/Y (NAND2X2M)                              0.99      23.25 f
  SPI_slave/U41/Y (NOR3X4M)                               0.93      24.18 r
  SPI_slave/rx_data[7] (SPI_Slave_test_1)                 0.00      24.18 r
  RAM/din[7] (single_port_Ram_test_1)                     0.00      24.18 r
  RAM/U6779/Y (CLKINVX2M)                                 1.08      25.26 f
  RAM/U6748/Y (CLKBUFX2M)                                 1.06      26.32 f
  RAM/U6676/Y (CLKBUFX2M)                                 1.06      27.38 f
  RAM/U6552/Y (CLKBUFX8M)                                 1.13      28.51 f
  RAM/U6544/Y (CLKBUFX8M)                                 1.14      29.64 f
  RAM/U8301/Y (OAI2BB2X1M)                                0.96      30.60 r
  RAM/mem_reg_174__7_/D (SDFFRQX1M)                       0.00      30.60 r
  data arrival time                                                 30.60

  clock clk (rise edge)                                 100.00     100.00
  clock network delay (ideal)                             0.00     100.00
  clock uncertainty                                      -0.20      99.80
  RAM/mem_reg_174__7_/CK (SDFFRQX1M)                      0.00      99.80 r
  library setup time                                     -0.41      99.39
  data required time                                                99.39
  --------------------------------------------------------------------------
  data required time                                                99.39
  data arrival time                                                -30.60
  --------------------------------------------------------------------------
  slack (MET)                                                       68.79


  Startpoint: MOSI (input port clocked by clk)
  Endpoint: RAM/mem_reg_175__7_
            (rising edge-triggered flip-flop clocked by clk)
  Path Group: clk
  Path Type: max

  Des/Clust/Port     Wire Load Model       Library
  ------------------------------------------------
  SPI_Wrapper        tsmc13_wl30           scmetro_tsmc_cl013g_rvt_ff_1p32v_m40c

  Point                                                   Incr       Path
  --------------------------------------------------------------------------
  clock clk (rise edge)                                   0.00       0.00
  clock network delay (ideal)                             0.00       0.00
  input external delay                                   20.00      20.00 r
  MOSI (in)                                               0.17      20.17 r
  U4/Y (CLKBUFX2M)                                        0.65      20.82 r
  SPI_slave/MOSI (SPI_Slave_test_1)                       0.00      20.82 r
  SPI_slave/U8/Y (INVXLM)                                 0.59      21.41 f
  SPI_slave/U27/Y (NOR3X6M)                               0.85      22.26 r
  SPI_slave/U33/Y (NAND2X2M)                              0.99      23.25 f
  SPI_slave/U41/Y (NOR3X4M)                               0.93      24.18 r
  SPI_slave/rx_data[7] (SPI_Slave_test_1)                 0.00      24.18 r
  RAM/din[7] (single_port_Ram_test_1)                     0.00      24.18 r
  RAM/U6779/Y (CLKINVX2M)                                 1.08      25.26 f
  RAM/U6748/Y (CLKBUFX2M)                                 1.06      26.32 f
  RAM/U6676/Y (CLKBUFX2M)                                 1.06      27.38 f
  RAM/U6552/Y (CLKBUFX8M)                                 1.13      28.51 f
  RAM/U6544/Y (CLKBUFX8M)                                 1.14      29.64 f
  RAM/U8309/Y (OAI2BB2X1M)                                0.96      30.60 r
  RAM/mem_reg_175__7_/D (SDFFRQX1M)                       0.00      30.60 r
  data arrival time                                                 30.60

  clock clk (rise edge)                                 100.00     100.00
  clock network delay (ideal)                             0.00     100.00
  clock uncertainty                                      -0.20      99.80
  RAM/mem_reg_175__7_/CK (SDFFRQX1M)                      0.00      99.80 r
  library setup time                                     -0.41      99.39
  data required time                                                99.39
  --------------------------------------------------------------------------
  data required time                                                99.39
  data arrival time                                                -30.60
  --------------------------------------------------------------------------
  slack (MET)                                                       68.79


  Startpoint: MOSI (input port clocked by clk)
  Endpoint: RAM/mem_reg_16__7_
            (rising edge-triggered flip-flop clocked by clk)
  Path Group: clk
  Path Type: max

  Des/Clust/Port     Wire Load Model       Library
  ------------------------------------------------
  SPI_Wrapper        tsmc13_wl30           scmetro_tsmc_cl013g_rvt_ff_1p32v_m40c

  Point                                                   Incr       Path
  --------------------------------------------------------------------------
  clock clk (rise edge)                                   0.00       0.00
  clock network delay (ideal)                             0.00       0.00
  input external delay                                   20.00      20.00 r
  MOSI (in)                                               0.17      20.17 r
  U4/Y (CLKBUFX2M)                                        0.65      20.82 r
  SPI_slave/MOSI (SPI_Slave_test_1)                       0.00      20.82 r
  SPI_slave/U8/Y (INVXLM)                                 0.59      21.41 f
  SPI_slave/U27/Y (NOR3X6M)                               0.85      22.26 r
  SPI_slave/U33/Y (NAND2X2M)                              0.99      23.25 f
  SPI_slave/U41/Y (NOR3X4M)                               0.93      24.18 r
  SPI_slave/rx_data[7] (SPI_Slave_test_1)                 0.00      24.18 r
  RAM/din[7] (single_port_Ram_test_1)                     0.00      24.18 r
  RAM/U6779/Y (CLKINVX2M)                                 1.08      25.26 f
  RAM/U6748/Y (CLKBUFX2M)                                 1.06      26.32 f
  RAM/U6676/Y (CLKBUFX2M)                                 1.06      27.38 f
  RAM/U6566/Y (CLKBUFX8M)                                 1.13      28.51 f
  RAM/U6646/Y (CLKBUFX8M)                                 1.14      29.64 f
  RAM/U7031/Y (OAI2BB2X1M)                                0.96      30.60 r
  RAM/mem_reg_16__7_/D (SDFFRQX1M)                        0.00      30.60 r
  data arrival time                                                 30.60

  clock clk (rise edge)                                 100.00     100.00
  clock network delay (ideal)                             0.00     100.00
  clock uncertainty                                      -0.20      99.80
  RAM/mem_reg_16__7_/CK (SDFFRQX1M)                       0.00      99.80 r
  library setup time                                     -0.41      99.39
  data required time                                                99.39
  --------------------------------------------------------------------------
  data required time                                                99.39
  data arrival time                                                -30.60
  --------------------------------------------------------------------------
  slack (MET)                                                       68.79


  Startpoint: MOSI (input port clocked by clk)
  Endpoint: RAM/mem_reg_17__7_
            (rising edge-triggered flip-flop clocked by clk)
  Path Group: clk
  Path Type: max

  Des/Clust/Port     Wire Load Model       Library
  ------------------------------------------------
  SPI_Wrapper        tsmc13_wl30           scmetro_tsmc_cl013g_rvt_ff_1p32v_m40c

  Point                                                   Incr       Path
  --------------------------------------------------------------------------
  clock clk (rise edge)                                   0.00       0.00
  clock network delay (ideal)                             0.00       0.00
  input external delay                                   20.00      20.00 r
  MOSI (in)                                               0.17      20.17 r
  U4/Y (CLKBUFX2M)                                        0.65      20.82 r
  SPI_slave/MOSI (SPI_Slave_test_1)                       0.00      20.82 r
  SPI_slave/U8/Y (INVXLM)                                 0.59      21.41 f
  SPI_slave/U27/Y (NOR3X6M)                               0.85      22.26 r
  SPI_slave/U33/Y (NAND2X2M)                              0.99      23.25 f
  SPI_slave/U41/Y (NOR3X4M)                               0.93      24.18 r
  SPI_slave/rx_data[7] (SPI_Slave_test_1)                 0.00      24.18 r
  RAM/din[7] (single_port_Ram_test_1)                     0.00      24.18 r
  RAM/U6779/Y (CLKINVX2M)                                 1.08      25.26 f
  RAM/U6748/Y (CLKBUFX2M)                                 1.06      26.32 f
  RAM/U6676/Y (CLKBUFX2M)                                 1.06      27.38 f
  RAM/U6566/Y (CLKBUFX8M)                                 1.13      28.51 f
  RAM/U6646/Y (CLKBUFX8M)                                 1.14      29.64 f
  RAM/U7039/Y (OAI2BB2X1M)                                0.96      30.60 r
  RAM/mem_reg_17__7_/D (SDFFRQX1M)                        0.00      30.60 r
  data arrival time                                                 30.60

  clock clk (rise edge)                                 100.00     100.00
  clock network delay (ideal)                             0.00     100.00
  clock uncertainty                                      -0.20      99.80
  RAM/mem_reg_17__7_/CK (SDFFRQX1M)                       0.00      99.80 r
  library setup time                                     -0.41      99.39
  data required time                                                99.39
  --------------------------------------------------------------------------
  data required time                                                99.39
  data arrival time                                                -30.60
  --------------------------------------------------------------------------
  slack (MET)                                                       68.79


  Startpoint: MOSI (input port clocked by clk)
  Endpoint: RAM/mem_reg_18__7_
            (rising edge-triggered flip-flop clocked by clk)
  Path Group: clk
  Path Type: max

  Des/Clust/Port     Wire Load Model       Library
  ------------------------------------------------
  SPI_Wrapper        tsmc13_wl30           scmetro_tsmc_cl013g_rvt_ff_1p32v_m40c

  Point                                                   Incr       Path
  --------------------------------------------------------------------------
  clock clk (rise edge)                                   0.00       0.00
  clock network delay (ideal)                             0.00       0.00
  input external delay                                   20.00      20.00 r
  MOSI (in)                                               0.17      20.17 r
  U4/Y (CLKBUFX2M)                                        0.65      20.82 r
  SPI_slave/MOSI (SPI_Slave_test_1)                       0.00      20.82 r
  SPI_slave/U8/Y (INVXLM)                                 0.59      21.41 f
  SPI_slave/U27/Y (NOR3X6M)                               0.85      22.26 r
  SPI_slave/U33/Y (NAND2X2M)                              0.99      23.25 f
  SPI_slave/U41/Y (NOR3X4M)                               0.93      24.18 r
  SPI_slave/rx_data[7] (SPI_Slave_test_1)                 0.00      24.18 r
  RAM/din[7] (single_port_Ram_test_1)                     0.00      24.18 r
  RAM/U6779/Y (CLKINVX2M)                                 1.08      25.26 f
  RAM/U6748/Y (CLKBUFX2M)                                 1.06      26.32 f
  RAM/U6676/Y (CLKBUFX2M)                                 1.06      27.38 f
  RAM/U6566/Y (CLKBUFX8M)                                 1.13      28.51 f
  RAM/U6646/Y (CLKBUFX8M)                                 1.14      29.64 f
  RAM/U7047/Y (OAI2BB2X1M)                                0.96      30.60 r
  RAM/mem_reg_18__7_/D (SDFFRQX1M)                        0.00      30.60 r
  data arrival time                                                 30.60

  clock clk (rise edge)                                 100.00     100.00
  clock network delay (ideal)                             0.00     100.00
  clock uncertainty                                      -0.20      99.80
  RAM/mem_reg_18__7_/CK (SDFFRQX1M)                       0.00      99.80 r
  library setup time                                     -0.41      99.39
  data required time                                                99.39
  --------------------------------------------------------------------------
  data required time                                                99.39
  data arrival time                                                -30.60
  --------------------------------------------------------------------------
  slack (MET)                                                       68.79


  Startpoint: MOSI (input port clocked by clk)
  Endpoint: RAM/mem_reg_19__7_
            (rising edge-triggered flip-flop clocked by clk)
  Path Group: clk
  Path Type: max

  Des/Clust/Port     Wire Load Model       Library
  ------------------------------------------------
  SPI_Wrapper        tsmc13_wl30           scmetro_tsmc_cl013g_rvt_ff_1p32v_m40c

  Point                                                   Incr       Path
  --------------------------------------------------------------------------
  clock clk (rise edge)                                   0.00       0.00
  clock network delay (ideal)                             0.00       0.00
  input external delay                                   20.00      20.00 r
  MOSI (in)                                               0.17      20.17 r
  U4/Y (CLKBUFX2M)                                        0.65      20.82 r
  SPI_slave/MOSI (SPI_Slave_test_1)                       0.00      20.82 r
  SPI_slave/U8/Y (INVXLM)                                 0.59      21.41 f
  SPI_slave/U27/Y (NOR3X6M)                               0.85      22.26 r
  SPI_slave/U33/Y (NAND2X2M)                              0.99      23.25 f
  SPI_slave/U41/Y (NOR3X4M)                               0.93      24.18 r
  SPI_slave/rx_data[7] (SPI_Slave_test_1)                 0.00      24.18 r
  RAM/din[7] (single_port_Ram_test_1)                     0.00      24.18 r
  RAM/U6779/Y (CLKINVX2M)                                 1.08      25.26 f
  RAM/U6748/Y (CLKBUFX2M)                                 1.06      26.32 f
  RAM/U6676/Y (CLKBUFX2M)                                 1.06      27.38 f
  RAM/U6566/Y (CLKBUFX8M)                                 1.13      28.51 f
  RAM/U6646/Y (CLKBUFX8M)                                 1.14      29.64 f
  RAM/U7055/Y (OAI2BB2X1M)                                0.96      30.60 r
  RAM/mem_reg_19__7_/D (SDFFRQX1M)                        0.00      30.60 r
  data arrival time                                                 30.60

  clock clk (rise edge)                                 100.00     100.00
  clock network delay (ideal)                             0.00     100.00
  clock uncertainty                                      -0.20      99.80
  RAM/mem_reg_19__7_/CK (SDFFRQX1M)                       0.00      99.80 r
  library setup time                                     -0.41      99.39
  data required time                                                99.39
  --------------------------------------------------------------------------
  data required time                                                99.39
  data arrival time                                                -30.60
  --------------------------------------------------------------------------
  slack (MET)                                                       68.79


  Startpoint: MOSI (input port clocked by clk)
  Endpoint: RAM/mem_reg_8__7_
            (rising edge-triggered flip-flop clocked by clk)
  Path Group: clk
  Path Type: max

  Des/Clust/Port     Wire Load Model       Library
  ------------------------------------------------
  SPI_Wrapper        tsmc13_wl30           scmetro_tsmc_cl013g_rvt_ff_1p32v_m40c

  Point                                                   Incr       Path
  --------------------------------------------------------------------------
  clock clk (rise edge)                                   0.00       0.00
  clock network delay (ideal)                             0.00       0.00
  input external delay                                   20.00      20.00 r
  MOSI (in)                                               0.17      20.17 r
  U4/Y (CLKBUFX2M)                                        0.65      20.82 r
  SPI_slave/MOSI (SPI_Slave_test_1)                       0.00      20.82 r
  SPI_slave/U8/Y (INVXLM)                                 0.59      21.41 f
  SPI_slave/U27/Y (NOR3X6M)                               0.85      22.26 r
  SPI_slave/U33/Y (NAND2X2M)                              0.99      23.25 f
  SPI_slave/U41/Y (NOR3X4M)                               0.93      24.18 r
  SPI_slave/rx_data[7] (SPI_Slave_test_1)                 0.00      24.18 r
  RAM/din[7] (single_port_Ram_test_1)                     0.00      24.18 r
  RAM/U6779/Y (CLKINVX2M)                                 1.08      25.26 f
  RAM/U6748/Y (CLKBUFX2M)                                 1.06      26.32 f
  RAM/U6676/Y (CLKBUFX2M)                                 1.06      27.38 f
  RAM/U6566/Y (CLKBUFX8M)                                 1.13      28.51 f
  RAM/U6646/Y (CLKBUFX8M)                                 1.14      29.64 f
  RAM/U7085/Y (OAI2BB2X1M)                                0.96      30.60 r
  RAM/mem_reg_8__7_/D (SDFFRQX1M)                         0.00      30.60 r
  data arrival time                                                 30.60

  clock clk (rise edge)                                 100.00     100.00
  clock network delay (ideal)                             0.00     100.00
  clock uncertainty                                      -0.20      99.80
  RAM/mem_reg_8__7_/CK (SDFFRQX1M)                        0.00      99.80 r
  library setup time                                     -0.41      99.39
  data required time                                                99.39
  --------------------------------------------------------------------------
  data required time                                                99.39
  data arrival time                                                -30.60
  --------------------------------------------------------------------------
  slack (MET)                                                       68.79


  Startpoint: MOSI (input port clocked by clk)
  Endpoint: RAM/mem_reg_9__7_
            (rising edge-triggered flip-flop clocked by clk)
  Path Group: clk
  Path Type: max

  Des/Clust/Port     Wire Load Model       Library
  ------------------------------------------------
  SPI_Wrapper        tsmc13_wl30           scmetro_tsmc_cl013g_rvt_ff_1p32v_m40c

  Point                                                   Incr       Path
  --------------------------------------------------------------------------
  clock clk (rise edge)                                   0.00       0.00
  clock network delay (ideal)                             0.00       0.00
  input external delay                                   20.00      20.00 r
  MOSI (in)                                               0.17      20.17 r
  U4/Y (CLKBUFX2M)                                        0.65      20.82 r
  SPI_slave/MOSI (SPI_Slave_test_1)                       0.00      20.82 r
  SPI_slave/U8/Y (INVXLM)                                 0.59      21.41 f
  SPI_slave/U27/Y (NOR3X6M)                               0.85      22.26 r
  SPI_slave/U33/Y (NAND2X2M)                              0.99      23.25 f
  SPI_slave/U41/Y (NOR3X4M)                               0.93      24.18 r
  SPI_slave/rx_data[7] (SPI_Slave_test_1)                 0.00      24.18 r
  RAM/din[7] (single_port_Ram_test_1)                     0.00      24.18 r
  RAM/U6779/Y (CLKINVX2M)                                 1.08      25.26 f
  RAM/U6748/Y (CLKBUFX2M)                                 1.06      26.32 f
  RAM/U6676/Y (CLKBUFX2M)                                 1.06      27.38 f
  RAM/U6566/Y (CLKBUFX8M)                                 1.13      28.51 f
  RAM/U6646/Y (CLKBUFX8M)                                 1.14      29.64 f
  RAM/U6975/Y (OAI2BB2X1M)                                0.96      30.60 r
  RAM/mem_reg_9__7_/D (SDFFRQX1M)                         0.00      30.60 r
  data arrival time                                                 30.60

  clock clk (rise edge)                                 100.00     100.00
  clock network delay (ideal)                             0.00     100.00
  clock uncertainty                                      -0.20      99.80
  RAM/mem_reg_9__7_/CK (SDFFRQX1M)                        0.00      99.80 r
  library setup time                                     -0.41      99.39
  data required time                                                99.39
  --------------------------------------------------------------------------
  data required time                                                99.39
  data arrival time                                                -30.60
  --------------------------------------------------------------------------
  slack (MET)                                                       68.79


  Startpoint: MOSI (input port clocked by clk)
  Endpoint: RAM/mem_reg_10__7_
            (rising edge-triggered flip-flop clocked by clk)
  Path Group: clk
  Path Type: max

  Des/Clust/Port     Wire Load Model       Library
  ------------------------------------------------
  SPI_Wrapper        tsmc13_wl30           scmetro_tsmc_cl013g_rvt_ff_1p32v_m40c

  Point                                                   Incr       Path
  --------------------------------------------------------------------------
  clock clk (rise edge)                                   0.00       0.00
  clock network delay (ideal)                             0.00       0.00
  input external delay                                   20.00      20.00 r
  MOSI (in)                                               0.17      20.17 r
  U4/Y (CLKBUFX2M)                                        0.65      20.82 r
  SPI_slave/MOSI (SPI_Slave_test_1)                       0.00      20.82 r
  SPI_slave/U8/Y (INVXLM)                                 0.59      21.41 f
  SPI_slave/U27/Y (NOR3X6M)                               0.85      22.26 r
  SPI_slave/U33/Y (NAND2X2M)                              0.99      23.25 f
  SPI_slave/U41/Y (NOR3X4M)                               0.93      24.18 r
  SPI_slave/rx_data[7] (SPI_Slave_test_1)                 0.00      24.18 r
  RAM/din[7] (single_port_Ram_test_1)                     0.00      24.18 r
  RAM/U6779/Y (CLKINVX2M)                                 1.08      25.26 f
  RAM/U6748/Y (CLKBUFX2M)                                 1.06      26.32 f
  RAM/U6676/Y (CLKBUFX2M)                                 1.06      27.38 f
  RAM/U6566/Y (CLKBUFX8M)                                 1.13      28.51 f
  RAM/U6646/Y (CLKBUFX8M)                                 1.14      29.64 f
  RAM/U6983/Y (OAI2BB2X1M)                                0.96      30.60 r
  RAM/mem_reg_10__7_/D (SDFFRQX1M)                        0.00      30.60 r
  data arrival time                                                 30.60

  clock clk (rise edge)                                 100.00     100.00
  clock network delay (ideal)                             0.00     100.00
  clock uncertainty                                      -0.20      99.80
  RAM/mem_reg_10__7_/CK (SDFFRQX1M)                       0.00      99.80 r
  library setup time                                     -0.41      99.39
  data required time                                                99.39
  --------------------------------------------------------------------------
  data required time                                                99.39
  data arrival time                                                -30.60
  --------------------------------------------------------------------------
  slack (MET)                                                       68.79


  Startpoint: MOSI (input port clocked by clk)
  Endpoint: RAM/mem_reg_11__7_
            (rising edge-triggered flip-flop clocked by clk)
  Path Group: clk
  Path Type: max

  Des/Clust/Port     Wire Load Model       Library
  ------------------------------------------------
  SPI_Wrapper        tsmc13_wl30           scmetro_tsmc_cl013g_rvt_ff_1p32v_m40c

  Point                                                   Incr       Path
  --------------------------------------------------------------------------
  clock clk (rise edge)                                   0.00       0.00
  clock network delay (ideal)                             0.00       0.00
  input external delay                                   20.00      20.00 r
  MOSI (in)                                               0.17      20.17 r
  U4/Y (CLKBUFX2M)                                        0.65      20.82 r
  SPI_slave/MOSI (SPI_Slave_test_1)                       0.00      20.82 r
  SPI_slave/U8/Y (INVXLM)                                 0.59      21.41 f
  SPI_slave/U27/Y (NOR3X6M)                               0.85      22.26 r
  SPI_slave/U33/Y (NAND2X2M)                              0.99      23.25 f
  SPI_slave/U41/Y (NOR3X4M)                               0.93      24.18 r
  SPI_slave/rx_data[7] (SPI_Slave_test_1)                 0.00      24.18 r
  RAM/din[7] (single_port_Ram_test_1)                     0.00      24.18 r
  RAM/U6779/Y (CLKINVX2M)                                 1.08      25.26 f
  RAM/U6748/Y (CLKBUFX2M)                                 1.06      26.32 f
  RAM/U6676/Y (CLKBUFX2M)                                 1.06      27.38 f
  RAM/U6566/Y (CLKBUFX8M)                                 1.13      28.51 f
  RAM/U6646/Y (CLKBUFX8M)                                 1.14      29.64 f
  RAM/U6991/Y (OAI2BB2X1M)                                0.96      30.60 r
  RAM/mem_reg_11__7_/D (SDFFRQX1M)                        0.00      30.60 r
  data arrival time                                                 30.60

  clock clk (rise edge)                                 100.00     100.00
  clock network delay (ideal)                             0.00     100.00
  clock uncertainty                                      -0.20      99.80
  RAM/mem_reg_11__7_/CK (SDFFRQX1M)                       0.00      99.80 r
  library setup time                                     -0.41      99.39
  data required time                                                99.39
  --------------------------------------------------------------------------
  data required time                                                99.39
  data arrival time                                                -30.60
  --------------------------------------------------------------------------
  slack (MET)                                                       68.79


  Startpoint: MOSI (input port clocked by clk)
  Endpoint: RAM/mem_reg_12__7_
            (rising edge-triggered flip-flop clocked by clk)
  Path Group: clk
  Path Type: max

  Des/Clust/Port     Wire Load Model       Library
  ------------------------------------------------
  SPI_Wrapper        tsmc13_wl30           scmetro_tsmc_cl013g_rvt_ff_1p32v_m40c

  Point                                                   Incr       Path
  --------------------------------------------------------------------------
  clock clk (rise edge)                                   0.00       0.00
  clock network delay (ideal)                             0.00       0.00
  input external delay                                   20.00      20.00 r
  MOSI (in)                                               0.17      20.17 r
  U4/Y (CLKBUFX2M)                                        0.65      20.82 r
  SPI_slave/MOSI (SPI_Slave_test_1)                       0.00      20.82 r
  SPI_slave/U8/Y (INVXLM)                                 0.59      21.41 f
  SPI_slave/U27/Y (NOR3X6M)                               0.85      22.26 r
  SPI_slave/U33/Y (NAND2X2M)                              0.99      23.25 f
  SPI_slave/U41/Y (NOR3X4M)                               0.93      24.18 r
  SPI_slave/rx_data[7] (SPI_Slave_test_1)                 0.00      24.18 r
  RAM/din[7] (single_port_Ram_test_1)                     0.00      24.18 r
  RAM/U6779/Y (CLKINVX2M)                                 1.08      25.26 f
  RAM/U6748/Y (CLKBUFX2M)                                 1.06      26.32 f
  RAM/U6676/Y (CLKBUFX2M)                                 1.06      27.38 f
  RAM/U6566/Y (CLKBUFX8M)                                 1.13      28.51 f
  RAM/U6646/Y (CLKBUFX8M)                                 1.14      29.64 f
  RAM/U6999/Y (OAI2BB2X1M)                                0.96      30.60 r
  RAM/mem_reg_12__7_/D (SDFFRQX1M)                        0.00      30.60 r
  data arrival time                                                 30.60

  clock clk (rise edge)                                 100.00     100.00
  clock network delay (ideal)                             0.00     100.00
  clock uncertainty                                      -0.20      99.80
  RAM/mem_reg_12__7_/CK (SDFFRQX1M)                       0.00      99.80 r
  library setup time                                     -0.41      99.39
  data required time                                                99.39
  --------------------------------------------------------------------------
  data required time                                                99.39
  data arrival time                                                -30.60
  --------------------------------------------------------------------------
  slack (MET)                                                       68.79


  Startpoint: MOSI (input port clocked by clk)
  Endpoint: RAM/mem_reg_13__7_
            (rising edge-triggered flip-flop clocked by clk)
  Path Group: clk
  Path Type: max

  Des/Clust/Port     Wire Load Model       Library
  ------------------------------------------------
  SPI_Wrapper        tsmc13_wl30           scmetro_tsmc_cl013g_rvt_ff_1p32v_m40c

  Point                                                   Incr       Path
  --------------------------------------------------------------------------
  clock clk (rise edge)                                   0.00       0.00
  clock network delay (ideal)                             0.00       0.00
  input external delay                                   20.00      20.00 r
  MOSI (in)                                               0.17      20.17 r
  U4/Y (CLKBUFX2M)                                        0.65      20.82 r
  SPI_slave/MOSI (SPI_Slave_test_1)                       0.00      20.82 r
  SPI_slave/U8/Y (INVXLM)                                 0.59      21.41 f
  SPI_slave/U27/Y (NOR3X6M)                               0.85      22.26 r
  SPI_slave/U33/Y (NAND2X2M)                              0.99      23.25 f
  SPI_slave/U41/Y (NOR3X4M)                               0.93      24.18 r
  SPI_slave/rx_data[7] (SPI_Slave_test_1)                 0.00      24.18 r
  RAM/din[7] (single_port_Ram_test_1)                     0.00      24.18 r
  RAM/U6779/Y (CLKINVX2M)                                 1.08      25.26 f
  RAM/U6748/Y (CLKBUFX2M)                                 1.06      26.32 f
  RAM/U6676/Y (CLKBUFX2M)                                 1.06      27.38 f
  RAM/U6566/Y (CLKBUFX8M)                                 1.13      28.51 f
  RAM/U6646/Y (CLKBUFX8M)                                 1.14      29.64 f
  RAM/U7007/Y (OAI2BB2X1M)                                0.96      30.60 r
  RAM/mem_reg_13__7_/D (SDFFRQX1M)                        0.00      30.60 r
  data arrival time                                                 30.60

  clock clk (rise edge)                                 100.00     100.00
  clock network delay (ideal)                             0.00     100.00
  clock uncertainty                                      -0.20      99.80
  RAM/mem_reg_13__7_/CK (SDFFRQX1M)                       0.00      99.80 r
  library setup time                                     -0.41      99.39
  data required time                                                99.39
  --------------------------------------------------------------------------
  data required time                                                99.39
  data arrival time                                                -30.60
  --------------------------------------------------------------------------
  slack (MET)                                                       68.79


  Startpoint: MOSI (input port clocked by clk)
  Endpoint: RAM/mem_reg_14__7_
            (rising edge-triggered flip-flop clocked by clk)
  Path Group: clk
  Path Type: max

  Des/Clust/Port     Wire Load Model       Library
  ------------------------------------------------
  SPI_Wrapper        tsmc13_wl30           scmetro_tsmc_cl013g_rvt_ff_1p32v_m40c

  Point                                                   Incr       Path
  --------------------------------------------------------------------------
  clock clk (rise edge)                                   0.00       0.00
  clock network delay (ideal)                             0.00       0.00
  input external delay                                   20.00      20.00 r
  MOSI (in)                                               0.17      20.17 r
  U4/Y (CLKBUFX2M)                                        0.65      20.82 r
  SPI_slave/MOSI (SPI_Slave_test_1)                       0.00      20.82 r
  SPI_slave/U8/Y (INVXLM)                                 0.59      21.41 f
  SPI_slave/U27/Y (NOR3X6M)                               0.85      22.26 r
  SPI_slave/U33/Y (NAND2X2M)                              0.99      23.25 f
  SPI_slave/U41/Y (NOR3X4M)                               0.93      24.18 r
  SPI_slave/rx_data[7] (SPI_Slave_test_1)                 0.00      24.18 r
  RAM/din[7] (single_port_Ram_test_1)                     0.00      24.18 r
  RAM/U6779/Y (CLKINVX2M)                                 1.08      25.26 f
  RAM/U6748/Y (CLKBUFX2M)                                 1.06      26.32 f
  RAM/U6676/Y (CLKBUFX2M)                                 1.06      27.38 f
  RAM/U6566/Y (CLKBUFX8M)                                 1.13      28.51 f
  RAM/U6646/Y (CLKBUFX8M)                                 1.14      29.64 f
  RAM/U7015/Y (OAI2BB2X1M)                                0.96      30.60 r
  RAM/mem_reg_14__7_/D (SDFFRQX1M)                        0.00      30.60 r
  data arrival time                                                 30.60

  clock clk (rise edge)                                 100.00     100.00
  clock network delay (ideal)                             0.00     100.00
  clock uncertainty                                      -0.20      99.80
  RAM/mem_reg_14__7_/CK (SDFFRQX1M)                       0.00      99.80 r
  library setup time                                     -0.41      99.39
  data required time                                                99.39
  --------------------------------------------------------------------------
  data required time                                                99.39
  data arrival time                                                -30.60
  --------------------------------------------------------------------------
  slack (MET)                                                       68.79


  Startpoint: MOSI (input port clocked by clk)
  Endpoint: RAM/mem_reg_15__7_
            (rising edge-triggered flip-flop clocked by clk)
  Path Group: clk
  Path Type: max

  Des/Clust/Port     Wire Load Model       Library
  ------------------------------------------------
  SPI_Wrapper        tsmc13_wl30           scmetro_tsmc_cl013g_rvt_ff_1p32v_m40c

  Point                                                   Incr       Path
  --------------------------------------------------------------------------
  clock clk (rise edge)                                   0.00       0.00
  clock network delay (ideal)                             0.00       0.00
  input external delay                                   20.00      20.00 r
  MOSI (in)                                               0.17      20.17 r
  U4/Y (CLKBUFX2M)                                        0.65      20.82 r
  SPI_slave/MOSI (SPI_Slave_test_1)                       0.00      20.82 r
  SPI_slave/U8/Y (INVXLM)                                 0.59      21.41 f
  SPI_slave/U27/Y (NOR3X6M)                               0.85      22.26 r
  SPI_slave/U33/Y (NAND2X2M)                              0.99      23.25 f
  SPI_slave/U41/Y (NOR3X4M)                               0.93      24.18 r
  SPI_slave/rx_data[7] (SPI_Slave_test_1)                 0.00      24.18 r
  RAM/din[7] (single_port_Ram_test_1)                     0.00      24.18 r
  RAM/U6779/Y (CLKINVX2M)                                 1.08      25.26 f
  RAM/U6748/Y (CLKBUFX2M)                                 1.06      26.32 f
  RAM/U6676/Y (CLKBUFX2M)                                 1.06      27.38 f
  RAM/U6566/Y (CLKBUFX8M)                                 1.13      28.51 f
  RAM/U6646/Y (CLKBUFX8M)                                 1.14      29.64 f
  RAM/U7023/Y (OAI2BB2X1M)                                0.96      30.60 r
  RAM/mem_reg_15__7_/D (SDFFRQX1M)                        0.00      30.60 r
  data arrival time                                                 30.60

  clock clk (rise edge)                                 100.00     100.00
  clock network delay (ideal)                             0.00     100.00
  clock uncertainty                                      -0.20      99.80
  RAM/mem_reg_15__7_/CK (SDFFRQX1M)                       0.00      99.80 r
  library setup time                                     -0.41      99.39
  data required time                                                99.39
  --------------------------------------------------------------------------
  data required time                                                99.39
  data arrival time                                                -30.60
  --------------------------------------------------------------------------
  slack (MET)                                                       68.79


  Startpoint: MOSI (input port clocked by clk)
  Endpoint: RAM/mem_reg_98__7_
            (rising edge-triggered flip-flop clocked by clk)
  Path Group: clk
  Path Type: max

  Des/Clust/Port     Wire Load Model       Library
  ------------------------------------------------
  SPI_Wrapper        tsmc13_wl30           scmetro_tsmc_cl013g_rvt_ff_1p32v_m40c

  Point                                                   Incr       Path
  --------------------------------------------------------------------------
  clock clk (rise edge)                                   0.00       0.00
  clock network delay (ideal)                             0.00       0.00
  input external delay                                   20.00      20.00 r
  MOSI (in)                                               0.17      20.17 r
  U4/Y (CLKBUFX2M)                                        0.65      20.82 r
  SPI_slave/MOSI (SPI_Slave_test_1)                       0.00      20.82 r
  SPI_slave/U8/Y (INVXLM)                                 0.59      21.41 f
  SPI_slave/U27/Y (NOR3X6M)                               0.85      22.26 r
  SPI_slave/U33/Y (NAND2X2M)                              0.99      23.25 f
  SPI_slave/U41/Y (NOR3X4M)                               0.93      24.18 r
  SPI_slave/rx_data[7] (SPI_Slave_test_1)                 0.00      24.18 r
  RAM/din[7] (single_port_Ram_test_1)                     0.00      24.18 r
  RAM/U6779/Y (CLKINVX2M)                                 1.08      25.26 f
  RAM/U6748/Y (CLKBUFX2M)                                 1.06      26.32 f
  RAM/U6676/Y (CLKBUFX2M)                                 1.06      27.38 f
  RAM/U6566/Y (CLKBUFX8M)                                 1.13      28.51 f
  RAM/U6646/Y (CLKBUFX8M)                                 1.14      29.64 f
  RAM/U7693/Y (OAI2BB2X1M)                                0.96      30.60 r
  RAM/mem_reg_98__7_/D (SDFFRQX1M)                        0.00      30.60 r
  data arrival time                                                 30.60

  clock clk (rise edge)                                 100.00     100.00
  clock network delay (ideal)                             0.00     100.00
  clock uncertainty                                      -0.20      99.80
  RAM/mem_reg_98__7_/CK (SDFFRQX1M)                       0.00      99.80 r
  library setup time                                     -0.41      99.39
  data required time                                                99.39
  --------------------------------------------------------------------------
  data required time                                                99.39
  data arrival time                                                -30.60
  --------------------------------------------------------------------------
  slack (MET)                                                       68.79


  Startpoint: MOSI (input port clocked by clk)
  Endpoint: RAM/mem_reg_100__7_
            (rising edge-triggered flip-flop clocked by clk)
  Path Group: clk
  Path Type: max

  Des/Clust/Port     Wire Load Model       Library
  ------------------------------------------------
  SPI_Wrapper        tsmc13_wl30           scmetro_tsmc_cl013g_rvt_ff_1p32v_m40c

  Point                                                   Incr       Path
  --------------------------------------------------------------------------
  clock clk (rise edge)                                   0.00       0.00
  clock network delay (ideal)                             0.00       0.00
  input external delay                                   20.00      20.00 r
  MOSI (in)                                               0.17      20.17 r
  U4/Y (CLKBUFX2M)                                        0.65      20.82 r
  SPI_slave/MOSI (SPI_Slave_test_1)                       0.00      20.82 r
  SPI_slave/U8/Y (INVXLM)                                 0.59      21.41 f
  SPI_slave/U27/Y (NOR3X6M)                               0.85      22.26 r
  SPI_slave/U33/Y (NAND2X2M)                              0.99      23.25 f
  SPI_slave/U41/Y (NOR3X4M)                               0.93      24.18 r
  SPI_slave/rx_data[7] (SPI_Slave_test_1)                 0.00      24.18 r
  RAM/din[7] (single_port_Ram_test_1)                     0.00      24.18 r
  RAM/U6779/Y (CLKINVX2M)                                 1.08      25.26 f
  RAM/U6748/Y (CLKBUFX2M)                                 1.06      26.32 f
  RAM/U6676/Y (CLKBUFX2M)                                 1.06      27.38 f
  RAM/U6566/Y (CLKBUFX8M)                                 1.13      28.51 f
  RAM/U6646/Y (CLKBUFX8M)                                 1.14      29.64 f
  RAM/U7709/Y (OAI2BB2X1M)                                0.96      30.60 r
  RAM/mem_reg_100__7_/D (SDFFRQX1M)                       0.00      30.60 r
  data arrival time                                                 30.60

  clock clk (rise edge)                                 100.00     100.00
  clock network delay (ideal)                             0.00     100.00
  clock uncertainty                                      -0.20      99.80
  RAM/mem_reg_100__7_/CK (SDFFRQX1M)                      0.00      99.80 r
  library setup time                                     -0.41      99.39
  data required time                                                99.39
  --------------------------------------------------------------------------
  data required time                                                99.39
  data arrival time                                                -30.60
  --------------------------------------------------------------------------
  slack (MET)                                                       68.79


  Startpoint: MOSI (input port clocked by clk)
  Endpoint: RAM/mem_reg_102__7_
            (rising edge-triggered flip-flop clocked by clk)
  Path Group: clk
  Path Type: max

  Des/Clust/Port     Wire Load Model       Library
  ------------------------------------------------
  SPI_Wrapper        tsmc13_wl30           scmetro_tsmc_cl013g_rvt_ff_1p32v_m40c

  Point                                                   Incr       Path
  --------------------------------------------------------------------------
  clock clk (rise edge)                                   0.00       0.00
  clock network delay (ideal)                             0.00       0.00
  input external delay                                   20.00      20.00 r
  MOSI (in)                                               0.17      20.17 r
  U4/Y (CLKBUFX2M)                                        0.65      20.82 r
  SPI_slave/MOSI (SPI_Slave_test_1)                       0.00      20.82 r
  SPI_slave/U8/Y (INVXLM)                                 0.59      21.41 f
  SPI_slave/U27/Y (NOR3X6M)                               0.85      22.26 r
  SPI_slave/U33/Y (NAND2X2M)                              0.99      23.25 f
  SPI_slave/U41/Y (NOR3X4M)                               0.93      24.18 r
  SPI_slave/rx_data[7] (SPI_Slave_test_1)                 0.00      24.18 r
  RAM/din[7] (single_port_Ram_test_1)                     0.00      24.18 r
  RAM/U6779/Y (CLKINVX2M)                                 1.08      25.26 f
  RAM/U6748/Y (CLKBUFX2M)                                 1.06      26.32 f
  RAM/U6676/Y (CLKBUFX2M)                                 1.06      27.38 f
  RAM/U6566/Y (CLKBUFX8M)                                 1.13      28.51 f
  RAM/U6646/Y (CLKBUFX8M)                                 1.14      29.64 f
  RAM/U7725/Y (OAI2BB2X1M)                                0.96      30.60 r
  RAM/mem_reg_102__7_/D (SDFFRQX1M)                       0.00      30.60 r
  data arrival time                                                 30.60

  clock clk (rise edge)                                 100.00     100.00
  clock network delay (ideal)                             0.00     100.00
  clock uncertainty                                      -0.20      99.80
  RAM/mem_reg_102__7_/CK (SDFFRQX1M)                      0.00      99.80 r
  library setup time                                     -0.41      99.39
  data required time                                                99.39
  --------------------------------------------------------------------------
  data required time                                                99.39
  data arrival time                                                -30.60
  --------------------------------------------------------------------------
  slack (MET)                                                       68.79


  Startpoint: MOSI (input port clocked by clk)
  Endpoint: RAM/mem_reg_109__7_
            (rising edge-triggered flip-flop clocked by clk)
  Path Group: clk
  Path Type: max

  Des/Clust/Port     Wire Load Model       Library
  ------------------------------------------------
  SPI_Wrapper        tsmc13_wl30           scmetro_tsmc_cl013g_rvt_ff_1p32v_m40c

  Point                                                   Incr       Path
  --------------------------------------------------------------------------
  clock clk (rise edge)                                   0.00       0.00
  clock network delay (ideal)                             0.00       0.00
  input external delay                                   20.00      20.00 r
  MOSI (in)                                               0.17      20.17 r
  U4/Y (CLKBUFX2M)                                        0.65      20.82 r
  SPI_slave/MOSI (SPI_Slave_test_1)                       0.00      20.82 r
  SPI_slave/U8/Y (INVXLM)                                 0.59      21.41 f
  SPI_slave/U27/Y (NOR3X6M)                               0.85      22.26 r
  SPI_slave/U33/Y (NAND2X2M)                              0.99      23.25 f
  SPI_slave/U41/Y (NOR3X4M)                               0.93      24.18 r
  SPI_slave/rx_data[7] (SPI_Slave_test_1)                 0.00      24.18 r
  RAM/din[7] (single_port_Ram_test_1)                     0.00      24.18 r
  RAM/U6779/Y (CLKINVX2M)                                 1.08      25.26 f
  RAM/U6748/Y (CLKBUFX2M)                                 1.06      26.32 f
  RAM/U6676/Y (CLKBUFX2M)                                 1.06      27.38 f
  RAM/U6566/Y (CLKBUFX8M)                                 1.13      28.51 f
  RAM/U6646/Y (CLKBUFX8M)                                 1.14      29.64 f
  RAM/U7781/Y (OAI2BB2X1M)                                0.96      30.60 r
  RAM/mem_reg_109__7_/D (SDFFRQX1M)                       0.00      30.60 r
  data arrival time                                                 30.60

  clock clk (rise edge)                                 100.00     100.00
  clock network delay (ideal)                             0.00     100.00
  clock uncertainty                                      -0.20      99.80
  RAM/mem_reg_109__7_/CK (SDFFRQX1M)                      0.00      99.80 r
  library setup time                                     -0.41      99.39
  data required time                                                99.39
  --------------------------------------------------------------------------
  data required time                                                99.39
  data arrival time                                                -30.60
  --------------------------------------------------------------------------
  slack (MET)                                                       68.79


  Startpoint: MOSI (input port clocked by clk)
  Endpoint: RAM/mem_reg_163__3_
            (rising edge-triggered flip-flop clocked by clk)
  Path Group: clk
  Path Type: max

  Des/Clust/Port     Wire Load Model       Library
  ------------------------------------------------
  SPI_Wrapper        tsmc13_wl30           scmetro_tsmc_cl013g_rvt_ff_1p32v_m40c

  Point                                                   Incr       Path
  --------------------------------------------------------------------------
  clock clk (rise edge)                                   0.00       0.00
  clock network delay (ideal)                             0.00       0.00
  input external delay                                   20.00      20.00 r
  MOSI (in)                                               0.17      20.17 r
  U4/Y (CLKBUFX2M)                                        0.65      20.82 r
  SPI_slave/MOSI (SPI_Slave_test_1)                       0.00      20.82 r
  SPI_slave/U8/Y (INVXLM)                                 0.59      21.41 f
  SPI_slave/U27/Y (NOR3X6M)                               0.85      22.26 r
  SPI_slave/U33/Y (NAND2X2M)                              0.99      23.25 f
  SPI_slave/U42/Y (NOR3X4M)                               0.93      24.18 r
  SPI_slave/rx_data[3] (SPI_Slave_test_1)                 0.00      24.18 r
  RAM/din[3] (single_port_Ram_test_1)                     0.00      24.18 r
  RAM/U6777/Y (CLKINVX2M)                                 1.08      25.25 f
  RAM/U6746/Y (CLKBUFX2M)                                 1.06      26.32 f
  RAM/U6674/Y (CLKBUFX2M)                                 1.06      27.38 f
  RAM/U6550/Y (CLKBUFX8M)                                 1.13      28.50 f
  RAM/U6542/Y (CLKBUFX8M)                                 1.14      29.64 f
  RAM/U8209/Y (OAI2BB2X1M)                                0.96      30.60 r
  RAM/mem_reg_163__3_/D (SDFFRQX1M)                       0.00      30.60 r
  data arrival time                                                 30.60

  clock clk (rise edge)                                 100.00     100.00
  clock network delay (ideal)                             0.00     100.00
  clock uncertainty                                      -0.20      99.80
  RAM/mem_reg_163__3_/CK (SDFFRQX1M)                      0.00      99.80 r
  library setup time                                     -0.41      99.39
  data required time                                                99.39
  --------------------------------------------------------------------------
  data required time                                                99.39
  data arrival time                                                -30.60
  --------------------------------------------------------------------------
  slack (MET)                                                       68.80


  Startpoint: MOSI (input port clocked by clk)
  Endpoint: RAM/mem_reg_168__3_
            (rising edge-triggered flip-flop clocked by clk)
  Path Group: clk
  Path Type: max

  Des/Clust/Port     Wire Load Model       Library
  ------------------------------------------------
  SPI_Wrapper        tsmc13_wl30           scmetro_tsmc_cl013g_rvt_ff_1p32v_m40c

  Point                                                   Incr       Path
  --------------------------------------------------------------------------
  clock clk (rise edge)                                   0.00       0.00
  clock network delay (ideal)                             0.00       0.00
  input external delay                                   20.00      20.00 r
  MOSI (in)                                               0.17      20.17 r
  U4/Y (CLKBUFX2M)                                        0.65      20.82 r
  SPI_slave/MOSI (SPI_Slave_test_1)                       0.00      20.82 r
  SPI_slave/U8/Y (INVXLM)                                 0.59      21.41 f
  SPI_slave/U27/Y (NOR3X6M)                               0.85      22.26 r
  SPI_slave/U33/Y (NAND2X2M)                              0.99      23.25 f
  SPI_slave/U42/Y (NOR3X4M)                               0.93      24.18 r
  SPI_slave/rx_data[3] (SPI_Slave_test_1)                 0.00      24.18 r
  RAM/din[3] (single_port_Ram_test_1)                     0.00      24.18 r
  RAM/U6777/Y (CLKINVX2M)                                 1.08      25.25 f
  RAM/U6746/Y (CLKBUFX2M)                                 1.06      26.32 f
  RAM/U6674/Y (CLKBUFX2M)                                 1.06      27.38 f
  RAM/U6550/Y (CLKBUFX8M)                                 1.13      28.50 f
  RAM/U6542/Y (CLKBUFX8M)                                 1.14      29.64 f
  RAM/U8249/Y (OAI2BB2X1M)                                0.96      30.60 r
  RAM/mem_reg_168__3_/D (SDFFRQX1M)                       0.00      30.60 r
  data arrival time                                                 30.60

  clock clk (rise edge)                                 100.00     100.00
  clock network delay (ideal)                             0.00     100.00
  clock uncertainty                                      -0.20      99.80
  RAM/mem_reg_168__3_/CK (SDFFRQX1M)                      0.00      99.80 r
  library setup time                                     -0.41      99.39
  data required time                                                99.39
  --------------------------------------------------------------------------
  data required time                                                99.39
  data arrival time                                                -30.60
  --------------------------------------------------------------------------
  slack (MET)                                                       68.80


  Startpoint: MOSI (input port clocked by clk)
  Endpoint: RAM/mem_reg_169__3_
            (rising edge-triggered flip-flop clocked by clk)
  Path Group: clk
  Path Type: max

  Des/Clust/Port     Wire Load Model       Library
  ------------------------------------------------
  SPI_Wrapper        tsmc13_wl30           scmetro_tsmc_cl013g_rvt_ff_1p32v_m40c

  Point                                                   Incr       Path
  --------------------------------------------------------------------------
  clock clk (rise edge)                                   0.00       0.00
  clock network delay (ideal)                             0.00       0.00
  input external delay                                   20.00      20.00 r
  MOSI (in)                                               0.17      20.17 r
  U4/Y (CLKBUFX2M)                                        0.65      20.82 r
  SPI_slave/MOSI (SPI_Slave_test_1)                       0.00      20.82 r
  SPI_slave/U8/Y (INVXLM)                                 0.59      21.41 f
  SPI_slave/U27/Y (NOR3X6M)                               0.85      22.26 r
  SPI_slave/U33/Y (NAND2X2M)                              0.99      23.25 f
  SPI_slave/U42/Y (NOR3X4M)                               0.93      24.18 r
  SPI_slave/rx_data[3] (SPI_Slave_test_1)                 0.00      24.18 r
  RAM/din[3] (single_port_Ram_test_1)                     0.00      24.18 r
  RAM/U6777/Y (CLKINVX2M)                                 1.08      25.25 f
  RAM/U6746/Y (CLKBUFX2M)                                 1.06      26.32 f
  RAM/U6674/Y (CLKBUFX2M)                                 1.06      27.38 f
  RAM/U6550/Y (CLKBUFX8M)                                 1.13      28.50 f
  RAM/U6542/Y (CLKBUFX8M)                                 1.14      29.64 f
  RAM/U8257/Y (OAI2BB2X1M)                                0.96      30.60 r
  RAM/mem_reg_169__3_/D (SDFFRQX1M)                       0.00      30.60 r
  data arrival time                                                 30.60

  clock clk (rise edge)                                 100.00     100.00
  clock network delay (ideal)                             0.00     100.00
  clock uncertainty                                      -0.20      99.80
  RAM/mem_reg_169__3_/CK (SDFFRQX1M)                      0.00      99.80 r
  library setup time                                     -0.41      99.39
  data required time                                                99.39
  --------------------------------------------------------------------------
  data required time                                                99.39
  data arrival time                                                -30.60
  --------------------------------------------------------------------------
  slack (MET)                                                       68.80


  Startpoint: MOSI (input port clocked by clk)
  Endpoint: RAM/mem_reg_170__3_
            (rising edge-triggered flip-flop clocked by clk)
  Path Group: clk
  Path Type: max

  Des/Clust/Port     Wire Load Model       Library
  ------------------------------------------------
  SPI_Wrapper        tsmc13_wl30           scmetro_tsmc_cl013g_rvt_ff_1p32v_m40c

  Point                                                   Incr       Path
  --------------------------------------------------------------------------
  clock clk (rise edge)                                   0.00       0.00
  clock network delay (ideal)                             0.00       0.00
  input external delay                                   20.00      20.00 r
  MOSI (in)                                               0.17      20.17 r
  U4/Y (CLKBUFX2M)                                        0.65      20.82 r
  SPI_slave/MOSI (SPI_Slave_test_1)                       0.00      20.82 r
  SPI_slave/U8/Y (INVXLM)                                 0.59      21.41 f
  SPI_slave/U27/Y (NOR3X6M)                               0.85      22.26 r
  SPI_slave/U33/Y (NAND2X2M)                              0.99      23.25 f
  SPI_slave/U42/Y (NOR3X4M)                               0.93      24.18 r
  SPI_slave/rx_data[3] (SPI_Slave_test_1)                 0.00      24.18 r
  RAM/din[3] (single_port_Ram_test_1)                     0.00      24.18 r
  RAM/U6777/Y (CLKINVX2M)                                 1.08      25.25 f
  RAM/U6746/Y (CLKBUFX2M)                                 1.06      26.32 f
  RAM/U6674/Y (CLKBUFX2M)                                 1.06      27.38 f
  RAM/U6550/Y (CLKBUFX8M)                                 1.13      28.50 f
  RAM/U6542/Y (CLKBUFX8M)                                 1.14      29.64 f
  RAM/U8265/Y (OAI2BB2X1M)                                0.96      30.60 r
  RAM/mem_reg_170__3_/D (SDFFRQX1M)                       0.00      30.60 r
  data arrival time                                                 30.60

  clock clk (rise edge)                                 100.00     100.00
  clock network delay (ideal)                             0.00     100.00
  clock uncertainty                                      -0.20      99.80
  RAM/mem_reg_170__3_/CK (SDFFRQX1M)                      0.00      99.80 r
  library setup time                                     -0.41      99.39
  data required time                                                99.39
  --------------------------------------------------------------------------
  data required time                                                99.39
  data arrival time                                                -30.60
  --------------------------------------------------------------------------
  slack (MET)                                                       68.80


  Startpoint: MOSI (input port clocked by clk)
  Endpoint: RAM/mem_reg_171__3_
            (rising edge-triggered flip-flop clocked by clk)
  Path Group: clk
  Path Type: max

  Des/Clust/Port     Wire Load Model       Library
  ------------------------------------------------
  SPI_Wrapper        tsmc13_wl30           scmetro_tsmc_cl013g_rvt_ff_1p32v_m40c

  Point                                                   Incr       Path
  --------------------------------------------------------------------------
  clock clk (rise edge)                                   0.00       0.00
  clock network delay (ideal)                             0.00       0.00
  input external delay                                   20.00      20.00 r
  MOSI (in)                                               0.17      20.17 r
  U4/Y (CLKBUFX2M)                                        0.65      20.82 r
  SPI_slave/MOSI (SPI_Slave_test_1)                       0.00      20.82 r
  SPI_slave/U8/Y (INVXLM)                                 0.59      21.41 f
  SPI_slave/U27/Y (NOR3X6M)                               0.85      22.26 r
  SPI_slave/U33/Y (NAND2X2M)                              0.99      23.25 f
  SPI_slave/U42/Y (NOR3X4M)                               0.93      24.18 r
  SPI_slave/rx_data[3] (SPI_Slave_test_1)                 0.00      24.18 r
  RAM/din[3] (single_port_Ram_test_1)                     0.00      24.18 r
  RAM/U6777/Y (CLKINVX2M)                                 1.08      25.25 f
  RAM/U6746/Y (CLKBUFX2M)                                 1.06      26.32 f
  RAM/U6674/Y (CLKBUFX2M)                                 1.06      27.38 f
  RAM/U6550/Y (CLKBUFX8M)                                 1.13      28.50 f
  RAM/U6542/Y (CLKBUFX8M)                                 1.14      29.64 f
  RAM/U8273/Y (OAI2BB2X1M)                                0.96      30.60 r
  RAM/mem_reg_171__3_/D (SDFFRQX1M)                       0.00      30.60 r
  data arrival time                                                 30.60

  clock clk (rise edge)                                 100.00     100.00
  clock network delay (ideal)                             0.00     100.00
  clock uncertainty                                      -0.20      99.80
  RAM/mem_reg_171__3_/CK (SDFFRQX1M)                      0.00      99.80 r
  library setup time                                     -0.41      99.39
  data required time                                                99.39
  --------------------------------------------------------------------------
  data required time                                                99.39
  data arrival time                                                -30.60
  --------------------------------------------------------------------------
  slack (MET)                                                       68.80


  Startpoint: MOSI (input port clocked by clk)
  Endpoint: RAM/mem_reg_164__3_
            (rising edge-triggered flip-flop clocked by clk)
  Path Group: clk
  Path Type: max

  Des/Clust/Port     Wire Load Model       Library
  ------------------------------------------------
  SPI_Wrapper        tsmc13_wl30           scmetro_tsmc_cl013g_rvt_ff_1p32v_m40c

  Point                                                   Incr       Path
  --------------------------------------------------------------------------
  clock clk (rise edge)                                   0.00       0.00
  clock network delay (ideal)                             0.00       0.00
  input external delay                                   20.00      20.00 r
  MOSI (in)                                               0.17      20.17 r
  U4/Y (CLKBUFX2M)                                        0.65      20.82 r
  SPI_slave/MOSI (SPI_Slave_test_1)                       0.00      20.82 r
  SPI_slave/U8/Y (INVXLM)                                 0.59      21.41 f
  SPI_slave/U27/Y (NOR3X6M)                               0.85      22.26 r
  SPI_slave/U33/Y (NAND2X2M)                              0.99      23.25 f
  SPI_slave/U42/Y (NOR3X4M)                               0.93      24.18 r
  SPI_slave/rx_data[3] (SPI_Slave_test_1)                 0.00      24.18 r
  RAM/din[3] (single_port_Ram_test_1)                     0.00      24.18 r
  RAM/U6777/Y (CLKINVX2M)                                 1.08      25.25 f
  RAM/U6746/Y (CLKBUFX2M)                                 1.06      26.32 f
  RAM/U6674/Y (CLKBUFX2M)                                 1.06      27.38 f
  RAM/U6550/Y (CLKBUFX8M)                                 1.13      28.50 f
  RAM/U6542/Y (CLKBUFX8M)                                 1.14      29.64 f
  RAM/U8217/Y (OAI2BB2X1M)                                0.96      30.60 r
  RAM/mem_reg_164__3_/D (SDFFRQX1M)                       0.00      30.60 r
  data arrival time                                                 30.60

  clock clk (rise edge)                                 100.00     100.00
  clock network delay (ideal)                             0.00     100.00
  clock uncertainty                                      -0.20      99.80
  RAM/mem_reg_164__3_/CK (SDFFRQX1M)                      0.00      99.80 r
  library setup time                                     -0.41      99.39
  data required time                                                99.39
  --------------------------------------------------------------------------
  data required time                                                99.39
  data arrival time                                                -30.60
  --------------------------------------------------------------------------
  slack (MET)                                                       68.80


  Startpoint: MOSI (input port clocked by clk)
  Endpoint: RAM/mem_reg_165__3_
            (rising edge-triggered flip-flop clocked by clk)
  Path Group: clk
  Path Type: max

  Des/Clust/Port     Wire Load Model       Library
  ------------------------------------------------
  SPI_Wrapper        tsmc13_wl30           scmetro_tsmc_cl013g_rvt_ff_1p32v_m40c

  Point                                                   Incr       Path
  --------------------------------------------------------------------------
  clock clk (rise edge)                                   0.00       0.00
  clock network delay (ideal)                             0.00       0.00
  input external delay                                   20.00      20.00 r
  MOSI (in)                                               0.17      20.17 r
  U4/Y (CLKBUFX2M)                                        0.65      20.82 r
  SPI_slave/MOSI (SPI_Slave_test_1)                       0.00      20.82 r
  SPI_slave/U8/Y (INVXLM)                                 0.59      21.41 f
  SPI_slave/U27/Y (NOR3X6M)                               0.85      22.26 r
  SPI_slave/U33/Y (NAND2X2M)                              0.99      23.25 f
  SPI_slave/U42/Y (NOR3X4M)                               0.93      24.18 r
  SPI_slave/rx_data[3] (SPI_Slave_test_1)                 0.00      24.18 r
  RAM/din[3] (single_port_Ram_test_1)                     0.00      24.18 r
  RAM/U6777/Y (CLKINVX2M)                                 1.08      25.25 f
  RAM/U6746/Y (CLKBUFX2M)                                 1.06      26.32 f
  RAM/U6674/Y (CLKBUFX2M)                                 1.06      27.38 f
  RAM/U6550/Y (CLKBUFX8M)                                 1.13      28.50 f
  RAM/U6542/Y (CLKBUFX8M)                                 1.14      29.64 f
  RAM/U8225/Y (OAI2BB2X1M)                                0.96      30.60 r
  RAM/mem_reg_165__3_/D (SDFFRQX1M)                       0.00      30.60 r
  data arrival time                                                 30.60

  clock clk (rise edge)                                 100.00     100.00
  clock network delay (ideal)                             0.00     100.00
  clock uncertainty                                      -0.20      99.80
  RAM/mem_reg_165__3_/CK (SDFFRQX1M)                      0.00      99.80 r
  library setup time                                     -0.41      99.39
  data required time                                                99.39
  --------------------------------------------------------------------------
  data required time                                                99.39
  data arrival time                                                -30.60
  --------------------------------------------------------------------------
  slack (MET)                                                       68.80


  Startpoint: MOSI (input port clocked by clk)
  Endpoint: RAM/mem_reg_166__3_
            (rising edge-triggered flip-flop clocked by clk)
  Path Group: clk
  Path Type: max

  Des/Clust/Port     Wire Load Model       Library
  ------------------------------------------------
  SPI_Wrapper        tsmc13_wl30           scmetro_tsmc_cl013g_rvt_ff_1p32v_m40c

  Point                                                   Incr       Path
  --------------------------------------------------------------------------
  clock clk (rise edge)                                   0.00       0.00
  clock network delay (ideal)                             0.00       0.00
  input external delay                                   20.00      20.00 r
  MOSI (in)                                               0.17      20.17 r
  U4/Y (CLKBUFX2M)                                        0.65      20.82 r
  SPI_slave/MOSI (SPI_Slave_test_1)                       0.00      20.82 r
  SPI_slave/U8/Y (INVXLM)                                 0.59      21.41 f
  SPI_slave/U27/Y (NOR3X6M)                               0.85      22.26 r
  SPI_slave/U33/Y (NAND2X2M)                              0.99      23.25 f
  SPI_slave/U42/Y (NOR3X4M)                               0.93      24.18 r
  SPI_slave/rx_data[3] (SPI_Slave_test_1)                 0.00      24.18 r
  RAM/din[3] (single_port_Ram_test_1)                     0.00      24.18 r
  RAM/U6777/Y (CLKINVX2M)                                 1.08      25.25 f
  RAM/U6746/Y (CLKBUFX2M)                                 1.06      26.32 f
  RAM/U6674/Y (CLKBUFX2M)                                 1.06      27.38 f
  RAM/U6550/Y (CLKBUFX8M)                                 1.13      28.50 f
  RAM/U6542/Y (CLKBUFX8M)                                 1.14      29.64 f
  RAM/U8233/Y (OAI2BB2X1M)                                0.96      30.60 r
  RAM/mem_reg_166__3_/D (SDFFRQX1M)                       0.00      30.60 r
  data arrival time                                                 30.60

  clock clk (rise edge)                                 100.00     100.00
  clock network delay (ideal)                             0.00     100.00
  clock uncertainty                                      -0.20      99.80
  RAM/mem_reg_166__3_/CK (SDFFRQX1M)                      0.00      99.80 r
  library setup time                                     -0.41      99.39
  data required time                                                99.39
  --------------------------------------------------------------------------
  data required time                                                99.39
  data arrival time                                                -30.60
  --------------------------------------------------------------------------
  slack (MET)                                                       68.80


  Startpoint: MOSI (input port clocked by clk)
  Endpoint: RAM/mem_reg_167__3_
            (rising edge-triggered flip-flop clocked by clk)
  Path Group: clk
  Path Type: max

  Des/Clust/Port     Wire Load Model       Library
  ------------------------------------------------
  SPI_Wrapper        tsmc13_wl30           scmetro_tsmc_cl013g_rvt_ff_1p32v_m40c

  Point                                                   Incr       Path
  --------------------------------------------------------------------------
  clock clk (rise edge)                                   0.00       0.00
  clock network delay (ideal)                             0.00       0.00
  input external delay                                   20.00      20.00 r
  MOSI (in)                                               0.17      20.17 r
  U4/Y (CLKBUFX2M)                                        0.65      20.82 r
  SPI_slave/MOSI (SPI_Slave_test_1)                       0.00      20.82 r
  SPI_slave/U8/Y (INVXLM)                                 0.59      21.41 f
  SPI_slave/U27/Y (NOR3X6M)                               0.85      22.26 r
  SPI_slave/U33/Y (NAND2X2M)                              0.99      23.25 f
  SPI_slave/U42/Y (NOR3X4M)                               0.93      24.18 r
  SPI_slave/rx_data[3] (SPI_Slave_test_1)                 0.00      24.18 r
  RAM/din[3] (single_port_Ram_test_1)                     0.00      24.18 r
  RAM/U6777/Y (CLKINVX2M)                                 1.08      25.25 f
  RAM/U6746/Y (CLKBUFX2M)                                 1.06      26.32 f
  RAM/U6674/Y (CLKBUFX2M)                                 1.06      27.38 f
  RAM/U6550/Y (CLKBUFX8M)                                 1.13      28.50 f
  RAM/U6542/Y (CLKBUFX8M)                                 1.14      29.64 f
  RAM/U8241/Y (OAI2BB2X1M)                                0.96      30.60 r
  RAM/mem_reg_167__3_/D (SDFFRQX1M)                       0.00      30.60 r
  data arrival time                                                 30.60

  clock clk (rise edge)                                 100.00     100.00
  clock network delay (ideal)                             0.00     100.00
  clock uncertainty                                      -0.20      99.80
  RAM/mem_reg_167__3_/CK (SDFFRQX1M)                      0.00      99.80 r
  library setup time                                     -0.41      99.39
  data required time                                                99.39
  --------------------------------------------------------------------------
  data required time                                                99.39
  data arrival time                                                -30.60
  --------------------------------------------------------------------------
  slack (MET)                                                       68.80


  Startpoint: MOSI (input port clocked by clk)
  Endpoint: RAM/mem_reg_66__3_
            (rising edge-triggered flip-flop clocked by clk)
  Path Group: clk
  Path Type: max

  Des/Clust/Port     Wire Load Model       Library
  ------------------------------------------------
  SPI_Wrapper        tsmc13_wl30           scmetro_tsmc_cl013g_rvt_ff_1p32v_m40c

  Point                                                   Incr       Path
  --------------------------------------------------------------------------
  clock clk (rise edge)                                   0.00       0.00
  clock network delay (ideal)                             0.00       0.00
  input external delay                                   20.00      20.00 r
  MOSI (in)                                               0.17      20.17 r
  U4/Y (CLKBUFX2M)                                        0.65      20.82 r
  SPI_slave/MOSI (SPI_Slave_test_1)                       0.00      20.82 r
  SPI_slave/U8/Y (INVXLM)                                 0.59      21.41 f
  SPI_slave/U27/Y (NOR3X6M)                               0.85      22.26 r
  SPI_slave/U33/Y (NAND2X2M)                              0.99      23.25 f
  SPI_slave/U42/Y (NOR3X4M)                               0.93      24.18 r
  SPI_slave/rx_data[3] (SPI_Slave_test_1)                 0.00      24.18 r
  RAM/din[3] (single_port_Ram_test_1)                     0.00      24.18 r
  RAM/U6777/Y (CLKINVX2M)                                 1.08      25.25 f
  RAM/U6746/Y (CLKBUFX2M)                                 1.06      26.32 f
  RAM/U6674/Y (CLKBUFX2M)                                 1.06      27.38 f
  RAM/U6550/Y (CLKBUFX8M)                                 1.13      28.50 f
  RAM/U6542/Y (CLKBUFX8M)                                 1.14      29.64 f
  RAM/U7433/Y (OAI2BB2X1M)                                0.96      30.60 r
  RAM/mem_reg_66__3_/D (SDFFRQX1M)                        0.00      30.60 r
  data arrival time                                                 30.60

  clock clk (rise edge)                                 100.00     100.00
  clock network delay (ideal)                             0.00     100.00
  clock uncertainty                                      -0.20      99.80
  RAM/mem_reg_66__3_/CK (SDFFRQX1M)                       0.00      99.80 r
  library setup time                                     -0.41      99.39
  data required time                                                99.39
  --------------------------------------------------------------------------
  data required time                                                99.39
  data arrival time                                                -30.60
  --------------------------------------------------------------------------
  slack (MET)                                                       68.80


  Startpoint: MOSI (input port clocked by clk)
  Endpoint: RAM/mem_reg_74__3_
            (rising edge-triggered flip-flop clocked by clk)
  Path Group: clk
  Path Type: max

  Des/Clust/Port     Wire Load Model       Library
  ------------------------------------------------
  SPI_Wrapper        tsmc13_wl30           scmetro_tsmc_cl013g_rvt_ff_1p32v_m40c

  Point                                                   Incr       Path
  --------------------------------------------------------------------------
  clock clk (rise edge)                                   0.00       0.00
  clock network delay (ideal)                             0.00       0.00
  input external delay                                   20.00      20.00 r
  MOSI (in)                                               0.17      20.17 r
  U4/Y (CLKBUFX2M)                                        0.65      20.82 r
  SPI_slave/MOSI (SPI_Slave_test_1)                       0.00      20.82 r
  SPI_slave/U8/Y (INVXLM)                                 0.59      21.41 f
  SPI_slave/U27/Y (NOR3X6M)                               0.85      22.26 r
  SPI_slave/U33/Y (NAND2X2M)                              0.99      23.25 f
  SPI_slave/U42/Y (NOR3X4M)                               0.93      24.18 r
  SPI_slave/rx_data[3] (SPI_Slave_test_1)                 0.00      24.18 r
  RAM/din[3] (single_port_Ram_test_1)                     0.00      24.18 r
  RAM/U6777/Y (CLKINVX2M)                                 1.08      25.25 f
  RAM/U6746/Y (CLKBUFX2M)                                 1.06      26.32 f
  RAM/U6674/Y (CLKBUFX2M)                                 1.06      27.38 f
  RAM/U6550/Y (CLKBUFX8M)                                 1.13      28.50 f
  RAM/U6542/Y (CLKBUFX8M)                                 1.14      29.64 f
  RAM/U7497/Y (OAI2BB2X1M)                                0.96      30.60 r
  RAM/mem_reg_74__3_/D (SDFFRQX1M)                        0.00      30.60 r
  data arrival time                                                 30.60

  clock clk (rise edge)                                 100.00     100.00
  clock network delay (ideal)                             0.00     100.00
  clock uncertainty                                      -0.20      99.80
  RAM/mem_reg_74__3_/CK (SDFFRQX1M)                       0.00      99.80 r
  library setup time                                     -0.41      99.39
  data required time                                                99.39
  --------------------------------------------------------------------------
  data required time                                                99.39
  data arrival time                                                -30.60
  --------------------------------------------------------------------------
  slack (MET)                                                       68.80


  Startpoint: MOSI (input port clocked by clk)
  Endpoint: RAM/mem_reg_105__3_
            (rising edge-triggered flip-flop clocked by clk)
  Path Group: clk
  Path Type: max

  Des/Clust/Port     Wire Load Model       Library
  ------------------------------------------------
  SPI_Wrapper        tsmc13_wl30           scmetro_tsmc_cl013g_rvt_ff_1p32v_m40c

  Point                                                   Incr       Path
  --------------------------------------------------------------------------
  clock clk (rise edge)                                   0.00       0.00
  clock network delay (ideal)                             0.00       0.00
  input external delay                                   20.00      20.00 r
  MOSI (in)                                               0.17      20.17 r
  U4/Y (CLKBUFX2M)                                        0.65      20.82 r
  SPI_slave/MOSI (SPI_Slave_test_1)                       0.00      20.82 r
  SPI_slave/U8/Y (INVXLM)                                 0.59      21.41 f
  SPI_slave/U27/Y (NOR3X6M)                               0.85      22.26 r
  SPI_slave/U33/Y (NAND2X2M)                              0.99      23.25 f
  SPI_slave/U42/Y (NOR3X4M)                               0.93      24.18 r
  SPI_slave/rx_data[3] (SPI_Slave_test_1)                 0.00      24.18 r
  RAM/din[3] (single_port_Ram_test_1)                     0.00      24.18 r
  RAM/U6777/Y (CLKINVX2M)                                 1.08      25.25 f
  RAM/U6746/Y (CLKBUFX2M)                                 1.06      26.32 f
  RAM/U6674/Y (CLKBUFX2M)                                 1.06      27.38 f
  RAM/U6550/Y (CLKBUFX8M)                                 1.13      28.50 f
  RAM/U6542/Y (CLKBUFX8M)                                 1.14      29.64 f
  RAM/U7745/Y (OAI2BB2X1M)                                0.96      30.60 r
  RAM/mem_reg_105__3_/D (SDFFRQX1M)                       0.00      30.60 r
  data arrival time                                                 30.60

  clock clk (rise edge)                                 100.00     100.00
  clock network delay (ideal)                             0.00     100.00
  clock uncertainty                                      -0.20      99.80
  RAM/mem_reg_105__3_/CK (SDFFRQX1M)                      0.00      99.80 r
  library setup time                                     -0.41      99.39
  data required time                                                99.39
  --------------------------------------------------------------------------
  data required time                                                99.39
  data arrival time                                                -30.60
  --------------------------------------------------------------------------
  slack (MET)                                                       68.80


  Startpoint: MOSI (input port clocked by clk)
  Endpoint: RAM/mem_reg_87__3_
            (rising edge-triggered flip-flop clocked by clk)
  Path Group: clk
  Path Type: max

  Des/Clust/Port     Wire Load Model       Library
  ------------------------------------------------
  SPI_Wrapper        tsmc13_wl30           scmetro_tsmc_cl013g_rvt_ff_1p32v_m40c

  Point                                                   Incr       Path
  --------------------------------------------------------------------------
  clock clk (rise edge)                                   0.00       0.00
  clock network delay (ideal)                             0.00       0.00
  input external delay                                   20.00      20.00 r
  MOSI (in)                                               0.17      20.17 r
  U4/Y (CLKBUFX2M)                                        0.65      20.82 r
  SPI_slave/MOSI (SPI_Slave_test_1)                       0.00      20.82 r
  SPI_slave/U8/Y (INVXLM)                                 0.59      21.41 f
  SPI_slave/U27/Y (NOR3X6M)                               0.85      22.26 r
  SPI_slave/U33/Y (NAND2X2M)                              0.99      23.25 f
  SPI_slave/U42/Y (NOR3X4M)                               0.93      24.18 r
  SPI_slave/rx_data[3] (SPI_Slave_test_1)                 0.00      24.18 r
  RAM/din[3] (single_port_Ram_test_1)                     0.00      24.18 r
  RAM/U6777/Y (CLKINVX2M)                                 1.08      25.25 f
  RAM/U6746/Y (CLKBUFX2M)                                 1.06      26.32 f
  RAM/U6674/Y (CLKBUFX2M)                                 1.06      27.38 f
  RAM/U6550/Y (CLKBUFX8M)                                 1.13      28.50 f
  RAM/U6542/Y (CLKBUFX8M)                                 1.14      29.64 f
  RAM/U7601/Y (OAI2BB2X1M)                                0.96      30.60 r
  RAM/mem_reg_87__3_/D (SDFFRQX1M)                        0.00      30.60 r
  data arrival time                                                 30.60

  clock clk (rise edge)                                 100.00     100.00
  clock network delay (ideal)                             0.00     100.00
  clock uncertainty                                      -0.20      99.80
  RAM/mem_reg_87__3_/CK (SDFFRQX1M)                       0.00      99.80 r
  library setup time                                     -0.41      99.39
  data required time                                                99.39
  --------------------------------------------------------------------------
  data required time                                                99.39
  data arrival time                                                -30.60
  --------------------------------------------------------------------------
  slack (MET)                                                       68.80


  Startpoint: MOSI (input port clocked by clk)
  Endpoint: RAM/mem_reg_172__3_
            (rising edge-triggered flip-flop clocked by clk)
  Path Group: clk
  Path Type: max

  Des/Clust/Port     Wire Load Model       Library
  ------------------------------------------------
  SPI_Wrapper        tsmc13_wl30           scmetro_tsmc_cl013g_rvt_ff_1p32v_m40c

  Point                                                   Incr       Path
  --------------------------------------------------------------------------
  clock clk (rise edge)                                   0.00       0.00
  clock network delay (ideal)                             0.00       0.00
  input external delay                                   20.00      20.00 r
  MOSI (in)                                               0.17      20.17 r
  U4/Y (CLKBUFX2M)                                        0.65      20.82 r
  SPI_slave/MOSI (SPI_Slave_test_1)                       0.00      20.82 r
  SPI_slave/U8/Y (INVXLM)                                 0.59      21.41 f
  SPI_slave/U27/Y (NOR3X6M)                               0.85      22.26 r
  SPI_slave/U33/Y (NAND2X2M)                              0.99      23.25 f
  SPI_slave/U42/Y (NOR3X4M)                               0.93      24.18 r
  SPI_slave/rx_data[3] (SPI_Slave_test_1)                 0.00      24.18 r
  RAM/din[3] (single_port_Ram_test_1)                     0.00      24.18 r
  RAM/U6777/Y (CLKINVX2M)                                 1.08      25.25 f
  RAM/U6746/Y (CLKBUFX2M)                                 1.06      26.32 f
  RAM/U6674/Y (CLKBUFX2M)                                 1.06      27.38 f
  RAM/U6550/Y (CLKBUFX8M)                                 1.13      28.50 f
  RAM/U6542/Y (CLKBUFX8M)                                 1.14      29.64 f
  RAM/U8281/Y (OAI2BB2X1M)                                0.96      30.60 r
  RAM/mem_reg_172__3_/D (SDFFRQX1M)                       0.00      30.60 r
  data arrival time                                                 30.60

  clock clk (rise edge)                                 100.00     100.00
  clock network delay (ideal)                             0.00     100.00
  clock uncertainty                                      -0.20      99.80
  RAM/mem_reg_172__3_/CK (SDFFRQX1M)                      0.00      99.80 r
  library setup time                                     -0.41      99.39
  data required time                                                99.39
  --------------------------------------------------------------------------
  data required time                                                99.39
  data arrival time                                                -30.60
  --------------------------------------------------------------------------
  slack (MET)                                                       68.80


  Startpoint: MOSI (input port clocked by clk)
  Endpoint: RAM/mem_reg_173__3_
            (rising edge-triggered flip-flop clocked by clk)
  Path Group: clk
  Path Type: max

  Des/Clust/Port     Wire Load Model       Library
  ------------------------------------------------
  SPI_Wrapper        tsmc13_wl30           scmetro_tsmc_cl013g_rvt_ff_1p32v_m40c

  Point                                                   Incr       Path
  --------------------------------------------------------------------------
  clock clk (rise edge)                                   0.00       0.00
  clock network delay (ideal)                             0.00       0.00
  input external delay                                   20.00      20.00 r
  MOSI (in)                                               0.17      20.17 r
  U4/Y (CLKBUFX2M)                                        0.65      20.82 r
  SPI_slave/MOSI (SPI_Slave_test_1)                       0.00      20.82 r
  SPI_slave/U8/Y (INVXLM)                                 0.59      21.41 f
  SPI_slave/U27/Y (NOR3X6M)                               0.85      22.26 r
  SPI_slave/U33/Y (NAND2X2M)                              0.99      23.25 f
  SPI_slave/U42/Y (NOR3X4M)                               0.93      24.18 r
  SPI_slave/rx_data[3] (SPI_Slave_test_1)                 0.00      24.18 r
  RAM/din[3] (single_port_Ram_test_1)                     0.00      24.18 r
  RAM/U6777/Y (CLKINVX2M)                                 1.08      25.25 f
  RAM/U6746/Y (CLKBUFX2M)                                 1.06      26.32 f
  RAM/U6674/Y (CLKBUFX2M)                                 1.06      27.38 f
  RAM/U6550/Y (CLKBUFX8M)                                 1.13      28.50 f
  RAM/U6542/Y (CLKBUFX8M)                                 1.14      29.64 f
  RAM/U8289/Y (OAI2BB2X1M)                                0.96      30.60 r
  RAM/mem_reg_173__3_/D (SDFFRQX1M)                       0.00      30.60 r
  data arrival time                                                 30.60

  clock clk (rise edge)                                 100.00     100.00
  clock network delay (ideal)                             0.00     100.00
  clock uncertainty                                      -0.20      99.80
  RAM/mem_reg_173__3_/CK (SDFFRQX1M)                      0.00      99.80 r
  library setup time                                     -0.41      99.39
  data required time                                                99.39
  --------------------------------------------------------------------------
  data required time                                                99.39
  data arrival time                                                -30.60
  --------------------------------------------------------------------------
  slack (MET)                                                       68.80


  Startpoint: MOSI (input port clocked by clk)
  Endpoint: RAM/mem_reg_174__3_
            (rising edge-triggered flip-flop clocked by clk)
  Path Group: clk
  Path Type: max

  Des/Clust/Port     Wire Load Model       Library
  ------------------------------------------------
  SPI_Wrapper        tsmc13_wl30           scmetro_tsmc_cl013g_rvt_ff_1p32v_m40c

  Point                                                   Incr       Path
  --------------------------------------------------------------------------
  clock clk (rise edge)                                   0.00       0.00
  clock network delay (ideal)                             0.00       0.00
  input external delay                                   20.00      20.00 r
  MOSI (in)                                               0.17      20.17 r
  U4/Y (CLKBUFX2M)                                        0.65      20.82 r
  SPI_slave/MOSI (SPI_Slave_test_1)                       0.00      20.82 r
  SPI_slave/U8/Y (INVXLM)                                 0.59      21.41 f
  SPI_slave/U27/Y (NOR3X6M)                               0.85      22.26 r
  SPI_slave/U33/Y (NAND2X2M)                              0.99      23.25 f
  SPI_slave/U42/Y (NOR3X4M)                               0.93      24.18 r
  SPI_slave/rx_data[3] (SPI_Slave_test_1)                 0.00      24.18 r
  RAM/din[3] (single_port_Ram_test_1)                     0.00      24.18 r
  RAM/U6777/Y (CLKINVX2M)                                 1.08      25.25 f
  RAM/U6746/Y (CLKBUFX2M)                                 1.06      26.32 f
  RAM/U6674/Y (CLKBUFX2M)                                 1.06      27.38 f
  RAM/U6550/Y (CLKBUFX8M)                                 1.13      28.50 f
  RAM/U6542/Y (CLKBUFX8M)                                 1.14      29.64 f
  RAM/U8297/Y (OAI2BB2X1M)                                0.96      30.60 r
  RAM/mem_reg_174__3_/D (SDFFRQX1M)                       0.00      30.60 r
  data arrival time                                                 30.60

  clock clk (rise edge)                                 100.00     100.00
  clock network delay (ideal)                             0.00     100.00
  clock uncertainty                                      -0.20      99.80
  RAM/mem_reg_174__3_/CK (SDFFRQX1M)                      0.00      99.80 r
  library setup time                                     -0.41      99.39
  data required time                                                99.39
  --------------------------------------------------------------------------
  data required time                                                99.39
  data arrival time                                                -30.60
  --------------------------------------------------------------------------
  slack (MET)                                                       68.80


  Startpoint: MOSI (input port clocked by clk)
  Endpoint: RAM/mem_reg_175__3_
            (rising edge-triggered flip-flop clocked by clk)
  Path Group: clk
  Path Type: max

  Des/Clust/Port     Wire Load Model       Library
  ------------------------------------------------
  SPI_Wrapper        tsmc13_wl30           scmetro_tsmc_cl013g_rvt_ff_1p32v_m40c

  Point                                                   Incr       Path
  --------------------------------------------------------------------------
  clock clk (rise edge)                                   0.00       0.00
  clock network delay (ideal)                             0.00       0.00
  input external delay                                   20.00      20.00 r
  MOSI (in)                                               0.17      20.17 r
  U4/Y (CLKBUFX2M)                                        0.65      20.82 r
  SPI_slave/MOSI (SPI_Slave_test_1)                       0.00      20.82 r
  SPI_slave/U8/Y (INVXLM)                                 0.59      21.41 f
  SPI_slave/U27/Y (NOR3X6M)                               0.85      22.26 r
  SPI_slave/U33/Y (NAND2X2M)                              0.99      23.25 f
  SPI_slave/U42/Y (NOR3X4M)                               0.93      24.18 r
  SPI_slave/rx_data[3] (SPI_Slave_test_1)                 0.00      24.18 r
  RAM/din[3] (single_port_Ram_test_1)                     0.00      24.18 r
  RAM/U6777/Y (CLKINVX2M)                                 1.08      25.25 f
  RAM/U6746/Y (CLKBUFX2M)                                 1.06      26.32 f
  RAM/U6674/Y (CLKBUFX2M)                                 1.06      27.38 f
  RAM/U6550/Y (CLKBUFX8M)                                 1.13      28.50 f
  RAM/U6542/Y (CLKBUFX8M)                                 1.14      29.64 f
  RAM/U8305/Y (OAI2BB2X1M)                                0.96      30.60 r
  RAM/mem_reg_175__3_/D (SDFFRQX1M)                       0.00      30.60 r
  data arrival time                                                 30.60

  clock clk (rise edge)                                 100.00     100.00
  clock network delay (ideal)                             0.00     100.00
  clock uncertainty                                      -0.20      99.80
  RAM/mem_reg_175__3_/CK (SDFFRQX1M)                      0.00      99.80 r
  library setup time                                     -0.41      99.39
  data required time                                                99.39
  --------------------------------------------------------------------------
  data required time                                                99.39
  data arrival time                                                -30.60
  --------------------------------------------------------------------------
  slack (MET)                                                       68.80


  Startpoint: MOSI (input port clocked by clk)
  Endpoint: RAM/mem_reg_8__3_
            (rising edge-triggered flip-flop clocked by clk)
  Path Group: clk
  Path Type: max

  Des/Clust/Port     Wire Load Model       Library
  ------------------------------------------------
  SPI_Wrapper        tsmc13_wl30           scmetro_tsmc_cl013g_rvt_ff_1p32v_m40c

  Point                                                   Incr       Path
  --------------------------------------------------------------------------
  clock clk (rise edge)                                   0.00       0.00
  clock network delay (ideal)                             0.00       0.00
  input external delay                                   20.00      20.00 r
  MOSI (in)                                               0.17      20.17 r
  U4/Y (CLKBUFX2M)                                        0.65      20.82 r
  SPI_slave/MOSI (SPI_Slave_test_1)                       0.00      20.82 r
  SPI_slave/U8/Y (INVXLM)                                 0.59      21.41 f
  SPI_slave/U27/Y (NOR3X6M)                               0.85      22.26 r
  SPI_slave/U33/Y (NAND2X2M)                              0.99      23.25 f
  SPI_slave/U42/Y (NOR3X4M)                               0.93      24.18 r
  SPI_slave/rx_data[3] (SPI_Slave_test_1)                 0.00      24.18 r
  RAM/din[3] (single_port_Ram_test_1)                     0.00      24.18 r
  RAM/U6777/Y (CLKINVX2M)                                 1.08      25.25 f
  RAM/U6746/Y (CLKBUFX2M)                                 1.06      26.32 f
  RAM/U6674/Y (CLKBUFX2M)                                 1.06      27.38 f
  RAM/U6564/Y (CLKBUFX8M)                                 1.13      28.50 f
  RAM/U6644/Y (CLKBUFX8M)                                 1.14      29.64 f
  RAM/U7081/Y (OAI2BB2X1M)                                0.96      30.60 r
  RAM/mem_reg_8__3_/D (SDFFRQX1M)                         0.00      30.60 r
  data arrival time                                                 30.60

  clock clk (rise edge)                                 100.00     100.00
  clock network delay (ideal)                             0.00     100.00
  clock uncertainty                                      -0.20      99.80
  RAM/mem_reg_8__3_/CK (SDFFRQX1M)                        0.00      99.80 r
  library setup time                                     -0.41      99.39
  data required time                                                99.39
  --------------------------------------------------------------------------
  data required time                                                99.39
  data arrival time                                                -30.60
  --------------------------------------------------------------------------
  slack (MET)                                                       68.80


  Startpoint: MOSI (input port clocked by clk)
  Endpoint: RAM/mem_reg_9__3_
            (rising edge-triggered flip-flop clocked by clk)
  Path Group: clk
  Path Type: max

  Des/Clust/Port     Wire Load Model       Library
  ------------------------------------------------
  SPI_Wrapper        tsmc13_wl30           scmetro_tsmc_cl013g_rvt_ff_1p32v_m40c

  Point                                                   Incr       Path
  --------------------------------------------------------------------------
  clock clk (rise edge)                                   0.00       0.00
  clock network delay (ideal)                             0.00       0.00
  input external delay                                   20.00      20.00 r
  MOSI (in)                                               0.17      20.17 r
  U4/Y (CLKBUFX2M)                                        0.65      20.82 r
  SPI_slave/MOSI (SPI_Slave_test_1)                       0.00      20.82 r
  SPI_slave/U8/Y (INVXLM)                                 0.59      21.41 f
  SPI_slave/U27/Y (NOR3X6M)                               0.85      22.26 r
  SPI_slave/U33/Y (NAND2X2M)                              0.99      23.25 f
  SPI_slave/U42/Y (NOR3X4M)                               0.93      24.18 r
  SPI_slave/rx_data[3] (SPI_Slave_test_1)                 0.00      24.18 r
  RAM/din[3] (single_port_Ram_test_1)                     0.00      24.18 r
  RAM/U6777/Y (CLKINVX2M)                                 1.08      25.25 f
  RAM/U6746/Y (CLKBUFX2M)                                 1.06      26.32 f
  RAM/U6674/Y (CLKBUFX2M)                                 1.06      27.38 f
  RAM/U6564/Y (CLKBUFX8M)                                 1.13      28.50 f
  RAM/U6644/Y (CLKBUFX8M)                                 1.14      29.64 f
  RAM/U6971/Y (OAI2BB2X1M)                                0.96      30.60 r
  RAM/mem_reg_9__3_/D (SDFFRQX1M)                         0.00      30.60 r
  data arrival time                                                 30.60

  clock clk (rise edge)                                 100.00     100.00
  clock network delay (ideal)                             0.00     100.00
  clock uncertainty                                      -0.20      99.80
  RAM/mem_reg_9__3_/CK (SDFFRQX1M)                        0.00      99.80 r
  library setup time                                     -0.41      99.39
  data required time                                                99.39
  --------------------------------------------------------------------------
  data required time                                                99.39
  data arrival time                                                -30.60
  --------------------------------------------------------------------------
  slack (MET)                                                       68.80


  Startpoint: MOSI (input port clocked by clk)
  Endpoint: RAM/mem_reg_10__3_
            (rising edge-triggered flip-flop clocked by clk)
  Path Group: clk
  Path Type: max

  Des/Clust/Port     Wire Load Model       Library
  ------------------------------------------------
  SPI_Wrapper        tsmc13_wl30           scmetro_tsmc_cl013g_rvt_ff_1p32v_m40c

  Point                                                   Incr       Path
  --------------------------------------------------------------------------
  clock clk (rise edge)                                   0.00       0.00
  clock network delay (ideal)                             0.00       0.00
  input external delay                                   20.00      20.00 r
  MOSI (in)                                               0.17      20.17 r
  U4/Y (CLKBUFX2M)                                        0.65      20.82 r
  SPI_slave/MOSI (SPI_Slave_test_1)                       0.00      20.82 r
  SPI_slave/U8/Y (INVXLM)                                 0.59      21.41 f
  SPI_slave/U27/Y (NOR3X6M)                               0.85      22.26 r
  SPI_slave/U33/Y (NAND2X2M)                              0.99      23.25 f
  SPI_slave/U42/Y (NOR3X4M)                               0.93      24.18 r
  SPI_slave/rx_data[3] (SPI_Slave_test_1)                 0.00      24.18 r
  RAM/din[3] (single_port_Ram_test_1)                     0.00      24.18 r
  RAM/U6777/Y (CLKINVX2M)                                 1.08      25.25 f
  RAM/U6746/Y (CLKBUFX2M)                                 1.06      26.32 f
  RAM/U6674/Y (CLKBUFX2M)                                 1.06      27.38 f
  RAM/U6564/Y (CLKBUFX8M)                                 1.13      28.50 f
  RAM/U6644/Y (CLKBUFX8M)                                 1.14      29.64 f
  RAM/U6979/Y (OAI2BB2X1M)                                0.96      30.60 r
  RAM/mem_reg_10__3_/D (SDFFRQX1M)                        0.00      30.60 r
  data arrival time                                                 30.60

  clock clk (rise edge)                                 100.00     100.00
  clock network delay (ideal)                             0.00     100.00
  clock uncertainty                                      -0.20      99.80
  RAM/mem_reg_10__3_/CK (SDFFRQX1M)                       0.00      99.80 r
  library setup time                                     -0.41      99.39
  data required time                                                99.39
  --------------------------------------------------------------------------
  data required time                                                99.39
  data arrival time                                                -30.60
  --------------------------------------------------------------------------
  slack (MET)                                                       68.80


  Startpoint: MOSI (input port clocked by clk)
  Endpoint: RAM/mem_reg_11__3_
            (rising edge-triggered flip-flop clocked by clk)
  Path Group: clk
  Path Type: max

  Des/Clust/Port     Wire Load Model       Library
  ------------------------------------------------
  SPI_Wrapper        tsmc13_wl30           scmetro_tsmc_cl013g_rvt_ff_1p32v_m40c

  Point                                                   Incr       Path
  --------------------------------------------------------------------------
  clock clk (rise edge)                                   0.00       0.00
  clock network delay (ideal)                             0.00       0.00
  input external delay                                   20.00      20.00 r
  MOSI (in)                                               0.17      20.17 r
  U4/Y (CLKBUFX2M)                                        0.65      20.82 r
  SPI_slave/MOSI (SPI_Slave_test_1)                       0.00      20.82 r
  SPI_slave/U8/Y (INVXLM)                                 0.59      21.41 f
  SPI_slave/U27/Y (NOR3X6M)                               0.85      22.26 r
  SPI_slave/U33/Y (NAND2X2M)                              0.99      23.25 f
  SPI_slave/U42/Y (NOR3X4M)                               0.93      24.18 r
  SPI_slave/rx_data[3] (SPI_Slave_test_1)                 0.00      24.18 r
  RAM/din[3] (single_port_Ram_test_1)                     0.00      24.18 r
  RAM/U6777/Y (CLKINVX2M)                                 1.08      25.25 f
  RAM/U6746/Y (CLKBUFX2M)                                 1.06      26.32 f
  RAM/U6674/Y (CLKBUFX2M)                                 1.06      27.38 f
  RAM/U6564/Y (CLKBUFX8M)                                 1.13      28.50 f
  RAM/U6644/Y (CLKBUFX8M)                                 1.14      29.64 f
  RAM/U6987/Y (OAI2BB2X1M)                                0.96      30.60 r
  RAM/mem_reg_11__3_/D (SDFFRQX1M)                        0.00      30.60 r
  data arrival time                                                 30.60

  clock clk (rise edge)                                 100.00     100.00
  clock network delay (ideal)                             0.00     100.00
  clock uncertainty                                      -0.20      99.80
  RAM/mem_reg_11__3_/CK (SDFFRQX1M)                       0.00      99.80 r
  library setup time                                     -0.41      99.39
  data required time                                                99.39
  --------------------------------------------------------------------------
  data required time                                                99.39
  data arrival time                                                -30.60
  --------------------------------------------------------------------------
  slack (MET)                                                       68.80


1
